PROBEID,selected_folds,mean_coefficient,mean_absolute_coefficient,selection_frequency,SYMBOL,GENENAME,ENTREZID,NUMBER_OF_GENES,MAPPING_STATUS,MODEL_DIRECTION
212431_at,10,-0.2896646252157625,0.2896646252157625,1.0,HMGXB3,HMG box domain containing 3,22993,1,Unique,Higher value associated with RD prediction
204012_s_at,10,-0.218136959043909,0.218136959043909,1.0,LCMT2,leucine carboxyl methyltransferase 2,9836,1,Unique,Higher value associated with RD prediction
206373_at,10,0.2049371364971123,0.2049371364971123,1.0,ZIC1,Zic family member 1,7545,1,Unique,Higher value associated with pCR prediction
214231_s_at,10,-0.18322953482140417,0.18322953482140417,1.0,VWA8,von Willebrand factor A domain containing 8,23078,1,Unique,Higher value associated with RD prediction
215233_at,10,0.181315449577847,0.18131544957784704,1.0,JMJD6,jumonji domain containing 6,23210,1,Unique,Higher value associated with pCR prediction
211620_x_at,10,0.18055644895249084,0.18055644895249084,1.0,LOC100506403 /// LOC101928269 /// RUNX1,uncharacterized LOC100506403 /// uncharacterized LOC101928269 /// runt-related transcription factor 1,861 /// 100506403 /// 101928269,3,Multiple genes,Higher value associated with pCR prediction
214960_at,10,0.1765874928767513,0.1765874928767513,1.0,API5,apoptosis inhibitor 5,8539,1,Unique,Higher value associated with pCR prediction
208854_s_at,10,0.16048397844839568,0.1604839784483957,1.0,STK24,serine/threonine kinase 24,8428,1,Unique,Higher value associated with pCR prediction
205163_at,10,-0.1495637437112805,0.1495637437112805,1.0,MYLPF,"myosin light chain, phosphorylatable, fast skeletal muscle",29895,1,Unique,Higher value associated with RD prediction
219051_x_at,10,-0.14743167664026535,0.14743167664026538,1.0,METRN,"meteorin, glial cell differentiation regulator",79006,1,Unique,Higher value associated with RD prediction
216313_at,10,0.14295372157084216,0.14295372157084216,1.0,PCDHB17,protocadherin beta 17 pseudogene,54661,1,Unique,Higher value associated with pCR prediction
210084_x_at,10,-0.1330821156610304,0.1330821156610304,1.0,TPSAB1,tryptase alpha/beta 1,7177,1,Unique,Higher value associated with RD prediction
204775_at,10,0.09938967349301502,0.099389673493015,1.0,CHAF1B,"chromatin assembly factor 1, subunit B (p60)",8208,1,Unique,Higher value associated with pCR prediction
215943_at,10,-0.05580774792919339,0.055807747929193394,1.0,KIAA1661,KIAA1661 protein,85375,1,Unique,Higher value associated with RD prediction
205963_s_at,9,-0.19620409803778807,0.19620409803778807,0.9,DNAJA3,"DnaJ (Hsp40) homolog, subfamily A, member 3",9093,1,Unique,Higher value associated with RD prediction
204568_at,9,-0.17607282099247096,0.17607282099247096,0.9,ATG14,autophagy related 14,22863,1,Unique,Higher value associated with RD prediction
219005_at,9,0.17421368404576482,0.1742136840457648,0.9,TMEM59L,transmembrane protein 59-like,25789,1,Unique,Higher value associated with pCR prediction
219730_at,9,-0.16745465714441454,0.16745465714441457,0.9,LOC100996782 /// MED18,mediator of RNA polymerase II transcription subunit 18-like /// mediator complex subunit 18,54797 /// 100996782,2,Multiple genes,Higher value associated with RD prediction
217352_at,9,0.16441821081610142,0.16441821081610142,0.9,GS1-164F24.1,,,1,Unique,Higher value associated with pCR prediction
207695_s_at,9,0.1478429221947799,0.1478429221947799,0.9,IGSF1,"immunoglobulin superfamily, member 1",3547,1,Unique,Higher value associated with pCR prediction
205347_s_at,9,0.14326823597949112,0.14326823597949112,0.9,TMSB15A /// TMSB15B,thymosin beta 15a /// thymosin beta 15B,11013 /// 286527,2,Multiple genes,Higher value associated with pCR prediction
207015_s_at,9,-0.13951512165742744,0.13951512165742744,0.9,ALDH1A2,"aldehyde dehydrogenase 1 family, member A2",8854,1,Unique,Higher value associated with RD prediction
221363_x_at,9,0.13912466151950684,0.13912466151950684,0.9,GPR25,G protein-coupled receptor 25,2848,1,Unique,Higher value associated with pCR prediction
206459_s_at,9,-0.13343152413366655,0.13343152413366655,0.9,WNT2B,"wingless-type MMTV integration site family, member 2B",7482,1,Unique,Higher value associated with RD prediction
200011_s_at,9,-0.12967334160352298,0.12967334160352298,0.9,ARF3,ADP-ribosylation factor 3,377,1,Unique,Higher value associated with RD prediction
204001_at,9,0.1275391483739792,0.1275391483739792,0.9,SNAPC3,"small nuclear RNA activating complex, polypeptide 3, 50kDa",6619,1,Unique,Higher value associated with pCR prediction
204764_at,9,0.12204635039801465,0.12204635039801465,0.9,CHURC1-FNTB /// FNTB,"CHURC1-FNTB readthrough /// farnesyltransferase, CAAX box, beta",2342 /// 100529261,2,Multiple genes,Higher value associated with pCR prediction
206075_s_at,9,-0.11996959601823153,0.11996959601823153,0.9,CSNK2A1,"casein kinase 2, alpha 1 polypeptide",1457,1,Unique,Higher value associated with RD prediction
209644_x_at,9,0.11105517083901005,0.11105517083901006,0.9,CDKN2A,cyclin-dependent kinase inhibitor 2A,1029,1,Unique,Higher value associated with pCR prediction
206487_at,9,0.09522532501313385,0.09522532501313384,0.9,SUN1,Sad1 and UNC84 domain containing 1,23353,1,Unique,Higher value associated with pCR prediction
212682_s_at,9,0.08543314711034655,0.08543314711034654,0.9,LMF2,lipase maturation factor 2,91289,1,Unique,Higher value associated with pCR prediction
211425_x_at,9,-0.07945720887533965,0.07945720887533965,0.9,SSX4 /// SSX4B,"synovial sarcoma, X breakpoint 4 /// synovial sarcoma, X breakpoint 4B",6759 /// 548313,2,Multiple genes,Higher value associated with RD prediction
216167_at,9,-0.07829536504096903,0.07829536504096903,0.9,LRRN2,leucine rich repeat neuronal 2,10446,1,Unique,Higher value associated with RD prediction
217996_at,9,0.07820438840842038,0.07820438840842038,0.9,PHLDA1,"pleckstrin homology-like domain, family A, member 1",22822,1,Unique,Higher value associated with pCR prediction
215746_at,9,-0.07102865282600265,0.07102865282600265,0.9,,,,0,No gene symbol,Higher value associated with RD prediction
215339_at,9,0.06661424843459712,0.06661424843459712,0.9,NKTR,natural killer cell triggering receptor,4820,1,Unique,Higher value associated with pCR prediction
203001_s_at,9,-0.057981063921855126,0.057981063921855126,0.9,STMN2,stathmin 2,11075,1,Unique,Higher value associated with RD prediction
220907_at,8,0.21380716423322704,0.21380716423322704,0.8,GPR110,G protein-coupled receptor 110,266977,1,Unique,Higher value associated with pCR prediction
206952_at,8,-0.1787272524805754,0.1787272524805754,0.8,G6PC,"glucose-6-phosphatase, catalytic subunit",2538,1,Unique,Higher value associated with RD prediction
221383_at,8,0.17625245146630716,0.1762524514663072,0.8,NMUR1,neuromedin U receptor 1,10316,1,Unique,Higher value associated with pCR prediction
217254_s_at,8,-0.17100031302503452,0.17100031302503452,0.8,EPO,erythropoietin,2056,1,Unique,Higher value associated with RD prediction
89948_at,8,-0.1616436065940027,0.16164360659400268,0.8,PCIF1,PDX1 C-terminal inhibiting factor 1,63935,1,Unique,Higher value associated with RD prediction
203456_at,8,-0.14277229683995316,0.14277229683995318,0.8,PRAF2,"PRA1 domain family, member 2",11230,1,Unique,Higher value associated with RD prediction
208549_x_at,8,0.13309629248980154,0.13309629248980154,0.8,PTMA,"prothymosin, alpha",5757,1,Unique,Higher value associated with pCR prediction
201779_s_at,8,0.13211347510277938,0.13211347510277938,0.8,RNF13,ring finger protein 13,11342,1,Unique,Higher value associated with pCR prediction
208022_s_at,8,0.12752900746760218,0.12752900746760215,0.8,CDC14B,cell division cycle 14B,8555,1,Unique,Higher value associated with pCR prediction
204544_at,8,0.12745837751009723,0.12745837751009723,0.8,HPS5,Hermansky-Pudlak syndrome 5,11234,1,Unique,Higher value associated with pCR prediction
213233_s_at,8,0.12693850605236534,0.12693850605236534,0.8,KLHL9,kelch-like family member 9,55958,1,Unique,Higher value associated with pCR prediction
203778_at,8,-0.12236021970866859,0.1223602197086686,0.8,MANBA,"mannosidase, beta A, lysosomal",4126,1,Unique,Higher value associated with RD prediction
216786_at,8,0.11805528970405113,0.11805528970405114,0.8,FAM224A,"family with sequence similarity 224, member A (non-protein coding)",401630,1,Unique,Higher value associated with pCR prediction
207481_at,8,-0.11180027512249645,0.11180027512249645,0.8,,,,0,No gene symbol,Higher value associated with RD prediction
209686_at,8,0.1105314104774735,0.11053141047747349,0.8,S100B,S100 calcium binding protein B,6285,1,Unique,Higher value associated with pCR prediction
218902_at,8,0.10996910406707483,0.10996910406707483,0.8,NOTCH1,notch 1,4851,1,Unique,Higher value associated with pCR prediction
213838_at,8,0.10979861841048076,0.10979861841048076,0.8,NOL7,"nucleolar protein 7, 27kDa",51406,1,Unique,Higher value associated with pCR prediction
220820_at,8,-0.09610799540869726,0.09610799540869726,0.8,,,,0,No gene symbol,Higher value associated with RD prediction
215461_at,8,0.08146326198150124,0.08146326198150122,0.8,ZNRF4,zinc and ring finger 4,148066,1,Unique,Higher value associated with pCR prediction
216831_s_at,8,0.07899237731745046,0.07899237731745046,0.8,RUNX1T1,"runt-related transcription factor 1; translocated to, 1 (cyclin D-related)",862,1,Unique,Higher value associated with pCR prediction
203692_s_at,8,0.07895959300846778,0.07895959300846778,0.8,E2F3,E2F transcription factor 3,1871,1,Unique,Higher value associated with pCR prediction
201802_at,8,0.0725770901302795,0.0725770901302795,0.8,SLC29A1,"solute carrier family 29 (equilibrative nucleoside transporter), member 1",2030,1,Unique,Higher value associated with pCR prediction
AFFX-r2-Bs-lys-3_at,8,-0.07019911677737604,0.07019911677737606,0.8,,,,0,No gene symbol,Higher value associated with RD prediction
220281_at,8,0.06969344258052615,0.06969344258052615,0.8,SLC12A1,"solute carrier family 12 (sodium/potassium/chloride transporter), member 1",6557,1,Unique,Higher value associated with pCR prediction
209838_at,8,-0.0692179717894619,0.0692179717894619,0.8,COPS2,COP9 signalosome subunit 2,9318,1,Unique,Higher value associated with RD prediction
207707_s_at,8,0.06613671789583435,0.06613671789583436,0.8,SEC13,SEC13 homolog (S. cerevisiae),6396,1,Unique,Higher value associated with pCR prediction
205379_at,8,0.06308658908235043,0.06308658908235043,0.8,CBR3,carbonyl reductase 3,874,1,Unique,Higher value associated with pCR prediction
217363_x_at,8,-0.060488501291295294,0.060488501291295294,0.8,RPL22P22 /// RPL22P22,ribosomal protein L22 pseudogene 22 ///,,2,Multiple genes,Higher value associated with RD prediction
214279_s_at,8,0.05773079439532203,0.05773079439532203,0.8,NDRG2,NDRG family member 2,57447,1,Unique,Higher value associated with pCR prediction
215348_at,8,-0.056146844769063085,0.05614684476906308,0.8,ADCY1,adenylate cyclase 1 (brain),107,1,Unique,Higher value associated with RD prediction
203613_s_at,8,0.05395599104331932,0.05395599104331933,0.8,NDUFB6,"NADH dehydrogenase (ubiquinone) 1 beta subcomplex, 6, 17kDa",4712,1,Unique,Higher value associated with pCR prediction
206194_at,8,-0.04485820639369489,0.04485820639369488,0.8,HOXC4,homeobox C4,3221,1,Unique,Higher value associated with RD prediction
208926_at,8,0.0406347542536691,0.0406347542536691,0.8,NEU1,sialidase 1 (lysosomal sialidase),4758,1,Unique,Higher value associated with pCR prediction
218399_s_at,8,0.03265320016936632,0.03265320016936632,0.8,CDCA4,cell division cycle associated 4,55038,1,Unique,Higher value associated with pCR prediction
218350_s_at,8,0.030429926917718654,0.03042992691771865,0.8,GMNN,"geminin, DNA replication inhibitor",51053,1,Unique,Higher value associated with pCR prediction
203780_at,7,0.29537222521368356,0.2953722252136835,0.7,MPZL2,myelin protein zero-like 2,10205,1,Unique,Higher value associated with pCR prediction
205217_at,7,0.26477269250075547,0.26477269250075547,0.7,TIMM8A,translocase of inner mitochondrial membrane 8 homolog A (yeast),1678,1,Unique,Higher value associated with pCR prediction
207454_at,7,0.1946450800983137,0.1946450800983137,0.7,GRIK3,"glutamate receptor, ionotropic, kainate 3",2899,1,Unique,Higher value associated with pCR prediction
203916_at,7,-0.18423243247164608,0.18423243247164608,0.7,NDST2,N-deacetylase/N-sulfotransferase (heparan glucosaminyl) 2,8509,1,Unique,Higher value associated with RD prediction
216370_s_at,7,0.17668932204880172,0.17668932204880172,0.7,TKTL1,transketolase-like 1,8277,1,Unique,Higher value associated with pCR prediction
214832_at,7,-0.17635254116733348,0.17635254116733348,0.7,HNF4A,"hepatocyte nuclear factor 4, alpha",3172,1,Unique,Higher value associated with RD prediction
209050_s_at,7,0.1686198981557999,0.1686198981557999,0.7,RALGDS,ral guanine nucleotide dissociation stimulator,5900,1,Unique,Higher value associated with pCR prediction
211901_s_at,7,-0.16545200661160503,0.165452006611605,0.7,PDE4A,"phosphodiesterase 4A, cAMP-specific",5141,1,Unique,Higher value associated with RD prediction
221650_s_at,7,-0.15495586276935827,0.15495586276935822,0.7,LOC100996782 /// MED18,mediator of RNA polymerase II transcription subunit 18-like /// mediator complex subunit 18,54797 /// 100996782,2,Multiple genes,Higher value associated with RD prediction
213091_at,7,-0.1546328963027584,0.1546328963027584,0.7,CRTC1,CREB regulated transcription coactivator 1,23373,1,Unique,Higher value associated with RD prediction
204096_s_at,7,-0.14853510799198824,0.14853510799198819,0.7,ELL,elongation factor RNA polymerase II,8178,1,Unique,Higher value associated with RD prediction
220396_at,7,-0.1352606288589542,0.1352606288589542,0.7,SLC35E3,"solute carrier family 35, member E3",55508,1,Unique,Higher value associated with RD prediction
208921_s_at,7,-0.13518083409252685,0.13518083409252685,0.7,SRI,sorcin,6717,1,Unique,Higher value associated with RD prediction
217416_x_at,7,-0.12872483558895326,0.12872483558895326,0.7,,,,0,No gene symbol,Higher value associated with RD prediction
218905_at,7,-0.12625377863432466,0.12625377863432466,0.7,INTS8,integrator complex subunit 8,55656,1,Unique,Higher value associated with RD prediction
215825_at,7,-0.11849586439050318,0.11849586439050318,0.7,RP11-255C15.3,,,1,Unique,Higher value associated with RD prediction
215900_at,7,0.11841316965001784,0.11841316965001784,0.7,,,,0,No gene symbol,Higher value associated with pCR prediction
208641_s_at,7,0.11666185840968869,0.11666185840968869,0.7,RAC1,"ras-related C3 botulinum toxin substrate 1 (rho family, small GTP binding protein Rac1)",5879,1,Unique,Higher value associated with pCR prediction
222228_s_at,7,-0.11632929785069336,0.11632929785069335,0.7,ALKBH4,"alkB, alkylation repair homolog 4 (E. coli)",54784,1,Unique,Higher value associated with RD prediction
221441_at,7,0.11619658820778524,0.11619658820778525,0.7,GSC2,goosecoid homeobox 2,2928,1,Unique,Higher value associated with pCR prediction
217340_at,7,0.11291675994973883,0.11291675994973885,0.7,RP3-522P13.1,,,1,Unique,Higher value associated with pCR prediction
205298_s_at,7,0.11170392743224998,0.11170392743224998,0.7,BTN2A2,"butyrophilin, subfamily 2, member A2",10385,1,Unique,Higher value associated with pCR prediction
214353_at,7,0.11099565575272445,0.11099565575272445,0.7,,,,0,No gene symbol,Higher value associated with pCR prediction
203375_s_at,7,0.11059751677133856,0.11059751677133856,0.7,TPP2,tripeptidyl peptidase II,7174,1,Unique,Higher value associated with pCR prediction
217160_at,7,0.11017769723127388,0.11017769723127388,0.7,TSPY1,"testis specific protein, Y-linked 1",7258,1,Unique,Higher value associated with pCR prediction
210118_s_at,7,0.10762881862122128,0.10762881862122128,0.7,IL1A,"interleukin 1, alpha",3552,1,Unique,Higher value associated with pCR prediction
47553_at,7,0.10728843844833875,0.10728843844833873,0.7,DFNB31,"deafness, autosomal recessive 31",25861,1,Unique,Higher value associated with pCR prediction
206189_at,7,0.106549733266507,0.106549733266507,0.7,UNC5C,unc-5 homolog C (C. elegans),8633,1,Unique,Higher value associated with pCR prediction
219284_at,7,-0.1056708588239325,0.1056708588239325,0.7,HSPBAP1,HSPB (heat shock 27kDa) associated protein 1,79663,1,Unique,Higher value associated with RD prediction
208363_s_at,7,-0.10371179584730615,0.10371179584730615,0.7,INPP4A,"inositol polyphosphate-4-phosphatase, type I, 107kDa",3631,1,Unique,Higher value associated with RD prediction
206466_at,7,-0.10207194312296326,0.10207194312296328,0.7,ACSBG1,acyl-CoA synthetase bubblegum family member 1,23205,1,Unique,Higher value associated with RD prediction
216740_at,7,-0.10108066867482622,0.10108066867482621,0.7,,,,0,No gene symbol,Higher value associated with RD prediction
202864_s_at,7,0.10092837682770847,0.10092837682770849,0.7,SP100,SP100 nuclear antigen,6672,1,Unique,Higher value associated with pCR prediction
211359_s_at,7,-0.10041869016625236,0.10041869016625236,0.7,OPRM1,"opioid receptor, mu 1",4988,1,Unique,Higher value associated with RD prediction
219719_at,7,0.09982527513451737,0.0998252751345174,0.7,HIGD1B,"HIG1 hypoxia inducible domain family, member 1B",51751,1,Unique,Higher value associated with pCR prediction
208731_at,7,-0.09894267961490955,0.09894267961490953,0.7,RAB2A,"RAB2A, member RAS oncogene family",5862,1,Unique,Higher value associated with RD prediction
205501_at,7,-0.09827686678938,0.09827686678938001,0.7,PDE10A,phosphodiesterase 10A,10846,1,Unique,Higher value associated with RD prediction
212257_s_at,7,0.09671989222945433,0.09671989222945435,0.7,SMARCA2,"SWI/SNF related, matrix associated, actin dependent regulator of chromatin, subfamily a, member 2",6595,1,Unique,Higher value associated with pCR prediction
206340_at,7,0.09588578056040561,0.09588578056040561,0.7,NR1H4,"nuclear receptor subfamily 1, group H, member 4",9971,1,Unique,Higher value associated with pCR prediction
206065_s_at,7,0.09507952665866237,0.09507952665866236,0.7,DPYS,dihydropyrimidinase,1807,1,Unique,Higher value associated with pCR prediction
202956_at,7,-0.09300222455135274,0.09300222455135274,0.7,ARFGEF1,ADP-ribosylation factor guanine nucleotide-exchange factor 1 (brefeldin A-inhibited),10565,1,Unique,Higher value associated with RD prediction
219951_s_at,7,-0.09225823543486007,0.09225823543486007,0.7,DZANK1,double zinc ribbon and ankyrin repeat domains 1,55184,1,Unique,Higher value associated with RD prediction
210771_at,7,0.09184070332135742,0.09184070332135742,0.7,PPARA,peroxisome proliferator-activated receptor alpha,5465,1,Unique,Higher value associated with pCR prediction
215574_at,7,0.09130230764302394,0.09130230764302392,0.7,,,,0,No gene symbol,Higher value associated with pCR prediction
202583_s_at,7,0.09024200560023045,0.09024200560023045,0.7,RANBP9,RAN binding protein 9,10048,1,Unique,Higher value associated with pCR prediction
210661_at,7,0.08953354957545888,0.08953354957545888,0.7,GLRA3,"glycine receptor, alpha 3",8001,1,Unique,Higher value associated with pCR prediction
220695_at,7,0.08829145830382237,0.08829145830382237,0.7,,,,0,No gene symbol,Higher value associated with pCR prediction
220507_s_at,7,-0.08735285942267222,0.08735285942267224,0.7,UPB1,"ureidopropionase, beta",51733,1,Unique,Higher value associated with RD prediction
221424_s_at,7,0.08716879776332608,0.08716879776332609,0.7,OR51E2,"olfactory receptor, family 51, subfamily E, member 2",81285,1,Unique,Higher value associated with pCR prediction
218739_at,7,0.08323219064033748,0.08323219064033748,0.7,ABHD5,abhydrolase domain containing 5,51099,1,Unique,Higher value associated with pCR prediction
219185_at,7,0.08034662280883977,0.08034662280883975,0.7,SIRT5,sirtuin 5,23408,1,Unique,Higher value associated with pCR prediction
219305_x_at,7,-0.07947091182752754,0.07947091182752754,0.7,FBXO2,F-box protein 2,26232,1,Unique,Higher value associated with RD prediction
218390_s_at,7,-0.0776066317655901,0.0776066317655901,0.7,FAM204A,"family with sequence similarity 204, member A",63877,1,Unique,Higher value associated with RD prediction
217380_s_at,7,-0.07738679530984387,0.07738679530984385,0.7,ADD3-AS1,ADD3 antisense RNA 1,100505933,1,Unique,Higher value associated with RD prediction
208165_s_at,7,0.07702412066056333,0.07702412066056333,0.7,PRSS16,"protease, serine, 16 (thymus)",10279,1,Unique,Higher value associated with pCR prediction
204958_at,7,0.07438057478326852,0.07438057478326852,0.7,PLK3,polo-like kinase 3,1263,1,Unique,Higher value associated with pCR prediction
210678_s_at,7,0.07421444718605559,0.07421444718605559,0.7,AGPAT2,1-acylglycerol-3-phosphate O-acyltransferase 2,10555,1,Unique,Higher value associated with pCR prediction
208732_at,7,-0.07420953799874688,0.07420953799874687,0.7,RAB2A,"RAB2A, member RAS oncogene family",5862,1,Unique,Higher value associated with RD prediction
207039_at,7,0.07379789869202712,0.07379789869202712,0.7,CDKN2A,cyclin-dependent kinase inhibitor 2A,1029,1,Unique,Higher value associated with pCR prediction
218956_s_at,7,-0.07211148575967662,0.07211148575967662,0.7,ATP5J2-PTCD1 /// PTCD1,ATP5J2-PTCD1 readthrough /// pentatricopeptide repeat domain 1,26024 /// 100526740,2,Multiple genes,Higher value associated with RD prediction
218528_s_at,7,0.07041939597470592,0.07041939597470594,0.7,RNF38,ring finger protein 38,152006,1,Unique,Higher value associated with pCR prediction
210709_at,7,-0.07023128204662182,0.07023128204662181,0.7,ZC3H15,zinc finger CCCH-type containing 15,55854,1,Unique,Higher value associated with RD prediction
204351_at,7,-0.06915169271221094,0.06915169271221093,0.7,S100P,S100 calcium binding protein P,6286,1,Unique,Higher value associated with RD prediction
34868_at,7,0.06785369292086466,0.06785369292086466,0.7,SMG5,SMG5 nonsense mediated mRNA decay factor,23381,1,Unique,Higher value associated with pCR prediction
200656_s_at,7,0.06738527306114267,0.06738527306114268,0.7,P4HB,"prolyl 4-hydroxylase, beta polypeptide",5034,1,Unique,Higher value associated with pCR prediction
212584_at,7,-0.06414027300458607,0.06414027300458607,0.7,AQR,aquarius intron-binding spliceosomal factor,9716,1,Unique,Higher value associated with RD prediction
200708_at,7,-0.06365258449173365,0.06365258449173365,0.7,GOT2,"glutamic-oxaloacetic transaminase 2, mitochondrial",2806,1,Unique,Higher value associated with RD prediction
205992_s_at,7,-0.06309572740200854,0.06309572740200853,0.7,IL15,interleukin 15,3600,1,Unique,Higher value associated with RD prediction
218651_s_at,7,-0.06140620005548801,0.06140620005548801,0.7,LARP6,"La ribonucleoprotein domain family, member 6",55323,1,Unique,Higher value associated with RD prediction
205042_at,7,0.05973978760939617,0.05973978760939617,0.7,GNE,glucosamine (UDP-N-acetyl)-2-epimerase/N-acetylmannosamine kinase,10020,1,Unique,Higher value associated with pCR prediction
203038_at,7,0.05718010364763378,0.0571801036476338,0.7,PTPRK,"protein tyrosine phosphatase, receptor type, K",5796,1,Unique,Higher value associated with pCR prediction
219230_at,7,0.055674250265542104,0.055674250265542104,0.7,TMEM100,transmembrane protein 100,55273,1,Unique,Higher value associated with pCR prediction
209051_s_at,7,0.05338212178787811,0.0533821217878781,0.7,RALGDS,ral guanine nucleotide dissociation stimulator,5900,1,Unique,Higher value associated with pCR prediction
208711_s_at,7,-0.05304109107138116,0.053041091071381156,0.7,CCND1,cyclin D1,595,1,Unique,Higher value associated with RD prediction
206830_at,7,-0.05161178320717218,0.05161178320717217,0.7,SLC4A10,"solute carrier family 4, sodium bicarbonate transporter, member 10",57282,1,Unique,Higher value associated with RD prediction
219512_at,7,0.04928557993221498,0.04928557993221498,0.7,DSN1,"DSN1, MIS12 kinetochore complex component",79980,1,Unique,Higher value associated with pCR prediction
219841_at,7,-0.04817558339373452,0.04817558339373452,0.7,AICDA,activation-induced cytidine deaminase,57379,1,Unique,Higher value associated with RD prediction
212799_at,7,-0.04732183163312378,0.04732183163312379,0.7,STX6,syntaxin 6,10228,1,Unique,Higher value associated with RD prediction
212315_s_at,7,0.04466265359813195,0.04466265359813195,0.7,NUP210,nucleoporin 210kDa,23225,1,Unique,Higher value associated with pCR prediction
203314_at,7,-0.043057225688163,0.043057225688163,0.7,GTPBP6,GTP binding protein 6 (putative),8225,1,Unique,Higher value associated with RD prediction
221207_s_at,7,-0.040738256014049574,0.040738256014049574,0.7,NBEA,neurobeachin,26960,1,Unique,Higher value associated with RD prediction
209035_at,7,0.0371942953604949,0.0371942953604949,0.7,MDK,midkine (neurite growth-promoting factor 2),4192,1,Unique,Higher value associated with pCR prediction
209070_s_at,7,-0.03161226861455098,0.03161226861455098,0.7,RGS5,regulator of G-protein signaling 5,8490,1,Unique,Higher value associated with RD prediction
222312_s_at,7,-0.030171280875538307,0.030171280875538303,0.7,,,,0,No gene symbol,Higher value associated with RD prediction
208338_at,7,0.027301389329210984,0.027301389329210984,0.7,P2RX3,"purinergic receptor P2X, ligand-gated ion channel, 3",5024,1,Unique,Higher value associated with pCR prediction
218761_at,7,-0.023089222034149075,0.023089222034149072,0.7,RNF111,ring finger protein 111,54778,1,Unique,Higher value associated with RD prediction
220769_s_at,6,-0.179095820777928,0.17909582077792796,0.6,WDR78,WD repeat domain 78,79819,1,Unique,Higher value associated with RD prediction
203862_s_at,6,-0.14090199313873264,0.14090199313873264,0.6,ACTN2,"actinin, alpha 2",88,1,Unique,Higher value associated with RD prediction
202944_at,6,-0.1338971376732005,0.1338971376732005,0.6,NAGA,"N-acetylgalactosaminidase, alpha-",4668,1,Unique,Higher value associated with RD prediction
213148_at,6,0.13358174550184282,0.13358174550184285,0.6,C2orf72,chromosome 2 open reading frame 72,257407,1,Unique,Higher value associated with pCR prediction
220238_s_at,6,0.12438047030995696,0.12438047030995696,0.6,KLHL7,kelch-like family member 7,55975,1,Unique,Higher value associated with pCR prediction
220837_at,6,0.11226421669196075,0.11226421669196075,0.6,LOC100996325,uncharacterized LOC100996325,100996325,1,Unique,Higher value associated with pCR prediction
214076_at,6,-0.11059328103257894,0.11059328103257897,0.6,GFOD2,glucose-fructose oxidoreductase domain containing 2,81577,1,Unique,Higher value associated with RD prediction
220811_at,6,-0.10609670651823881,0.10609670651823881,0.6,PRG3,proteoglycan 3,10394,1,Unique,Higher value associated with RD prediction
208063_s_at,6,-0.1054194536407621,0.1054194536407621,0.6,CAPN9,calpain 9,10753,1,Unique,Higher value associated with RD prediction
201936_s_at,6,-0.10317564585769477,0.10317564585769479,0.6,EIF4G3,"eukaryotic translation initiation factor 4 gamma, 3",8672,1,Unique,Higher value associated with RD prediction
205368_at,6,0.10026326035048716,0.10026326035048716,0.6,FAM131B,"family with sequence similarity 131, member B",9715,1,Unique,Higher value associated with pCR prediction
215080_s_at,6,0.09899521798830213,0.09899521798830213,0.6,AGAP2,"ArfGAP with GTPase domain, ankyrin repeat and PH domain 2",116986,1,Unique,Higher value associated with pCR prediction
206886_x_at,6,-0.09439753329910883,0.09439753329910883,0.6,GH1,growth hormone 1,2688,1,Unique,Higher value associated with RD prediction
214400_at,6,-0.09330960105507803,0.09330960105507803,0.6,INSL3,insulin-like 3 (Leydig cell),3640,1,Unique,Higher value associated with RD prediction
218185_s_at,6,-0.09256183262190698,0.09256183262190698,0.6,ARMC1,armadillo repeat containing 1,55156,1,Unique,Higher value associated with RD prediction
208878_s_at,6,-0.09006729405641282,0.09006729405641282,0.6,PAK2,p21 protein (Cdc42/Rac)-activated kinase 2,5062,1,Unique,Higher value associated with RD prediction
213769_at,6,-0.08945953624144069,0.08945953624144069,0.6,KSR1,kinase suppressor of ras 1,8844,1,Unique,Higher value associated with RD prediction
207706_at,6,0.08938139336390782,0.08938139336390782,0.6,USH2A,"Usher syndrome 2A (autosomal recessive, mild)",7399,1,Unique,Higher value associated with pCR prediction
211892_s_at,6,0.08634047941485806,0.08634047941485805,0.6,PTGIS,prostaglandin I2 (prostacyclin) synthase,5740,1,Unique,Higher value associated with pCR prediction
202652_at,6,-0.08421372432027267,0.08421372432027267,0.6,APBB1,"amyloid beta (A4) precursor protein-binding, family B, member 1 (Fe65)",322,1,Unique,Higher value associated with RD prediction
207073_at,6,-0.08084689456259926,0.08084689456259926,0.6,CDKL2,cyclin-dependent kinase-like 2 (CDC2-related kinase),8999,1,Unique,Higher value associated with RD prediction
219539_at,6,-0.07951081941449135,0.07951081941449135,0.6,GEMIN6,gem (nuclear organelle) associated protein 6,79833,1,Unique,Higher value associated with RD prediction
204553_x_at,6,-0.07905415486920415,0.07905415486920415,0.6,INPP4A,"inositol polyphosphate-4-phosphatase, type I, 107kDa",3631,1,Unique,Higher value associated with RD prediction
201398_s_at,6,-0.07837026250679514,0.07837026250679514,0.6,TRAM1,translocation associated membrane protein 1,23471,1,Unique,Higher value associated with RD prediction
64900_at,6,-0.07781655094110147,0.07781655094110147,0.6,TMEM231,transmembrane protein 231,79583,1,Unique,Higher value associated with RD prediction
215621_s_at,6,-0.07650638540110523,0.07650638540110526,0.6,IGHD,immunoglobulin heavy constant delta,3495,1,Unique,Higher value associated with RD prediction
220123_at,6,-0.07563019283743529,0.07563019283743529,0.6,SLC35F5,"solute carrier family 35, member F5",80255,1,Unique,Higher value associated with RD prediction
220830_at,6,-0.0755388660350569,0.0755388660350569,0.6,IMPG2,interphotoreceptor matrix proteoglycan 2,50939,1,Unique,Higher value associated with RD prediction
217447_at,6,0.07545674784363755,0.07545674784363757,0.6,MAG,myelin associated glycoprotein,4099,1,Unique,Higher value associated with pCR prediction
205602_x_at,6,0.07538660823440684,0.07538660823440684,0.6,PSG7,pregnancy specific beta-1-glycoprotein 7 (gene/pseudogene),5676,1,Unique,Higher value associated with pCR prediction
219860_at,6,-0.07502328006220298,0.07502328006220298,0.6,LY6G5C,"lymphocyte antigen 6 complex, locus G5C",80741,1,Unique,Higher value associated with RD prediction
212375_at,6,-0.07408408942535781,0.07408408942535781,0.6,EP400,E1A binding protein p400,57634,1,Unique,Higher value associated with RD prediction
213339_at,6,0.07382217481531982,0.07382217481531982,0.6,TP73-AS1,TP73 antisense RNA 1,57212,1,Unique,Higher value associated with pCR prediction
219726_at,6,0.07260972281265099,0.07260972281265099,0.6,NLGN3,neuroligin 3,54413,1,Unique,Higher value associated with pCR prediction
217328_at,6,-0.07167618287665313,0.07167618287665313,0.6,,,,0,No gene symbol,Higher value associated with RD prediction
212757_s_at,6,-0.07109534117404738,0.07109534117404738,0.6,CAMK2G,calcium/calmodulin-dependent protein kinase II gamma,818,1,Unique,Higher value associated with RD prediction
205910_s_at,6,0.07029940739679252,0.07029940739679251,0.6,CEL,carboxyl ester lipase,1056,1,Unique,Higher value associated with pCR prediction
217911_s_at,6,-0.06956549531722586,0.06956549531722586,0.6,BAG3,BCL2-associated athanogene 3,9531,1,Unique,Higher value associated with RD prediction
208734_x_at,6,-0.06913618404029359,0.06913618404029359,0.6,RAB2A,"RAB2A, member RAS oncogene family",5862,1,Unique,Higher value associated with RD prediction
210429_at,6,0.06744099015314926,0.06744099015314928,0.6,RHD,"Rh blood group, D antigen",6007,1,Unique,Higher value associated with pCR prediction
217349_s_at,6,-0.06725508214535363,0.06725508214535363,0.6,PRICKLE3,prickle homolog 3 (Drosophila),4007,1,Unique,Higher value associated with RD prediction
215481_s_at,6,-0.06612262575512211,0.06612262575512211,0.6,PEX5,peroxisomal biogenesis factor 5,5830,1,Unique,Higher value associated with RD prediction
216140_at,6,0.06598518643411459,0.06598518643411459,0.6,,,,0,No gene symbol,Higher value associated with pCR prediction
215441_at,6,-0.06573248473664689,0.06573248473664688,0.6,,,,0,No gene symbol,Higher value associated with RD prediction
209122_at,6,0.06550621351111392,0.06550621351111392,0.6,PLIN2,perilipin 2,123,1,Unique,Higher value associated with pCR prediction
221736_at,6,-0.06408849776590353,0.06408849776590353,0.6,RALGAPB,"Ral GTPase activating protein, beta subunit (non-catalytic)",57148,1,Unique,Higher value associated with RD prediction
214638_s_at,6,0.06278377375400375,0.06278377375400375,0.6,CCNT2,cyclin T2,905,1,Unique,Higher value associated with pCR prediction
202754_at,6,-0.06272229319028542,0.06272229319028542,0.6,R3HDM1,R3H domain containing 1,23518,1,Unique,Higher value associated with RD prediction
213448_at,6,0.061053012860266896,0.0610530128602669,0.6,,,,0,No gene symbol,Higher value associated with pCR prediction
204802_at,6,-0.06096811561328441,0.06096811561328441,0.6,RRAD,Ras-related associated with diabetes,6236,1,Unique,Higher value associated with RD prediction
217609_at,6,-0.06075592715852565,0.06075592715852565,0.6,LRRC23 /// RPL13P5,leucine rich repeat containing 23 /// ribosomal protein L13 pseudogene 5,10233 /// 283345,2,Multiple genes,Higher value associated with RD prediction
214908_s_at,6,-0.059270475198633626,0.05927047519863362,0.6,TRRAP,transformation/transcription domain-associated protein,8295,1,Unique,Higher value associated with RD prediction
209060_x_at,6,0.05731166329446984,0.05731166329446984,0.6,NCOA3,nuclear receptor coactivator 3,8202,1,Unique,Higher value associated with pCR prediction
206312_at,6,-0.05698771847086414,0.05698771847086414,0.6,GUCY2C,guanylate cyclase 2C (heat stable enterotoxin receptor),2984,1,Unique,Higher value associated with RD prediction
201915_at,6,0.05604395279667668,0.05604395279667668,0.6,SEC63,SEC63 homolog (S. cerevisiae),11231,1,Unique,Higher value associated with pCR prediction
220896_at,6,0.05565450971846051,0.055654509718460504,0.6,FBXL18,F-box and leucine-rich repeat protein 18,80028,1,Unique,Higher value associated with pCR prediction
208375_at,6,-0.055563645132200336,0.055563645132200336,0.6,IFNA1,"interferon, alpha 1",3439,1,Unique,Higher value associated with RD prediction
221679_s_at,6,-0.05530056587297514,0.05530056587297514,0.6,ABHD6,abhydrolase domain containing 6,57406,1,Unique,Higher value associated with RD prediction
210016_at,6,0.05476234446640917,0.05476234446640918,0.6,MYT1L,myelin transcription factor 1-like,23040,1,Unique,Higher value associated with pCR prediction
213834_at,6,-0.05357175142698017,0.05357175142698017,0.6,IQSEC3,IQ motif and Sec7 domain 3,440073,1,Unique,Higher value associated with RD prediction
220809_at,6,-0.05329748656034008,0.053297486560340064,0.6,,,,0,No gene symbol,Higher value associated with RD prediction
212711_at,6,0.05252755337860306,0.05252755337860306,0.6,CAMSAP1,calmodulin regulated spectrin-associated protein 1,157922,1,Unique,Higher value associated with pCR prediction
218555_at,6,0.052251800081155486,0.052251800081155486,0.6,ANAPC2,anaphase promoting complex subunit 2,29882,1,Unique,Higher value associated with pCR prediction
207134_x_at,6,-0.052122660880207054,0.05212266088020706,0.6,TPSB2,tryptase beta 2 (gene/pseudogene),64499,1,Unique,Higher value associated with RD prediction
206265_s_at,6,0.049447942681255484,0.049447942681255484,0.6,GPLD1,glycosylphosphatidylinositol specific phospholipase D1,2822,1,Unique,Higher value associated with pCR prediction
209338_at,6,-0.04872069426402187,0.04872069426402187,0.6,TFCP2,transcription factor CP2,7024,1,Unique,Higher value associated with RD prediction
206367_at,6,-0.047425273113656276,0.047425273113656276,0.6,REN,renin,5972,1,Unique,Higher value associated with RD prediction
218274_s_at,6,0.0468947769644233,0.0468947769644233,0.6,ANKZF1,ankyrin repeat and zinc finger domain containing 1,55139,1,Unique,Higher value associated with pCR prediction
208678_at,6,0.04626931532625469,0.04626931532625469,0.6,ATP6V1E1,"ATPase, H+ transporting, lysosomal 31kDa, V1 subunit E1",529,1,Unique,Higher value associated with pCR prediction
207456_at,6,-0.04519176358799113,0.04519176358799113,0.6,HNF4G,"hepatocyte nuclear factor 4, gamma",3174,1,Unique,Higher value associated with RD prediction
208586_s_at,6,0.044228696434922526,0.044228696434922526,0.6,SSX4 /// SSX4B,"synovial sarcoma, X breakpoint 4 /// synovial sarcoma, X breakpoint 4B",6759 /// 548313,2,Multiple genes,Higher value associated with pCR prediction
217389_s_at,6,0.04349732879193771,0.04349732879193771,0.6,ATF5,activating transcription factor 5,22809,1,Unique,Higher value associated with pCR prediction
210298_x_at,6,-0.04291055819627879,0.04291055819627879,0.6,FHL1,four and a half LIM domains 1,2273,1,Unique,Higher value associated with RD prediction
207516_at,6,0.04215160329969911,0.0421516032996991,0.6,CHRNB4,"cholinergic receptor, nicotinic, beta 4 (neuronal)",1143,1,Unique,Higher value associated with pCR prediction
212330_at,6,0.04170897271435242,0.04170897271435242,0.6,TFDP1,transcription factor Dp-1,7027,1,Unique,Higher value associated with pCR prediction
204400_at,6,0.040146842476754714,0.040146842476754714,0.6,EFS,embryonal Fyn-associated substrate,10278,1,Unique,Higher value associated with pCR prediction
202922_at,6,-0.04000554719076106,0.040005547190761055,0.6,GCLC,"glutamate-cysteine ligase, catalytic subunit",2729,1,Unique,Higher value associated with RD prediction
215240_at,6,-0.03945029722929327,0.03945029722929327,0.6,ITGB3,"integrin, beta 3 (platelet glycoprotein IIIa, antigen CD61)",3690,1,Unique,Higher value associated with RD prediction
217145_at,6,-0.03407448683327035,0.03407448683327035,0.6,IGK /// IGKC,immunoglobulin kappa locus /// immunoglobulin kappa constant,3514 /// 50802,2,Multiple genes,Higher value associated with RD prediction
211276_at,6,0.0326646961310758,0.032664696131075796,0.6,TCEAL2,transcription elongation factor A (SII)-like 2,140597,1,Unique,Higher value associated with pCR prediction
209507_at,6,0.03211523644695493,0.03211523644695493,0.6,RPA3,"replication protein A3, 14kDa",6119,1,Unique,Higher value associated with pCR prediction
210456_at,6,-0.03152989492110426,0.03152989492110426,0.6,PCYT1B,"phosphate cytidylyltransferase 1, choline, beta",9468,1,Unique,Higher value associated with RD prediction
216284_at,6,0.027738586639903275,0.027738586639903275,0.6,,,,0,No gene symbol,Higher value associated with pCR prediction
213345_at,6,-0.027291492743077416,0.027291492743077416,0.6,NFATC4,"nuclear factor of activated T-cells, cytoplasmic, calcineurin-dependent 4",4776,1,Unique,Higher value associated with RD prediction
210639_s_at,6,0.02607094854415229,0.02607094854415229,0.6,ATG5,autophagy related 5,9474,1,Unique,Higher value associated with pCR prediction
203303_at,6,-0.020625224330695874,0.020625224330695874,0.6,DYNLT3,"dynein, light chain, Tctex-type 3",6990,1,Unique,Higher value associated with RD prediction
218029_at,6,-0.02040664219076704,0.02040664219076704,0.6,FAM65A,"family with sequence similarity 65, member A",79567,1,Unique,Higher value associated with RD prediction
208993_s_at,6,0.016480415892162804,0.016480415892162804,0.6,PPIG,peptidylprolyl isomerase G (cyclophilin G),9360,1,Unique,Higher value associated with pCR prediction
222184_at,5,-0.15763145522470895,0.15763145522470895,0.5,LINC00965,long intergenic non-protein coding RNA 965,349196,1,Unique,Higher value associated with RD prediction
216567_at,5,0.1327285469136534,0.13272854691365343,0.5,,,,0,No gene symbol,Higher value associated with pCR prediction
218419_s_at,5,0.11225901586558924,0.11225901586558924,0.5,TMUB2,transmembrane and ubiquitin-like domain containing 2,79089,1,Unique,Higher value associated with pCR prediction
208288_at,5,-0.11196981119693306,0.11196981119693306,0.5,ABCB11,"ATP-binding cassette, sub-family B (MDR/TAP), member 11",8647,1,Unique,Higher value associated with RD prediction
222076_at,5,-0.11014943877600727,0.11014943877600727,0.5,HBEGF,heparin-binding EGF-like growth factor,1839,1,Unique,Higher value associated with RD prediction
215216_at,5,0.10695609694169253,0.10695609694169253,0.5,VPS16,vacuolar protein sorting 16 homolog (S. cerevisiae),64601,1,Unique,Higher value associated with pCR prediction
206142_at,5,0.10371733780285301,0.10371733780285301,0.5,ZNF135,zinc finger protein 135,7694,1,Unique,Higher value associated with pCR prediction
AFFX-r2-Bs-phe-3_at,5,0.10184837665539455,0.10184837665539455,0.5,,,,0,No gene symbol,Higher value associated with pCR prediction
210454_s_at,5,-0.09769820584970029,0.09769820584970029,0.5,KCNJ6,"potassium inwardly-rectifying channel, subfamily J, member 6",3763,1,Unique,Higher value associated with RD prediction
215663_at,5,-0.09482037490957788,0.09482037490957788,0.5,MBNL1,muscleblind-like splicing regulator 1,4154,1,Unique,Higher value associated with RD prediction
219093_at,5,-0.09230124556731326,0.09230124556731326,0.5,PID1,phosphotyrosine interaction domain containing 1,55022,1,Unique,Higher value associated with RD prediction
216353_s_at,5,0.09097904021194889,0.09097904021194889,0.5,RNF11B,,,1,Unique,Higher value associated with pCR prediction
211627_x_at,5,-0.08879628236913903,0.08879628236913903,0.5,ESR1,estrogen receptor 1,2099,1,Unique,Higher value associated with RD prediction
221973_at,5,0.08715670424263086,0.08715670424263086,0.5,LOC100506076 /// LOC100506123,uncharacterized LOC100506076 /// uncharacterized LOC100506123,100506076 /// 100506123,2,Multiple genes,Higher value associated with pCR prediction
215722_s_at,5,0.08698811132493071,0.0869881113249307,0.5,SNRPA1,small nuclear ribonucleoprotein polypeptide A',6627,1,Unique,Higher value associated with pCR prediction
AFFX-r2-Bs-thr-M_s_at,5,0.08310974563033478,0.08310974563033478,0.5,,,,0,No gene symbol,Higher value associated with pCR prediction
220497_at,5,-0.08289915642679507,0.08289915642679506,0.5,ZNF214,zinc finger protein 214,7761,1,Unique,Higher value associated with RD prediction
215969_at,5,-0.08277362206742309,0.08277362206742309,0.5,,,,0,No gene symbol,Higher value associated with RD prediction
205424_at,5,-0.08121786226171383,0.08121786226171383,0.5,TBKBP1,TBK1 binding protein 1,9755,1,Unique,Higher value associated with RD prediction
200072_s_at,5,0.08039504470616864,0.08039504470616864,0.5,HNRNPM,heterogeneous nuclear ribonucleoprotein M,4670,1,Unique,Higher value associated with pCR prediction
216995_x_at,5,-0.07894097138006471,0.07894097138006471,0.5,MKRN2,makorin ring finger protein 2,23609,1,Unique,Higher value associated with RD prediction
207872_s_at,5,-0.0780277168077403,0.0780277168077403,0.5,LILRA1,"leukocyte immunoglobulin-like receptor, subfamily A (with TM domain), member 1",11024,1,Unique,Higher value associated with RD prediction
219800_s_at,5,-0.0769004388101778,0.0769004388101778,0.5,THNSL1,threonine synthase-like 1 (S. cerevisiae),79896,1,Unique,Higher value associated with RD prediction
208564_at,5,-0.07653573692482822,0.07653573692482821,0.5,KCNA2,"potassium voltage-gated channel, shaker-related subfamily, member 2",3737,1,Unique,Higher value associated with RD prediction
216281_at,5,-0.07628460444026738,0.07628460444026738,0.5,DICER1,"dicer 1, ribonuclease type III",23405,1,Unique,Higher value associated with RD prediction
218489_s_at,5,-0.07494686319014124,0.07494686319014124,0.5,ALAD,aminolevulinate dehydratase,210,1,Unique,Higher value associated with RD prediction
206971_at,5,-0.07235973434642498,0.07235973434642498,0.5,GPR161,G protein-coupled receptor 161,23432,1,Unique,Higher value associated with RD prediction
213808_at,5,-0.07221600675074304,0.07221600675074302,0.5,ADAM23,ADAM metallopeptidase domain 23,8745,1,Unique,Higher value associated with RD prediction
205751_at,5,-0.0714615363171491,0.07146153631714912,0.5,SH3GL2,SH3-domain GRB2-like 2,6456,1,Unique,Higher value associated with RD prediction
203398_s_at,5,0.07021131168844261,0.07021131168844261,0.5,GALNT3,polypeptide N-acetylgalactosaminyltransferase 3,2591,1,Unique,Higher value associated with pCR prediction
206918_s_at,5,-0.06964965299432066,0.06964965299432066,0.5,CPNE1,copine I,8904,1,Unique,Higher value associated with RD prediction
217667_at,5,0.06955828739136911,0.06955828739136913,0.5,SEC14L1P1,SEC14-like 1 pseudogene 1,729799,1,Unique,Higher value associated with pCR prediction
221260_s_at,5,-0.0693522334151285,0.0693522334151285,0.5,CSRNP2,cysteine-serine-rich nuclear protein 2,81566,1,Unique,Higher value associated with RD prediction
217997_at,5,0.06850573873185441,0.0685057387318544,0.5,PHLDA1,"pleckstrin homology-like domain, family A, member 1",22822,1,Unique,Higher value associated with pCR prediction
218730_s_at,5,-0.06811395137239373,0.06811395137239372,0.5,OGN,osteoglycin,4969,1,Unique,Higher value associated with RD prediction
214652_at,5,0.0680835371346327,0.0680835371346327,0.5,DRD1,dopamine receptor D1,1812,1,Unique,Higher value associated with pCR prediction
208215_x_at,5,-0.06666391824660857,0.06666391824660857,0.5,DRD4,dopamine receptor D4,1815,1,Unique,Higher value associated with RD prediction
217083_at,5,0.06666038176056992,0.06666038176056992,0.5,,,,0,No gene symbol,Higher value associated with pCR prediction
210550_s_at,5,-0.06585015377407019,0.06585015377407019,0.5,RASGRF1,Ras protein-specific guanine nucleotide-releasing factor 1,5923,1,Unique,Higher value associated with RD prediction
215495_s_at,5,-0.0657215149802081,0.06572151498020812,0.5,SAMD4A,sterile alpha motif domain containing 4A,23034,1,Unique,Higher value associated with RD prediction
213734_at,5,0.06558975942047954,0.06558975942047954,0.5,RFC5,"replication factor C (activator 1) 5, 36.5kDa",5985,1,Unique,Higher value associated with pCR prediction
211103_at,5,-0.061450814108649,0.061450814108649,0.5,MYO7A,myosin VIIA,4647,1,Unique,Higher value associated with RD prediction
215172_at,5,-0.06088980131593226,0.06088980131593226,0.5,PTPN20B,"protein tyrosine phosphatase, non-receptor type 20B",26095,1,Unique,Higher value associated with RD prediction
215188_at,5,0.05946727847069919,0.05946727847069919,0.5,STK24,serine/threonine kinase 24,8428,1,Unique,Higher value associated with pCR prediction
222115_x_at,5,-0.05886027194432073,0.05886027194432073,0.5,GLYR1,glyoxylate reductase 1 homolog (Arabidopsis),84656,1,Unique,Higher value associated with RD prediction
210862_s_at,5,-0.05868154789095713,0.05868154789095713,0.5,SARDH,sarcosine dehydrogenase,1757,1,Unique,Higher value associated with RD prediction
210097_s_at,5,0.05796577965466072,0.05796577965466072,0.5,NOL7,"nucleolar protein 7, 27kDa",51406,1,Unique,Higher value associated with pCR prediction
204499_at,5,-0.057558039759851354,0.057558039759851354,0.5,AGTPBP1,ATP/GTP binding protein 1,23287,1,Unique,Higher value associated with RD prediction
210400_at,5,0.056229456842844826,0.05622945684284484,0.5,GRIN2C,"glutamate receptor, ionotropic, N-methyl D-aspartate 2C",2905,1,Unique,Higher value associated with pCR prediction
212366_at,5,0.05567792473754053,0.05567792473754053,0.5,ZNF292,zinc finger protein 292,23036,1,Unique,Higher value associated with pCR prediction
211466_at,5,0.05444125839455405,0.05444125839455405,0.5,NFIB,nuclear factor I/B,4781,1,Unique,Higher value associated with pCR prediction
207692_s_at,5,0.054172140394222176,0.054172140394222176,0.5,ACAN,aggrecan,176,1,Unique,Higher value associated with pCR prediction
213191_at,5,-0.053695417850037244,0.05369541785003725,0.5,TICAM1,toll-like receptor adaptor molecule 1,148022,1,Unique,Higher value associated with RD prediction
216241_s_at,5,-0.05352899198475465,0.05352899198475465,0.5,TCEA1,"transcription elongation factor A (SII), 1",6917,1,Unique,Higher value associated with RD prediction
216489_at,5,-0.05334732699603214,0.05334732699603214,0.5,LOC101927086,uncharacterized LOC101927086,101927086,1,Unique,Higher value associated with RD prediction
221613_s_at,5,-0.05113914119943971,0.05113914119943971,0.5,ZFAND6,"zinc finger, AN1-type domain 6",54469,1,Unique,Higher value associated with RD prediction
209498_at,5,0.05053288679248021,0.05053288679248021,0.5,CEACAM1,carcinoembryonic antigen-related cell adhesion molecule 1 (biliary glycoprotein),634,1,Unique,Higher value associated with pCR prediction
217506_at,5,0.050468561484584895,0.050468561484584895,0.5,,,,0,No gene symbol,Higher value associated with pCR prediction
218435_at,5,-0.05037302449841487,0.05037302449841487,0.5,DNAJC15,"DnaJ (Hsp40) homolog, subfamily C, member 15",29103,1,Unique,Higher value associated with RD prediction
216618_at,5,0.0503673642755066,0.0503673642755066,0.5,,,,0,No gene symbol,Higher value associated with pCR prediction
209597_s_at,5,-0.04875459041626552,0.04875459041626553,0.5,PNMA2,paraneoplastic Ma antigen 2,10687,1,Unique,Higher value associated with RD prediction
207168_s_at,5,-0.04857157911872669,0.04857157911872669,0.5,H2AFY,"H2A histone family, member Y",9555,1,Unique,Higher value associated with RD prediction
214746_s_at,5,-0.048536599771600415,0.04853659977160042,0.5,ZNF467,zinc finger protein 467,168544,1,Unique,Higher value associated with RD prediction
213724_s_at,5,-0.04763207817754919,0.047632078177549185,0.5,PDK2,"pyruvate dehydrogenase kinase, isozyme 2",5164,1,Unique,Higher value associated with RD prediction
200737_at,5,0.04539823260450745,0.04539823260450745,0.5,PGK1,phosphoglycerate kinase 1,5230,1,Unique,Higher value associated with pCR prediction
204009_s_at,5,-0.043774537693218145,0.04377453769321815,0.5,KRAS,Kirsten rat sarcoma viral oncogene homolog,3845,1,Unique,Higher value associated with RD prediction
209832_s_at,5,0.043520034700594505,0.0435200347005945,0.5,CDT1,chromatin licensing and DNA replication factor 1,81620,1,Unique,Higher value associated with pCR prediction
220495_s_at,5,-0.04302120485785911,0.04302120485785911,0.5,TXNDC15,thioredoxin domain containing 15,79770,1,Unique,Higher value associated with RD prediction
200844_s_at,5,-0.04299115417107417,0.04299115417107418,0.5,PRDX6,peroxiredoxin 6,9588,1,Unique,Higher value associated with RD prediction
210161_at,5,-0.04240337282495259,0.04240337282495259,0.5,,,,0,No gene symbol,Higher value associated with RD prediction
220493_at,5,0.04197961383335931,0.04197961383335931,0.5,DMRT1,doublesex and mab-3 related transcription factor 1,1761,1,Unique,Higher value associated with pCR prediction
207864_at,5,-0.04197593897486642,0.04197593897486642,0.5,SCN7A,"sodium channel, voltage-gated, type VII, alpha subunit",6332,1,Unique,Higher value associated with RD prediction
212583_at,5,-0.041713187889127916,0.041713187889127916,0.5,AQR,aquarius intron-binding spliceosomal factor,9716,1,Unique,Higher value associated with RD prediction
217949_s_at,5,0.041357357432398004,0.041357357432398004,0.5,VKORC1,"vitamin K epoxide reductase complex, subunit 1",79001,1,Unique,Higher value associated with pCR prediction
220527_at,5,0.04098632264569368,0.04098632264569368,0.5,MRPL20,mitochondrial ribosomal protein L20,55052,1,Unique,Higher value associated with pCR prediction
206229_x_at,5,-0.04036593058530878,0.04036593058530878,0.5,PAX2,paired box 2,5076,1,Unique,Higher value associated with RD prediction
210389_x_at,5,0.040218860637681056,0.040218860637681056,0.5,TUBD1,"tubulin, delta 1",51174,1,Unique,Higher value associated with pCR prediction
215863_at,5,0.04014656013025847,0.04014656013025846,0.5,TFR2,transferrin receptor 2,7036,1,Unique,Higher value associated with pCR prediction
216941_s_at,5,-0.03998042735212289,0.03998042735212289,0.5,TAF1B,"TATA box binding protein (TBP)-associated factor, RNA polymerase I, B, 63kDa",9014,1,Unique,Higher value associated with RD prediction
216014_s_at,5,-0.03995900278123027,0.03995900278123027,0.5,ZXDA /// ZXDB,"zinc finger, X-linked, duplicated A /// zinc finger, X-linked, duplicated B",7789 /// 158586,2,Multiple genes,Higher value associated with RD prediction
206108_s_at,5,-0.0399024062830817,0.039902406283081705,0.5,SRSF6,serine/arginine-rich splicing factor 6,6431,1,Unique,Higher value associated with RD prediction
201177_s_at,5,0.039229413061305285,0.039229413061305285,0.5,UBA2,ubiquitin-like modifier activating enzyme 2,10054,1,Unique,Higher value associated with pCR prediction
210173_at,5,-0.03914946128907937,0.03914946128907936,0.5,PTPRJ,"protein tyrosine phosphatase, receptor type, J",5795,1,Unique,Higher value associated with RD prediction
215120_s_at,5,0.03880277735659725,0.03880277735659725,0.5,SAMD4A,sterile alpha motif domain containing 4A,23034,1,Unique,Higher value associated with pCR prediction
210491_at,5,-0.03859893780519904,0.03859893780519904,0.5,,,,0,No gene symbol,Higher value associated with RD prediction
218248_at,5,0.03725829981715354,0.03725829981715354,0.5,FAM111A,"family with sequence similarity 111, member A",63901,1,Unique,Higher value associated with pCR prediction
202891_at,5,-0.036939913839629204,0.036939913839629204,0.5,NIT1,nitrilase 1,4817,1,Unique,Higher value associated with RD prediction
219276_x_at,5,0.03673483615322685,0.03673483615322685,0.5,CAAP1,caspase activity and apoptosis inhibitor 1,79886,1,Unique,Higher value associated with pCR prediction
220242_x_at,5,0.03672614772249434,0.03672614772249434,0.5,ZNF701,zinc finger protein 701,55762,1,Unique,Higher value associated with pCR prediction
217498_at,5,0.03575758388921631,0.03575758388921631,0.5,GDF11,growth differentiation factor 11,10220,1,Unique,Higher value associated with pCR prediction
221068_at,5,0.03533924029281728,0.03533924029281728,0.5,KANK2,KN motif and ankyrin repeat domains 2,25959,1,Unique,Higher value associated with pCR prediction
205244_s_at,5,-0.03474753644787433,0.03474753644787433,0.5,SLC13A3,"solute carrier family 13 (sodium-dependent dicarboxylate transporter), member 3",64849,1,Unique,Higher value associated with RD prediction
217129_at,5,0.03474544347833622,0.03474544347833622,0.5,TUBB8P2 /// TUBB8P2,tubulin beta 8 class VIII pseudogene 2 ///,,2,Multiple genes,Higher value associated with pCR prediction
203860_at,5,0.03427713489070967,0.03427713489070967,0.5,PCCA,"propionyl CoA carboxylase, alpha polypeptide",5095,1,Unique,Higher value associated with pCR prediction
64488_at,5,-0.034086434990324446,0.034086434990324446,0.5,IRGQ,"immunity-related GTPase family, Q",126298,1,Unique,Higher value associated with RD prediction
215724_at,5,0.03390466550782508,0.03390466550782508,0.5,PLD1,"phospholipase D1, phosphatidylcholine-specific",5337,1,Unique,Higher value associated with pCR prediction
211924_s_at,5,0.03298329652116357,0.03298329652116357,0.5,PLAUR,"plasminogen activator, urokinase receptor",5329,1,Unique,Higher value associated with pCR prediction
209601_at,5,-0.03199944162843734,0.03199944162843733,0.5,ACOX1,"acyl-CoA oxidase 1, palmitoyl",51,1,Unique,Higher value associated with RD prediction
206526_at,5,0.03194061702841948,0.03194061702841947,0.5,RIBC2,RIB43A domain with coiled-coils 2,26150,1,Unique,Higher value associated with pCR prediction
206444_at,5,-0.030504206252705786,0.030504206252705786,0.5,PDE1B,"phosphodiesterase 1B, calmodulin-dependent",5153,1,Unique,Higher value associated with RD prediction
216896_at,5,-0.02980610450483635,0.02980610450483635,0.5,COL4A3,"collagen, type IV, alpha 3 (Goodpasture antigen)",1285,1,Unique,Higher value associated with RD prediction
220884_at,5,-0.02980320569487018,0.02980320569487018,0.5,,,,0,No gene symbol,Higher value associated with RD prediction
215733_x_at,5,0.029558768920770993,0.029558768920770993,0.5,CTAG2,cancer/testis antigen 2,30848,1,Unique,Higher value associated with pCR prediction
206462_s_at,5,0.028610723506544554,0.02861072350654455,0.5,NTRK3,"neurotrophic tyrosine kinase, receptor, type 3",4916,1,Unique,Higher value associated with pCR prediction
206865_at,5,-0.027954359094959975,0.027954359094959975,0.5,HRK,"harakiri, BCL2 interacting protein",8739,1,Unique,Higher value associated with RD prediction
217987_at,5,0.02776595836428908,0.02776595836428908,0.5,ASNSD1,asparagine synthetase domain containing 1,54529,1,Unique,Higher value associated with pCR prediction
218034_at,5,-0.026775025031860238,0.026775025031860234,0.5,FIS1,fission 1 (mitochondrial outer membrane) homolog (S. cerevisiae),51024,1,Unique,Higher value associated with RD prediction
221046_s_at,5,0.02596968525487342,0.025969685254873427,0.5,GTPBP8,GTP-binding protein 8 (putative),29083,1,Unique,Higher value associated with pCR prediction
210870_s_at,5,0.025842687054543408,0.025842687054543408,0.5,EPM2A,"epilepsy, progressive myoclonus type 2A, Lafora disease (laforin)",7957,1,Unique,Higher value associated with pCR prediction
213803_at,5,0.02584258252367378,0.025842582523673774,0.5,KPNB1,karyopherin (importin) beta 1,3837,1,Unique,Higher value associated with pCR prediction
213029_at,5,0.02440387635283104,0.02440387635283104,0.5,NFIB,nuclear factor I/B,4781,1,Unique,Higher value associated with pCR prediction
200920_s_at,5,0.019871671445716575,0.019871671445716575,0.5,BTG1,"B-cell translocation gene 1, anti-proliferative",694,1,Unique,Higher value associated with pCR prediction
212287_at,5,0.017671283395194227,0.017671283395194224,0.5,SUZ12,SUZ12 polycomb repressive complex 2 subunit,23512,1,Unique,Higher value associated with pCR prediction
219967_at,5,0.015114067944873508,0.015114067944873508,0.5,MRM1,mitochondrial rRNA methyltransferase 1 homolog (S. cerevisiae),79922,1,Unique,Higher value associated with pCR prediction
201613_s_at,5,-0.01427765833995399,0.01427765833995399,0.5,AP1G2,"adaptor-related protein complex 1, gamma 2 subunit",8906,1,Unique,Higher value associated with RD prediction
216318_at,4,0.10994804201778301,0.10994804201778301,0.4,,,,0,No gene symbol,Higher value associated with pCR prediction
210832_x_at,4,-0.10437575531360783,0.10437575531360783,0.4,PTGER3,prostaglandin E receptor 3 (subtype EP3),5733,1,Unique,Higher value associated with RD prediction
203170_at,4,0.10247598057258742,0.1024759805725874,0.4,RRP8,"ribosomal RNA processing 8, methyltransferase, homolog (yeast)",23378,1,Unique,Higher value associated with pCR prediction
208818_s_at,4,0.09441443561821455,0.09441443561821455,0.4,COMT,catechol-O-methyltransferase,1312,1,Unique,Higher value associated with pCR prediction
219443_at,4,0.09123945373882995,0.09123945373882997,0.4,TASP1,"taspase, threonine aspartase, 1",55617,1,Unique,Higher value associated with pCR prediction
201563_at,4,-0.08465791802884247,0.08465791802884247,0.4,SORD,sorbitol dehydrogenase,6652,1,Unique,Higher value associated with RD prediction
219408_at,4,-0.08448917709792535,0.08448917709792535,0.4,PRMT7,protein arginine methyltransferase 7,54496,1,Unique,Higher value associated with RD prediction
214160_at,4,0.08125769747720854,0.08125769747720853,0.4,,,,0,No gene symbol,Higher value associated with pCR prediction
220470_at,4,-0.08051536589974005,0.08051536589974005,0.4,BET1L,Bet1 golgi vesicular membrane trafficking protein-like,51272,1,Unique,Higher value associated with RD prediction
211055_s_at,4,-0.08027659391622735,0.08027659391622735,0.4,INVS,inversin,27130,1,Unique,Higher value associated with RD prediction
217744_s_at,4,0.07925449861300439,0.0792544986130044,0.4,PERP,"PERP, TP53 apoptosis effector",64065,1,Unique,Higher value associated with pCR prediction
206479_at,4,0.07810256382977149,0.07810256382977149,0.4,TRPM1,"transient receptor potential cation channel, subfamily M, member 1",4308,1,Unique,Higher value associated with pCR prediction
215981_at,4,-0.07690964620168562,0.07690964620168562,0.4,LOC100505534,uncharacterized LOC100505534,100505534,1,Unique,Higher value associated with RD prediction
209740_s_at,4,-0.07628242918727471,0.07628242918727471,0.4,PNPLA4,patatin-like phospholipase domain containing 4,8228,1,Unique,Higher value associated with RD prediction
216652_s_at,4,-0.07572349116872124,0.07572349116872124,0.4,DR1,"down-regulator of transcription 1, TBP-binding (negative cofactor 2)",1810,1,Unique,Higher value associated with RD prediction
210669_at,4,-0.07563875995139016,0.07563875995139016,0.4,TFAP2A,transcription factor AP-2 alpha (activating enhancer binding protein 2 alpha),7020,1,Unique,Higher value associated with RD prediction
220126_at,4,0.07547998928959446,0.07547998928959444,0.4,PRSS50,"protease, serine, 50",29122,1,Unique,Higher value associated with pCR prediction
221186_at,4,-0.07531938006875334,0.07531938006875333,0.4,LOC100131532,uncharacterized LOC100131532,100131532,1,Unique,Higher value associated with RD prediction
203611_at,4,-0.07515605190674468,0.07515605190674468,0.4,TERF2,telomeric repeat binding factor 2,7014,1,Unique,Higher value associated with RD prediction
222096_x_at,4,-0.0746586690281466,0.07465866902814658,0.4,,,,0,No gene symbol,Higher value associated with RD prediction
217039_x_at,4,0.07249330317941542,0.07249330317941542,0.4,ELK2AP,"ELK2A, member of ETS oncogene family, pseudogene",2003,1,Unique,Higher value associated with pCR prediction
205868_s_at,4,-0.07240175039582109,0.07240175039582109,0.4,PTPN11,"protein tyrosine phosphatase, non-receptor type 11",5781,1,Unique,Higher value associated with RD prediction
214776_x_at,4,0.07098539520585034,0.07098539520585034,0.4,XYLB,xylulokinase homolog (H. influenzae),9942,1,Unique,Higher value associated with pCR prediction
200709_at,4,-0.06947767243147353,0.06947767243147353,0.4,FKBP1A /// LOC101929368,"FK506 binding protein 1A, 12kDa /// uncharacterized LOC101929368",2280 /// 101929368,2,Multiple genes,Higher value associated with RD prediction
214126_at,4,0.06850054677728656,0.06850054677728655,0.4,,,,0,No gene symbol,Higher value associated with pCR prediction
208908_s_at,4,-0.0676995019467282,0.0676995019467282,0.4,CAST,calpastatin,831,1,Unique,Higher value associated with RD prediction
211789_s_at,4,0.06715561695637241,0.06715561695637241,0.4,MLXIP,MLX interacting protein,22877,1,Unique,Higher value associated with pCR prediction
216214_at,4,-0.06709807959762275,0.06709807959762273,0.4,,,,0,No gene symbol,Higher value associated with RD prediction
210745_at,4,-0.06669653193360207,0.06669653193360207,0.4,ONECUT1,one cut homeobox 1,3175,1,Unique,Higher value associated with RD prediction
217094_s_at,4,-0.06664412278386864,0.06664412278386864,0.4,ITCH,itchy E3 ubiquitin protein ligase,83737,1,Unique,Higher value associated with RD prediction
218863_s_at,4,-0.06645812888887626,0.06645812888887626,0.4,TNS1,tensin 1,7145,1,Unique,Higher value associated with RD prediction
208556_at,4,-0.06623044658079594,0.06623044658079594,0.4,GPR31,G protein-coupled receptor 31,2853,1,Unique,Higher value associated with RD prediction
210377_at,4,0.06404578158632507,0.06404578158632507,0.4,ACSM3,acyl-CoA synthetase medium-chain family member 3,6296,1,Unique,Higher value associated with pCR prediction
222177_s_at,4,-0.06308005246295104,0.06308005246295104,0.4,SCAND2P,SCAN domain containing 2 pseudogene,54581,1,Unique,Higher value associated with RD prediction
206410_at,4,-0.06268478483774338,0.06268478483774338,0.4,NR0B2,"nuclear receptor subfamily 0, group B, member 2",8431,1,Unique,Higher value associated with RD prediction
222014_x_at,4,0.06144826254377792,0.06144826254377793,0.4,MTO1,mitochondrial tRNA translation optimization 1,25821,1,Unique,Higher value associated with pCR prediction
215695_s_at,4,0.06142265656600814,0.06142265656600814,0.4,GYG2,glycogenin 2,8908,1,Unique,Higher value associated with pCR prediction
215705_at,4,-0.06088061373007301,0.06088061373007301,0.4,PPP5C,"protein phosphatase 5, catalytic subunit",5536,1,Unique,Higher value associated with RD prediction
217695_x_at,4,-0.060171022738236976,0.060171022738236976,0.4,,,,0,No gene symbol,Higher value associated with RD prediction
206506_s_at,4,-0.05993644091136644,0.05993644091136645,0.4,SUPT3H,suppressor of Ty 3 homolog (S. cerevisiae),8464,1,Unique,Higher value associated with RD prediction
219126_at,4,0.0597043383416897,0.05970433834168969,0.4,PHF10,PHD finger protein 10,55274,1,Unique,Higher value associated with pCR prediction
221177_at,4,0.05949204544031167,0.05949204544031167,0.4,MIA2,melanoma inhibitory activity 2,117153,1,Unique,Higher value associated with pCR prediction
202156_s_at,4,-0.058624581455709784,0.058624581455709784,0.4,CELF2,"CUGBP, Elav-like family member 2",10659,1,Unique,Higher value associated with RD prediction
205665_at,4,-0.05715423903658079,0.05715423903658079,0.4,TSPAN9,tetraspanin 9,10867,1,Unique,Higher value associated with RD prediction
219076_s_at,4,0.05607692015963437,0.05607692015963437,0.4,PXMP2,"peroxisomal membrane protein 2, 22kDa",5827,1,Unique,Higher value associated with pCR prediction
214723_x_at,4,0.05581421770909055,0.05581421770909055,0.4,ANKRD36,ankyrin repeat domain 36,375248,1,Unique,Higher value associated with pCR prediction
203736_s_at,4,-0.05543510423220946,0.05543510423220946,0.4,PPFIBP1,"PTPRF interacting protein, binding protein 1 (liprin beta 1)",8496,1,Unique,Higher value associated with RD prediction
205234_at,4,-0.054961169634748154,0.054961169634748154,0.4,SLC16A4,"solute carrier family 16, member 4",9122,1,Unique,Higher value associated with RD prediction
215598_at,4,-0.054603209313464435,0.054603209313464435,0.4,TTC12,tetratricopeptide repeat domain 12,54970,1,Unique,Higher value associated with RD prediction
221225_at,4,0.054258937977895015,0.054258937977895015,0.4,DCAKD,dephospho-CoA kinase domain containing,79877,1,Unique,Higher value associated with pCR prediction
221384_at,4,-0.05399569950969475,0.05399569950969476,0.4,UCP1,"uncoupling protein 1 (mitochondrial, proton carrier)",7350,1,Unique,Higher value associated with RD prediction
219850_s_at,4,0.05359607462074073,0.05359607462074072,0.4,EHF,ets homologous factor,26298,1,Unique,Higher value associated with pCR prediction
213015_at,4,0.053217597480799,0.053217597480799,0.4,BBX,bobby sox homolog (Drosophila),56987,1,Unique,Higher value associated with pCR prediction
206957_at,4,0.0528878682031714,0.0528878682031714,0.4,AGXT,alanine-glyoxylate aminotransferase,189,1,Unique,Higher value associated with pCR prediction
207696_at,4,0.052756529453801035,0.052756529453801035,0.4,FUT9,"fucosyltransferase 9 (alpha (1,3) fucosyltransferase)",10690,1,Unique,Higher value associated with pCR prediction
220503_at,4,-0.0524776566955554,0.05247765669555541,0.4,SLC13A1,"solute carrier family 13 (sodium/sulfate symporter), member 1",6561,1,Unique,Higher value associated with RD prediction
209678_s_at,4,0.05243970332742232,0.05243970332742233,0.4,PRKCI,"protein kinase C, iota",5584,1,Unique,Higher value associated with pCR prediction
205301_s_at,4,0.051985831106358134,0.051985831106358134,0.4,OGG1,8-oxoguanine DNA glycosylase,4968,1,Unique,Higher value associated with pCR prediction
209989_at,4,0.05048830054611498,0.05048830054611498,0.4,ZNF268,zinc finger protein 268,10795,1,Unique,Higher value associated with pCR prediction
200092_s_at,4,-0.049856617893729124,0.049856617893729124,0.4,RPL37,ribosomal protein L37,6167,1,Unique,Higher value associated with RD prediction
211837_s_at,4,-0.04952533278431989,0.0495253327843199,0.4,PTCRA,pre T-cell antigen receptor alpha,171558,1,Unique,Higher value associated with RD prediction
208640_at,4,0.04949162164373486,0.04949162164373486,0.4,RAC1,"ras-related C3 botulinum toxin substrate 1 (rho family, small GTP binding protein Rac1)",5879,1,Unique,Higher value associated with pCR prediction
220184_at,4,-0.04862850244986468,0.04862850244986467,0.4,NANOG,Nanog homeobox,79923,1,Unique,Higher value associated with RD prediction
208800_at,4,0.04831316923386067,0.04831316923386067,0.4,SRP72,signal recognition particle 72kDa,6731,1,Unique,Higher value associated with pCR prediction
203872_at,4,-0.04749383992552887,0.04749383992552887,0.4,ACTA1,"actin, alpha 1, skeletal muscle",58,1,Unique,Higher value associated with RD prediction
211825_s_at,4,-0.04744696854766201,0.04744696854766201,0.4,FLI1,"Fli-1 proto-oncogene, ETS transcription factor",2313,1,Unique,Higher value associated with RD prediction
202359_s_at,4,-0.046901957337606985,0.046901957337606985,0.4,SNX19,sorting nexin 19,399979,1,Unique,Higher value associated with RD prediction
203570_at,4,-0.04638811303548125,0.04638811303548125,0.4,LOXL1,lysyl oxidase-like 1,4016,1,Unique,Higher value associated with RD prediction
202882_x_at,4,0.046099174254939895,0.046099174254939895,0.4,NOL7,"nucleolar protein 7, 27kDa",51406,1,Unique,Higher value associated with pCR prediction
208130_s_at,4,-0.046007648763617494,0.0460076487636175,0.4,TBXAS1,thromboxane A synthase 1 (platelet),6916,1,Unique,Higher value associated with RD prediction
206278_at,4,0.045845512994187765,0.045845512994187765,0.4,PTAFR,platelet-activating factor receptor,5724,1,Unique,Higher value associated with pCR prediction
215593_at,4,-0.04581363313602363,0.045813633136023636,0.4,,,,0,No gene symbol,Higher value associated with RD prediction
206245_s_at,4,0.04571951002862714,0.04571951002862715,0.4,IVNS1ABP,influenza virus NS1A binding protein,10625,1,Unique,Higher value associated with pCR prediction
206433_s_at,4,-0.045178478116193854,0.045178478116193854,0.4,SPOCK3,"sparc/osteonectin, cwcv and kazal-like domains proteoglycan (testican) 3",50859,1,Unique,Higher value associated with RD prediction
218120_s_at,4,-0.04444147152223563,0.04444147152223563,0.4,HMOX2,heme oxygenase (decycling) 2,3163,1,Unique,Higher value associated with RD prediction
221524_s_at,4,0.04407938871751074,0.04407938871751074,0.4,RRAGD,Ras-related GTP binding D,58528,1,Unique,Higher value associated with pCR prediction
215302_at,4,0.04362898927749025,0.04362898927749025,0.4,LOC257152,uncharacterized LOC257152,257152,1,Unique,Higher value associated with pCR prediction
206603_at,4,0.04360074150013437,0.04360074150013436,0.4,SLC2A4,"solute carrier family 2 (facilitated glucose transporter), member 4",6517,1,Unique,Higher value associated with pCR prediction
201780_s_at,4,0.04350960273345378,0.04350960273345378,0.4,RNF13,ring finger protein 13,11342,1,Unique,Higher value associated with pCR prediction
210596_at,4,0.04350669863041102,0.04350669863041102,0.4,MAGT1,magnesium transporter 1,84061,1,Unique,Higher value associated with pCR prediction
220955_x_at,4,0.04349583943757027,0.04349583943757027,0.4,RAB23,"RAB23, member RAS oncogene family",51715,1,Unique,Higher value associated with pCR prediction
213407_at,4,-0.04341945636964669,0.04341945636964669,0.4,PHLPP2,PH domain and leucine rich repeat protein phosphatase 2,23035,1,Unique,Higher value associated with RD prediction
221144_at,4,-0.04297905585003278,0.042979055850032775,0.4,,,,0,No gene symbol,Higher value associated with RD prediction
206415_at,4,-0.042505835865947646,0.042505835865947646,0.4,TLL1,tolloid-like 1,7092,1,Unique,Higher value associated with RD prediction
202696_at,4,0.04244364647638899,0.04244364647638899,0.4,OXSR1,oxidative stress responsive 1,9943,1,Unique,Higher value associated with pCR prediction
204246_s_at,4,0.04196753220225414,0.04196753220225414,0.4,DCTN3,dynactin 3 (p22),11258,1,Unique,Higher value associated with pCR prediction
216651_s_at,4,0.04144563587053764,0.04144563587053764,0.4,GAD2,"glutamate decarboxylase 2 (pancreatic islets and brain, 65kDa)",2572,1,Unique,Higher value associated with pCR prediction
218657_at,4,0.041106206571104476,0.041106206571104476,0.4,RAPGEFL1,Rap guanine nucleotide exchange factor (GEF)-like 1,51195,1,Unique,Higher value associated with pCR prediction
210196_s_at,4,-0.040571618960946444,0.040571618960946444,0.4,PSG1,pregnancy specific beta-1-glycoprotein 1,5669,1,Unique,Higher value associated with RD prediction
215674_at,4,-0.04034319332650639,0.04034319332650639,0.4,,,,0,No gene symbol,Higher value associated with RD prediction
216186_at,4,0.04025986672697175,0.04025986672697175,0.4,,,,0,No gene symbol,Higher value associated with pCR prediction
221389_at,4,0.040209218172794964,0.040209218172794964,0.4,PLA2G2E,"phospholipase A2, group IIE",30814,1,Unique,Higher value associated with pCR prediction
212221_x_at,4,-0.04008943611710934,0.04008943611710934,0.4,IDS,iduronate 2-sulfatase,3423,1,Unique,Higher value associated with RD prediction
212135_s_at,4,-0.04007173161621379,0.04007173161621379,0.4,ATP2B4,"ATPase, Ca++ transporting, plasma membrane 4",493,1,Unique,Higher value associated with RD prediction
214826_at,4,-0.039758499233647444,0.039758499233647444,0.4,PDE12,phosphodiesterase 12,201626,1,Unique,Higher value associated with RD prediction
208807_s_at,4,-0.03963199341684454,0.039631993416844535,0.4,CHD3,chromodomain helicase DNA binding protein 3,1107,1,Unique,Higher value associated with RD prediction
220108_at,4,-0.03779671637030963,0.03779671637030964,0.4,GNA14,"guanine nucleotide binding protein (G protein), alpha 14",9630,1,Unique,Higher value associated with RD prediction
213316_at,4,-0.037762660185970374,0.037762660185970374,0.4,KIAA1462,KIAA1462,57608,1,Unique,Higher value associated with RD prediction
200973_s_at,4,-0.03729942036047981,0.03729942036047981,0.4,TSPAN3,tetraspanin 3,10099,1,Unique,Higher value associated with RD prediction
221452_s_at,4,0.03639915423586194,0.03639915423586194,0.4,TMEM14B,transmembrane protein 14B,81853,1,Unique,Higher value associated with pCR prediction
217405_x_at,4,-0.03630251328162143,0.03630251328162143,0.4,GPLD1,glycosylphosphatidylinositol specific phospholipase D1,2822,1,Unique,Higher value associated with RD prediction
201581_at,4,0.035514983546377304,0.035514983546377304,0.4,TMX4,thioredoxin-related transmembrane protein 4,56255,1,Unique,Higher value associated with pCR prediction
220935_s_at,4,0.03546295084266489,0.03546295084266489,0.4,CDK5RAP2,CDK5 regulatory subunit associated protein 2,55755,1,Unique,Higher value associated with pCR prediction
218725_at,4,-0.03542179801452469,0.03542179801452469,0.4,SLC25A22,"solute carrier family 25 (mitochondrial carrier: glutamate), member 22",79751,1,Unique,Higher value associated with RD prediction
216958_s_at,4,-0.03526102907559335,0.03526102907559335,0.4,IVD,isovaleryl-CoA dehydrogenase,3712,1,Unique,Higher value associated with RD prediction
216078_at,4,-0.03506757851660433,0.03506757851660433,0.4,,,,0,No gene symbol,Higher value associated with RD prediction
210128_s_at,4,0.03380047764370048,0.03380047764370048,0.4,LTB4R,leukotriene B4 receptor,1241,1,Unique,Higher value associated with pCR prediction
217952_x_at,4,0.033781791143430204,0.033781791143430204,0.4,PHF3,PHD finger protein 3,23469,1,Unique,Higher value associated with pCR prediction
205833_s_at,4,0.03370853863948733,0.03370853863948733,0.4,PART1,prostate androgen-regulated transcript 1 (non-protein coding),25859,1,Unique,Higher value associated with pCR prediction
200921_s_at,4,0.032675504030127894,0.032675504030127894,0.4,BTG1,"B-cell translocation gene 1, anti-proliferative",694,1,Unique,Higher value associated with pCR prediction
209821_at,4,-0.03245542285425682,0.03245542285425682,0.4,IL33,interleukin 33,90865,1,Unique,Higher value associated with RD prediction
200934_at,4,0.03233340444433067,0.03233340444433067,0.4,DEK,DEK proto-oncogene,7913,1,Unique,Higher value associated with pCR prediction
202031_s_at,4,0.03231617389633136,0.03231617389633136,0.4,WIPI2,"WD repeat domain, phosphoinositide interacting 2",26100,1,Unique,Higher value associated with pCR prediction
218709_s_at,4,-0.03200753672054944,0.03200753672054944,0.4,IFT52,intraflagellar transport 52 homolog (Chlamydomonas),51098,1,Unique,Higher value associated with RD prediction
208275_x_at,4,-0.031731975226397015,0.031731975226397015,0.4,UTF1,undifferentiated embryonic cell transcription factor 1,8433,1,Unique,Higher value associated with RD prediction
203815_at,4,0.03166298742160497,0.03166298742160497,0.4,GSTT1,glutathione S-transferase theta 1,2952,1,Unique,Higher value associated with pCR prediction
212909_at,4,-0.03130604256156985,0.03130604256156986,0.4,LYPD1,LY6/PLAUR domain containing 1,116372,1,Unique,Higher value associated with RD prediction
212148_at,4,-0.03118784225269213,0.031187842252692128,0.4,PBX1,pre-B-cell leukemia homeobox 1,5087,1,Unique,Higher value associated with RD prediction
215099_s_at,4,0.030917071142878498,0.030917071142878498,0.4,RXRB,"retinoid X receptor, beta",6257,1,Unique,Higher value associated with pCR prediction
203538_at,4,-0.030855217169710313,0.030855217169710313,0.4,CAMLG,calcium modulating ligand,819,1,Unique,Higher value associated with RD prediction
212294_at,4,-0.029583001163839086,0.029583001163839086,0.4,GNG12,"guanine nucleotide binding protein (G protein), gamma 12",55970,1,Unique,Higher value associated with RD prediction
204851_s_at,4,0.02957407576488247,0.02957407576488247,0.4,DCX,doublecortin,1641,1,Unique,Higher value associated with pCR prediction
218373_at,4,-0.029522734962702326,0.02952273496270233,0.4,AKTIP,AKT interacting protein,64400,1,Unique,Higher value associated with RD prediction
216020_at,4,0.028991267686204306,0.028991267686204306,0.4,IFIH1,interferon induced with helicase C domain 1,64135,1,Unique,Higher value associated with pCR prediction
219215_s_at,4,-0.02840582360904926,0.02840582360904926,0.4,SLC39A4,"solute carrier family 39 (zinc transporter), member 4",55630,1,Unique,Higher value associated with RD prediction
200654_at,4,0.027747898764021454,0.027747898764021454,0.4,P4HB,"prolyl 4-hydroxylase, beta polypeptide",5034,1,Unique,Higher value associated with pCR prediction
204945_at,4,0.02743411520204879,0.02743411520204879,0.4,PTPRN,"protein tyrosine phosphatase, receptor type, N",5798,1,Unique,Higher value associated with pCR prediction
210578_at,4,-0.025082175291540137,0.025082175291540137,0.4,TRIM10,tripartite motif containing 10,10107,1,Unique,Higher value associated with RD prediction
216685_s_at,4,0.02468543560775925,0.02468543560775925,0.4,MTAP,methylthioadenosine phosphorylase,4507,1,Unique,Higher value associated with pCR prediction
221202_at,4,0.023638732393997035,0.023638732393997035,0.4,,,,0,No gene symbol,Higher value associated with pCR prediction
213776_at,4,-0.023565331920257733,0.023565331920257733,0.4,LOC157562,uncharacterized LOC157562,157562,1,Unique,Higher value associated with RD prediction
220307_at,4,-0.022736943231923455,0.022736943231923455,0.4,CD244,"CD244 molecule, natural killer cell receptor 2B4",51744,1,Unique,Higher value associated with RD prediction
208346_at,4,-0.02188765022341383,0.02188765022341383,0.4,PPBPP2,pro-platelet basic protein pseudogene 2,10895,1,Unique,Higher value associated with RD prediction
219095_at,4,-0.021626813906930067,0.021626813906930067,0.4,JMJD7-PLA2G4B /// PLA2G4B,"JMJD7-PLA2G4B readthrough /// phospholipase A2, group IVB (cytosolic)",8681 /// 100137049,2,Multiple genes,Higher value associated with RD prediction
205329_s_at,4,0.021214990283590328,0.02121499028359033,0.4,SNX4,sorting nexin 4,8723,1,Unique,Higher value associated with pCR prediction
205538_at,4,-0.01975356425790272,0.01975356425790272,0.4,CORO2A,"coronin, actin binding protein, 2A",7464,1,Unique,Higher value associated with RD prediction
220285_at,4,-0.019618872141987688,0.019618872141987688,0.4,ABHD17B,abhydrolase domain containing 17B,51104,1,Unique,Higher value associated with RD prediction
218375_at,4,-0.01902410659551145,0.01902410659551145,0.4,NUDT9,nudix (nucleoside diphosphate linked moiety X)-type motif 9,53343,1,Unique,Higher value associated with RD prediction
207065_at,4,-0.018284184517069493,0.018284184517069493,0.4,KRT75,keratin 75,9119,1,Unique,Higher value associated with RD prediction
206198_s_at,4,0.016843768727871716,0.016843768727871716,0.4,CEACAM7,carcinoembryonic antigen-related cell adhesion molecule 7,1087,1,Unique,Higher value associated with pCR prediction
221111_at,4,-0.01635585858106399,0.01635585858106399,0.4,IL26,interleukin 26,55801,1,Unique,Higher value associated with RD prediction
207240_s_at,4,-0.015703750972064605,0.015703750972064605,0.4,LHCGR,luteinizing hormone/choriogonadotropin receptor,3973,1,Unique,Higher value associated with RD prediction
207437_at,4,-0.01512351342949199,0.015123513429491989,0.4,NOVA1,neuro-oncological ventral antigen 1,4857,1,Unique,Higher value associated with RD prediction
203955_at,4,0.013268611208126972,0.013268611208126972,0.4,PPP1R26,"protein phosphatase 1, regulatory subunit 26",9858,1,Unique,Higher value associated with pCR prediction
206458_s_at,4,0.012785994583082801,0.012785994583082801,0.4,WNT2B,"wingless-type MMTV integration site family, member 2B",7482,1,Unique,Higher value associated with pCR prediction
204965_at,4,-0.012665949926263898,0.012665949926263898,0.4,GC,group-specific component (vitamin D binding protein),2638,1,Unique,Higher value associated with RD prediction
217814_at,4,0.0090620174486763,0.0090620174486763,0.4,CCDC47,coiled-coil domain containing 47,57003,1,Unique,Higher value associated with pCR prediction
202204_s_at,4,-0.00793905424729311,0.00793905424729311,0.4,AMFR,"autocrine motility factor receptor, E3 ubiquitin protein ligase",267,1,Unique,Higher value associated with RD prediction
215572_at,3,0.1190250863453179,0.1190250863453179,0.3,,,,0,No gene symbol,Higher value associated with pCR prediction
216768_x_at,3,0.113418821811949,0.113418821811949,0.3,TTC38,tetratricopeptide repeat domain 38,55020,1,Unique,Higher value associated with pCR prediction
215319_at,3,0.10312137598090891,0.10312137598090891,0.3,ATP8B3,"ATPase, aminophospholipid transporter, class I, type 8B, member 3",148229,1,Unique,Higher value associated with pCR prediction
207803_s_at,3,0.10032174605941986,0.10032174605941986,0.3,CSN3,casein kappa,1448,1,Unique,Higher value associated with pCR prediction
214864_s_at,3,0.09801838421051262,0.09801838421051262,0.3,GRHPR,glyoxylate reductase/hydroxypyruvate reductase,9380,1,Unique,Higher value associated with pCR prediction
204736_s_at,3,-0.09754913696855523,0.09754913696855523,0.3,CSPG4,chondroitin sulfate proteoglycan 4,1464,1,Unique,Higher value associated with RD prediction
220077_at,3,-0.09593941977164468,0.09593941977164468,0.3,CCDC134,coiled-coil domain containing 134,79879,1,Unique,Higher value associated with RD prediction
200845_s_at,3,-0.0932132921216619,0.09321329212166192,0.3,PRDX6,peroxiredoxin 6,9588,1,Unique,Higher value associated with RD prediction
210367_s_at,3,-0.09094333106157358,0.09094333106157358,0.3,PTGES,prostaglandin E synthase,9536,1,Unique,Higher value associated with RD prediction
207379_at,3,-0.09028546621070634,0.09028546621070634,0.3,EDIL3,EGF-like repeats and discoidin I-like domains 3,10085,1,Unique,Higher value associated with RD prediction
220300_at,3,-0.0896224390619359,0.08962243906193589,0.3,RGS3,regulator of G-protein signaling 3,5998,1,Unique,Higher value associated with RD prediction
202007_at,3,-0.08939569377583018,0.08939569377583018,0.3,NID1,nidogen 1,4811,1,Unique,Higher value associated with RD prediction
200723_s_at,3,0.08377627491264254,0.08377627491264254,0.3,CAPRIN1,cell cycle associated protein 1,4076,1,Unique,Higher value associated with pCR prediction
221622_s_at,3,-0.07926969470432545,0.07926969470432545,0.3,TMEM126B,transmembrane protein 126B,55863,1,Unique,Higher value associated with RD prediction
204947_at,3,0.0787214562448616,0.0787214562448616,0.3,E2F1,E2F transcription factor 1,1869,1,Unique,Higher value associated with pCR prediction
220457_at,3,-0.07828874718522838,0.07828874718522838,0.3,SAMD4B,sterile alpha motif domain containing 4B,55095,1,Unique,Higher value associated with RD prediction
215201_at,3,0.07772673549253187,0.07772673549253187,0.3,REPS1,RALBP1 associated Eps domain containing 1,85021,1,Unique,Higher value associated with pCR prediction
217458_at,3,0.07772054718968098,0.07772054718968098,0.3,,,,0,No gene symbol,Higher value associated with pCR prediction
205695_at,3,-0.0761623509747927,0.0761623509747927,0.3,SDS,serine dehydratase,10993,1,Unique,Higher value associated with RD prediction
212088_at,3,0.07383872995572431,0.07383872995572431,0.3,PMPCA,peptidase (mitochondrial processing) alpha,23203,1,Unique,Higher value associated with pCR prediction
209518_at,3,-0.07320696342729273,0.07320696342729273,0.3,SMARCD1,"SWI/SNF related, matrix associated, actin dependent regulator of chromatin, subfamily d, member 1",6602,1,Unique,Higher value associated with RD prediction
214566_at,3,0.0729421200841497,0.0729421200841497,0.3,SMR3A,submaxillary gland androgen regulated protein 3A,26952,1,Unique,Higher value associated with pCR prediction
205082_s_at,3,-0.07283194051850005,0.07283194051850005,0.3,AOX1,aldehyde oxidase 1,316,1,Unique,Higher value associated with RD prediction
212358_at,3,-0.07277207962864167,0.07277207962864168,0.3,CLIP3,CAP-GLY domain containing linker protein 3,25999,1,Unique,Higher value associated with RD prediction
213546_at,3,0.07116504610915961,0.07116504610915962,0.3,DKFZP586I1420,uncharacterized protein DKFZp586I1420,222161,1,Unique,Higher value associated with pCR prediction
205774_at,3,-0.070580365440875,0.070580365440875,0.3,F12,coagulation factor XII (Hageman factor),2161,1,Unique,Higher value associated with RD prediction
209658_at,3,0.07045904800518066,0.07045904800518066,0.3,CDC16,cell division cycle 16,8881,1,Unique,Higher value associated with pCR prediction
215860_at,3,0.06980591449979022,0.06980591449979022,0.3,SYT12,synaptotagmin XII,91683,1,Unique,Higher value associated with pCR prediction
206694_at,3,0.06901925268462343,0.06901925268462343,0.3,PNLIPRP1,pancreatic lipase-related protein 1,5407,1,Unique,Higher value associated with pCR prediction
213462_at,3,-0.06863679341720193,0.06863679341720194,0.3,NPAS2,neuronal PAS domain protein 2,4862,1,Unique,Higher value associated with RD prediction
215074_at,3,-0.0677544403120427,0.0677544403120427,0.3,MYO1B,myosin IB,4430,1,Unique,Higher value associated with RD prediction
210392_x_at,3,-0.0645226864587354,0.0645226864587354,0.3,NR6A1,"nuclear receptor subfamily 6, group A, member 1",2649,1,Unique,Higher value associated with RD prediction
210223_s_at,3,-0.06235127224546971,0.06235127224546971,0.3,MR1,"major histocompatibility complex, class I-related",3140,1,Unique,Higher value associated with RD prediction
205229_s_at,3,0.06180495959850756,0.06180495959850756,0.3,COCH,cochlin,1690,1,Unique,Higher value associated with pCR prediction
203161_s_at,3,0.061671278158097344,0.061671278158097344,0.3,RNF8,"ring finger protein 8, E3 ubiquitin protein ligase",9025,1,Unique,Higher value associated with pCR prediction
220638_s_at,3,-0.059853550242899685,0.059853550242899685,0.3,CBLC,"Cbl proto-oncogene C, E3 ubiquitin protein ligase",23624,1,Unique,Higher value associated with RD prediction
206985_at,3,0.0589626967745554,0.058962696774555394,0.3,HSD17B3,hydroxysteroid (17-beta) dehydrogenase 3,3293,1,Unique,Higher value associated with pCR prediction
221201_s_at,3,0.05891480028984763,0.05891480028984763,0.3,ZNF155,zinc finger protein 155,7711,1,Unique,Higher value associated with pCR prediction
222105_s_at,3,0.05737293950970867,0.05737293950970867,0.3,NKIRAS2,NFKB inhibitor interacting Ras-like 2,28511,1,Unique,Higher value associated with pCR prediction
220772_at,3,0.05732359916615779,0.05732359916615779,0.3,BPESC1,"blepharophimosis, epicanthus inversus and ptosis, candidate 1 (non-protein coding)",60467,1,Unique,Higher value associated with pCR prediction
217584_at,3,-0.056997881298708884,0.056997881298708884,0.3,NPC1,"Niemann-Pick disease, type C1",4864,1,Unique,Higher value associated with RD prediction
212883_at,3,0.056821532014797484,0.056821532014797484,0.3,,,,0,No gene symbol,Higher value associated with pCR prediction
214488_at,3,-0.05646786009552044,0.05646786009552044,0.3,RAP2B,"RAP2B, member of RAS oncogene family",5912,1,Unique,Higher value associated with RD prediction
211071_s_at,3,-0.056170923576582425,0.056170923576582425,0.3,MLLT11,"myeloid/lymphoid or mixed-lineage leukemia (trithorax homolog, Drosophila); translocated to, 11",10962,1,Unique,Higher value associated with RD prediction
202048_s_at,3,-0.05608148092557357,0.05608148092557357,0.3,CBX6,chromobox homolog 6,23466,1,Unique,Higher value associated with RD prediction
218511_s_at,3,-0.05596251471418206,0.05596251471418206,0.3,PNPO,pyridoxamine 5'-phosphate oxidase,55163,1,Unique,Higher value associated with RD prediction
215239_x_at,3,0.055792971880698115,0.055792971880698115,0.3,ZNF273,zinc finger protein 273,10793,1,Unique,Higher value associated with pCR prediction
216425_at,3,0.05554634690898543,0.05554634690898542,0.3,,,,0,No gene symbol,Higher value associated with pCR prediction
56821_at,3,-0.055318456601263756,0.055318456601263756,0.3,SLC38A7,"solute carrier family 38, member 7",55238,1,Unique,Higher value associated with RD prediction
203004_s_at,3,-0.054982119173279755,0.054982119173279755,0.3,MEF2D,myocyte enhancer factor 2D,4209,1,Unique,Higher value associated with RD prediction
214502_at,3,0.05477959067515795,0.05477959067515795,0.3,HIST1H2BJ,"histone cluster 1, H2bj",8970,1,Unique,Higher value associated with pCR prediction
207837_at,3,0.054171037930769085,0.054171037930769085,0.3,RBPMS,RNA binding protein with multiple splicing,11030,1,Unique,Higher value associated with pCR prediction
207531_at,3,-0.05405004817851247,0.05405004817851247,0.3,CRYGC,"crystallin, gamma C",1420,1,Unique,Higher value associated with RD prediction
206000_at,3,-0.05263468998632653,0.05263468998632653,0.3,MEP1A,"meprin A, alpha (PABA peptide hydrolase)",4224,1,Unique,Higher value associated with RD prediction
212286_at,3,0.05232276480701134,0.05232276480701134,0.3,ANKRD12,ankyrin repeat domain 12,23253,1,Unique,Higher value associated with pCR prediction
222210_at,3,-0.05203346196281284,0.05203346196281284,0.3,KIAA0195 /// MIR6785,KIAA0195 /// microRNA 6785,9772 /// 102466911,2,Multiple genes,Higher value associated with RD prediction
221851_at,3,0.05079338356122886,0.050793383561228846,0.3,DCAF15,DDB1 and CUL4 associated factor 15,90379,1,Unique,Higher value associated with pCR prediction
205756_s_at,3,-0.050604075140102546,0.050604075140102546,0.3,F8,"coagulation factor VIII, procoagulant component",2157,1,Unique,Higher value associated with RD prediction
207252_at,3,0.050100677263337695,0.050100677263337695,0.3,INE1,inactivation escape 1 (non-protein coding),8552,1,Unique,Higher value associated with pCR prediction
221831_at,3,-0.04950207100391091,0.04950207100391091,0.3,LUZP1,leucine zipper protein 1,7798,1,Unique,Higher value associated with RD prediction
216664_at,3,-0.04936532920044794,0.04936532920044794,0.3,LOC101929148,uncharacterized LOC101929148,101929148,1,Unique,Higher value associated with RD prediction
207433_at,3,0.049325232244454925,0.049325232244454925,0.3,IL10,interleukin 10,3586,1,Unique,Higher value associated with pCR prediction
215265_at,3,0.04908779293231636,0.04908779293231636,0.3,,,,0,No gene symbol,Higher value associated with pCR prediction
220523_at,3,0.04885204881224225,0.04885204881224225,0.3,EFHC2,EF-hand domain (C-terminal) containing 2,80258,1,Unique,Higher value associated with pCR prediction
222153_at,3,-0.04849184651971115,0.04849184651971114,0.3,MYEF2,myelin expression factor 2,50804,1,Unique,Higher value associated with RD prediction
222025_s_at,3,-0.04817369786382203,0.048173697863822036,0.3,OPLAH,5-oxoprolinase (ATP-hydrolysing),26873,1,Unique,Higher value associated with RD prediction
214071_at,3,-0.04755110865782658,0.04755110865782658,0.3,GNAL,"guanine nucleotide binding protein (G protein), alpha activating activity polypeptide, olfactory type",2774,1,Unique,Higher value associated with RD prediction
219046_s_at,3,-0.04741673527913243,0.04741673527913243,0.3,PKNOX2,PBX/knotted 1 homeobox 2,63876,1,Unique,Higher value associated with RD prediction
218347_at,3,0.04729413333119196,0.04729413333119196,0.3,TYW1,tRNA-yW synthesizing protein 1 homolog (S. cerevisiae),55253,1,Unique,Higher value associated with pCR prediction
210484_s_at,3,-0.046669056748571004,0.046669056748571004,0.3,LOC254896 /// TNFRSF10C,"uncharacterized LOC254896 /// tumor necrosis factor receptor superfamily, member 10c, decoy without an intracellular domain",8794 /// 254896,2,Multiple genes,Higher value associated with RD prediction
201519_at,3,0.04662220095848788,0.04662220095848788,0.3,TOMM70A,translocase of outer mitochondrial membrane 70 homolog A (S. cerevisiae),9868,1,Unique,Higher value associated with pCR prediction
207237_at,3,-0.04646982363034278,0.04646982363034278,0.3,KCNA3,"potassium voltage-gated channel, shaker-related subfamily, member 3",3738,1,Unique,Higher value associated with RD prediction
205292_s_at,3,0.04644508818432915,0.04644508818432915,0.3,HNRNPA2B1,heterogeneous nuclear ribonucleoprotein A2/B1,3181,1,Unique,Higher value associated with pCR prediction
202703_at,3,-0.04643341845559148,0.04643341845559148,0.3,DUSP11,dual specificity phosphatase 11 (RNA/RNP complex 1-interacting),8446,1,Unique,Higher value associated with RD prediction
205466_s_at,3,0.04620062417066686,0.04620062417066686,0.3,HS3ST1,heparan sulfate (glucosamine) 3-O-sulfotransferase 1,9957,1,Unique,Higher value associated with pCR prediction
201374_x_at,3,0.045611482517508024,0.04561148251750802,0.3,PPP2CB,"protein phosphatase 2, catalytic subunit, beta isozyme",5516,1,Unique,Higher value associated with pCR prediction
207443_at,3,-0.045577660423738516,0.045577660423738516,0.3,NR2E1,"nuclear receptor subfamily 2, group E, member 1",7101,1,Unique,Higher value associated with RD prediction
222360_at,3,-0.044377812050480914,0.044377812050480914,0.3,DPH5,diphthamide biosynthesis 5,51611,1,Unique,Higher value associated with RD prediction
216569_at,3,0.04388091218094523,0.04388091218094523,0.3,FABP3P2 /// FABP3P2,"fatty acid binding protein 3, pseudogene 2 ///",,2,Multiple genes,Higher value associated with pCR prediction
207981_s_at,3,0.04387727691709842,0.04387727691709842,0.3,ESRRG,estrogen-related receptor gamma,2104,1,Unique,Higher value associated with pCR prediction
201078_at,3,0.04369835254200858,0.04369835254200858,0.3,TM9SF2,transmembrane 9 superfamily member 2,9375,1,Unique,Higher value associated with pCR prediction
209818_s_at,3,-0.04355712341779407,0.04355712341779407,0.3,HABP4,hyaluronan binding protein 4,22927,1,Unique,Higher value associated with RD prediction
215365_at,3,0.04272151956988981,0.04272151956988981,0.3,CACNB2,"calcium channel, voltage-dependent, beta 2 subunit",783,1,Unique,Higher value associated with pCR prediction
208888_s_at,3,0.04258720410736949,0.04258720410736949,0.3,NCOR2,nuclear receptor corepressor 2,9612,1,Unique,Higher value associated with pCR prediction
217736_s_at,3,0.04244225794923979,0.04244225794923979,0.3,EIF2AK1,eukaryotic translation initiation factor 2-alpha kinase 1,27102,1,Unique,Higher value associated with pCR prediction
222012_at,3,-0.042430092108651174,0.042430092108651174,0.3,DCAF15,DDB1 and CUL4 associated factor 15,90379,1,Unique,Higher value associated with RD prediction
215718_s_at,3,0.0422328381047388,0.0422328381047388,0.3,PHF3,PHD finger protein 3,23469,1,Unique,Higher value associated with pCR prediction
212670_at,3,0.042005744548661274,0.042005744548661274,0.3,ELN,elastin,2006,1,Unique,Higher value associated with pCR prediction
212837_at,3,-0.04189588593045073,0.04189588593045073,0.3,FAM175B,"family with sequence similarity 175, member B",23172,1,Unique,Higher value associated with RD prediction
220140_s_at,3,-0.0413687516908417,0.041368751690841706,0.3,SNX11,sorting nexin 11,29916,1,Unique,Higher value associated with RD prediction
208970_s_at,3,-0.04111915920367816,0.04111915920367816,0.3,UROD,uroporphyrinogen decarboxylase,7389,1,Unique,Higher value associated with RD prediction
219255_x_at,3,0.04072845332509403,0.04072845332509403,0.3,IL17RB,interleukin 17 receptor B,55540,1,Unique,Higher value associated with pCR prediction
218953_s_at,3,-0.04064964657977272,0.04064964657977272,0.3,PCYOX1L,prenylcysteine oxidase 1 like,78991,1,Unique,Higher value associated with RD prediction
207337_at,3,0.04056896438040148,0.04056896438040148,0.3,CTAG2,cancer/testis antigen 2,30848,1,Unique,Higher value associated with pCR prediction
218835_at,3,0.04029743802522379,0.04029743802522379,0.3,SFTPA1 /// SFTPA2,surfactant protein A1 /// surfactant protein A2,653509 /// 729238,2,Multiple genes,Higher value associated with pCR prediction
207611_at,3,-0.04005579917132648,0.04005579917132648,0.3,HIST1H2BL,"histone cluster 1, H2bl",8340,1,Unique,Higher value associated with RD prediction
219229_at,3,-0.03971622461175037,0.03971622461175037,0.3,SLCO3A1,"solute carrier organic anion transporter family, member 3A1",28232,1,Unique,Higher value associated with RD prediction
210123_s_at,3,-0.03965369909679638,0.03965369909679638,0.3,CHRFAM7A /// CHRNA7 /// LOC101929970 /// LOC101930361,"CHRNA7 (cholinergic receptor, nicotinic, alpha 7, exons 5-10) and FAM7A (family with sequence similarity 7A, exons A-E) fusion /// cholinergic receptor, nicotinic, alpha 7 (neuronal) /// CHRNA7-FAM7A fusion protein-like /// uncharacterized LOC101930361",1139 /// 89832 /// 101929970 /// 101930361,4,Multiple genes,Higher value associated with RD prediction
218055_s_at,3,-0.0395471403034303,0.0395471403034303,0.3,WDR41,WD repeat domain 41,55255,1,Unique,Higher value associated with RD prediction
216763_at,3,0.03909034271000432,0.03909034271000432,0.3,,,,0,No gene symbol,Higher value associated with pCR prediction
205867_at,3,0.03811639475863251,0.03811639475863251,0.3,PTPN11,"protein tyrosine phosphatase, non-receptor type 11",5781,1,Unique,Higher value associated with pCR prediction
204352_at,3,-0.03805971091279963,0.03805971091279963,0.3,TRAF5,TNF receptor-associated factor 5,7188,1,Unique,Higher value associated with RD prediction
222031_at,3,0.03796849678545915,0.03796849678545915,0.3,LOC389906,zinc finger protein 839 pseudogene,389906,1,Unique,Higher value associated with pCR prediction
205635_at,3,-0.03759177707124536,0.03759177707124536,0.3,KALRN,"kalirin, RhoGEF kinase",8997,1,Unique,Higher value associated with RD prediction
215403_at,3,0.03756839190982611,0.03756839190982611,0.3,,,,0,No gene symbol,Higher value associated with pCR prediction
215081_at,3,-0.03745680028040923,0.03745680028040923,0.3,KIAA1024,KIAA1024,23251,1,Unique,Higher value associated with RD prediction
204707_s_at,3,0.037448367529499545,0.037448367529499545,0.3,MAPK4,mitogen-activated protein kinase 4,5596,1,Unique,Higher value associated with pCR prediction
209972_s_at,3,0.03733886908980852,0.03733886908980852,0.3,AIMP2,aminoacyl tRNA synthetase complex-interacting multifunctional protein 2,7965,1,Unique,Higher value associated with pCR prediction
219529_at,3,-0.03720135868899202,0.03720135868899202,0.3,CLIC3,chloride intracellular channel 3,9022,1,Unique,Higher value associated with RD prediction
210907_s_at,3,0.03710778934627054,0.03710778934627054,0.3,PDCD10,programmed cell death 10,11235,1,Unique,Higher value associated with pCR prediction
210625_s_at,3,0.03692198498412685,0.03692198498412685,0.3,AKAP1,A kinase (PRKA) anchor protein 1,8165,1,Unique,Higher value associated with pCR prediction
210179_at,3,0.03676075402051454,0.03676075402051454,0.3,KCNJ13,"potassium inwardly-rectifying channel, subfamily J, member 13",3769,1,Unique,Higher value associated with pCR prediction
206393_at,3,0.0365505817678663,0.0365505817678663,0.3,TNNI2,"troponin I type 2 (skeletal, fast)",7136,1,Unique,Higher value associated with pCR prediction
205193_at,3,0.036460161130312474,0.036460161130312474,0.3,MAFF,v-maf avian musculoaponeurotic fibrosarcoma oncogene homolog F,23764,1,Unique,Higher value associated with pCR prediction
218358_at,3,0.03635292827530813,0.03635292827530813,0.3,CRELD2,cysteine-rich with EGF-like domains 2,79174,1,Unique,Higher value associated with pCR prediction
220933_s_at,3,-0.0356732263772118,0.0356732263772118,0.3,ZCCHC6,"zinc finger, CCHC domain containing 6",79670,1,Unique,Higher value associated with RD prediction
221991_at,3,0.035336803355710815,0.035336803355710815,0.3,NXPH3,neurexophilin 3,11248,1,Unique,Higher value associated with pCR prediction
215742_at,3,-0.035167025407400715,0.035167025407400715,0.3,,,,0,No gene symbol,Higher value associated with RD prediction
204171_at,3,0.03494810280758303,0.03494810280758303,0.3,RPS6KB1,"ribosomal protein S6 kinase, 70kDa, polypeptide 1",6198,1,Unique,Higher value associated with pCR prediction
221410_x_at,3,0.034381157750727476,0.034381157750727476,0.3,PCDHB3,protocadherin beta 3,56132,1,Unique,Higher value associated with pCR prediction
208566_at,3,0.03429834540871974,0.03429834540871974,0.3,LOC100996843,ATP-sensitive inward rectifier potassium channel 12-like,100996843,1,Unique,Higher value associated with pCR prediction
59644_at,3,0.034252933512335965,0.034252933512335965,0.3,BMP2K,BMP2 inducible kinase,55589,1,Unique,Higher value associated with pCR prediction
208056_s_at,3,-0.03358565016337627,0.03358565016337627,0.3,CBFA2T3,"core-binding factor, runt domain, alpha subunit 2; translocated to, 3",863,1,Unique,Higher value associated with RD prediction
222205_x_at,3,-0.033208977060841034,0.033208977060841034,0.3,FAM182B /// FAM27B /// FAM27C,"family with sequence similarity 182, member B /// family with sequence similarity 27, member B /// family with sequence similarity 27, member C",728882 /// 100132948 /// 100133121,3,Multiple genes,Higher value associated with RD prediction
202757_at,3,0.03312301103195266,0.03312301103195266,0.3,NELFB,negative elongation factor complex member B,25920,1,Unique,Higher value associated with pCR prediction
209327_s_at,3,-0.03298494643154796,0.03298494643154795,0.3,NOP16,NOP16 nucleolar protein,51491,1,Unique,Higher value associated with RD prediction
213516_at,3,0.032099478349106536,0.032099478349106536,0.3,,,,0,No gene symbol,Higher value associated with pCR prediction
210045_at,3,0.03188855018895567,0.03188855018895567,0.3,IDH2,"isocitrate dehydrogenase 2 (NADP+), mitochondrial",3418,1,Unique,Higher value associated with pCR prediction
212244_at,3,-0.031829082108536966,0.031829082108536966,0.3,GCOM1 /// POLR2M,GRINL1A complex locus 1 /// polymerase (RNA) II (DNA directed) polypeptide M,81488 /// 145781,2,Multiple genes,Higher value associated with RD prediction
212690_at,3,-0.03143574383793373,0.03143574383793373,0.3,DDHD2,DDHD domain containing 2,23259,1,Unique,Higher value associated with RD prediction
205646_s_at,3,0.031271538465790144,0.031271538465790144,0.3,PAX6,paired box 6,5080,1,Unique,Higher value associated with pCR prediction
212689_s_at,3,0.031198201241692116,0.031198201241692116,0.3,KDM3A,lysine (K)-specific demethylase 3A,55818,1,Unique,Higher value associated with pCR prediction
211338_at,3,-0.031084089040560033,0.031084089040560026,0.3,IFNA2,"interferon, alpha 2",3440,1,Unique,Higher value associated with RD prediction
206279_at,3,0.030893793899036858,0.030893793899036858,0.3,PRKY,"protein kinase, Y-linked, pseudogene",5616,1,Unique,Higher value associated with pCR prediction
215442_s_at,3,0.030765603201365316,0.030765603201365316,0.3,TSHR,thyroid stimulating hormone receptor,7253,1,Unique,Higher value associated with pCR prediction
212466_at,3,0.030652770576455046,0.030652770576455046,0.3,SPRED2,"sprouty-related, EVH1 domain containing 2",200734,1,Unique,Higher value associated with pCR prediction
209612_s_at,3,-0.03049661443140551,0.030496614431405514,0.3,ADH1B,"alcohol dehydrogenase 1B (class I), beta polypeptide",125,1,Unique,Higher value associated with RD prediction
207385_at,3,0.030368020634002065,0.030368020634002065,0.3,TFDP3,"transcription factor Dp family, member 3",51270,1,Unique,Higher value associated with pCR prediction
213810_s_at,3,0.030192309637024906,0.030192309637024906,0.3,,,,0,No gene symbol,Higher value associated with pCR prediction
204414_at,3,-0.029993892556263353,0.029993892556263353,0.3,LARGE,like-glycosyltransferase,9215,1,Unique,Higher value associated with RD prediction
203835_at,3,-0.02984907887774968,0.02984907887774968,0.3,LRRC32,leucine rich repeat containing 32,2615,1,Unique,Higher value associated with RD prediction
204149_s_at,3,-0.0295392530621937,0.0295392530621937,0.3,GSTM4,glutathione S-transferase mu 4,2948,1,Unique,Higher value associated with RD prediction
213176_s_at,3,0.029467196674232823,0.029467196674232823,0.3,LTBP4,latent transforming growth factor beta binding protein 4,8425,1,Unique,Higher value associated with pCR prediction
208495_at,3,-0.028999104853937373,0.028999104853937373,0.3,TLX3,T-cell leukemia homeobox 3,30012,1,Unique,Higher value associated with RD prediction
201375_s_at,3,0.028967298201873073,0.028967298201873073,0.3,PPP2CB,"protein phosphatase 2, catalytic subunit, beta isozyme",5516,1,Unique,Higher value associated with pCR prediction
213100_at,3,-0.028923294037431203,0.028923294037431203,0.3,UNC5B,unc-5 homolog B (C. elegans),219699,1,Unique,Higher value associated with RD prediction
208107_s_at,3,0.028327566660912903,0.028327566660912896,0.3,LOC81691,exonuclease NEF-sp,81691,1,Unique,Higher value associated with pCR prediction
39966_at,3,0.028322562948722346,0.02832256294872235,0.3,CSPG5,chondroitin sulfate proteoglycan 5 (neuroglycan C),10675,1,Unique,Higher value associated with pCR prediction
214003_x_at,3,-0.027790574133191265,0.027790574133191265,0.3,RPS20 /// SNORD54,"ribosomal protein S20 /// small nucleolar RNA, C/D box 54",6224 /// 26795,2,Multiple genes,Higher value associated with RD prediction
215242_at,3,-0.027515728352358576,0.027515728352358576,0.3,PIGC,"phosphatidylinositol glycan anchor biosynthesis, class C",5279,1,Unique,Higher value associated with RD prediction
203851_at,3,-0.0272571328801133,0.0272571328801133,0.3,IGFBP6,insulin-like growth factor binding protein 6,3489,1,Unique,Higher value associated with RD prediction
220295_x_at,3,0.026969944429178615,0.026969944429178615,0.3,DEPDC1,DEP domain containing 1,55635,1,Unique,Higher value associated with pCR prediction
218337_at,3,0.026943872609570523,0.026943872609570523,0.3,FAM160B2,"family with sequence similarity 160, member B2",64760,1,Unique,Higher value associated with pCR prediction
206695_x_at,3,0.02666524703280679,0.02666524703280679,0.3,ZNF43,zinc finger protein 43,7594,1,Unique,Higher value associated with pCR prediction
220760_x_at,3,0.02643746527628477,0.02643746527628477,0.3,ZNF665,zinc finger protein 665,79788,1,Unique,Higher value associated with pCR prediction
216667_at,3,0.02637273473894103,0.02637273473894103,0.3,ECRP,"ribonuclease, RNase A family, 2 (liver, eosinophil-derived neurotoxin) pseudogene",643332,1,Unique,Higher value associated with pCR prediction
219987_at,3,-0.026255961745843274,0.026255961745843274,0.3,ERVMER34-1,"endogenous retrovirus group MER34, member 1",100288413,1,Unique,Higher value associated with RD prediction
204771_s_at,3,0.026047770066651463,0.026047770066651463,0.3,TTF1,"transcription termination factor, RNA polymerase I",7270,1,Unique,Higher value associated with pCR prediction
209860_s_at,3,-0.025908232162333514,0.025908232162333514,0.3,ANXA7,annexin A7,310,1,Unique,Higher value associated with RD prediction
213081_at,3,-0.025543339302937035,0.025543339302937035,0.3,ZBTB22,zinc finger and BTB domain containing 22,9278,1,Unique,Higher value associated with RD prediction
204516_at,3,0.025318422723074,0.025318422723074,0.3,ATXN7,ataxin 7,6314,1,Unique,Higher value associated with pCR prediction
205783_at,3,-0.025301057121273646,0.025301057121273646,0.3,KLK13,kallikrein-related peptidase 13,26085,1,Unique,Higher value associated with RD prediction
206172_at,3,0.024978539294511184,0.024978539294511184,0.3,IL13RA2,"interleukin 13 receptor, alpha 2",3598,1,Unique,Higher value associated with pCR prediction
213757_at,3,0.024925066557209514,0.02492506655720951,0.3,,,,0,No gene symbol,Higher value associated with pCR prediction
218503_at,3,0.024391703180506725,0.024391703180506725,0.3,FOCAD,focadhesin,54914,1,Unique,Higher value associated with pCR prediction
207022_s_at,3,0.024072181494944233,0.024072181494944233,0.3,LDHC,lactate dehydrogenase C,3948,1,Unique,Higher value associated with pCR prediction
218439_s_at,3,-0.02374714681361748,0.02374714681361748,0.3,COMMD10,COMM domain containing 10,51397,1,Unique,Higher value associated with RD prediction
210425_x_at,3,-0.023262117857296972,0.023262117857296972,0.3,GOLGA8A /// GOLGA8B /// LOC101930583,"golgin A8 family, member A /// golgin A8 family, member B /// uncharacterized LOC101930583",23015 /// 440270 /// 101930583,3,Multiple genes,Higher value associated with RD prediction
215212_at,3,0.022931843832261,0.022931843832261,0.3,,,,0,No gene symbol,Higher value associated with pCR prediction
210889_s_at,3,-0.022834104818755568,0.022834104818755568,0.3,FCGR2B,"Fc fragment of IgG, low affinity IIb, receptor (CD32)",2213,1,Unique,Higher value associated with RD prediction
215328_at,3,0.022620393954565166,0.022620393954565166,0.3,EFR3B,EFR3 homolog B (S. cerevisiae),22979,1,Unique,Higher value associated with pCR prediction
219797_at,3,0.02245249418659057,0.02245249418659057,0.3,MGAT4A,"mannosyl (alpha-1,3-)-glycoprotein beta-1,4-N-acetylglucosaminyltransferase, isozyme A",11320,1,Unique,Higher value associated with pCR prediction
209849_s_at,3,0.02241909408131644,0.02241909408131644,0.3,RAD51C,RAD51 paralog C,5889,1,Unique,Higher value associated with pCR prediction
219683_at,3,0.02201390003381941,0.02201390003381941,0.3,FZD3,frizzled class receptor 3,7976,1,Unique,Higher value associated with pCR prediction
202279_at,3,0.021768019644409248,0.021768019644409248,0.3,C14orf2,chromosome 14 open reading frame 2,9556,1,Unique,Higher value associated with pCR prediction
212102_s_at,3,-0.021506676292958382,0.021506676292958382,0.3,KPNA6,karyopherin alpha 6 (importin alpha 7),23633,1,Unique,Higher value associated with RD prediction
208642_s_at,3,0.02142053846403214,0.02142053846403214,0.3,XRCC5,X-ray repair complementing defective repair in Chinese hamster cells 5 (double-strand-break rejoining),7520,1,Unique,Higher value associated with pCR prediction
202717_s_at,3,0.021067943334348044,0.021067943334348044,0.3,CDC16,cell division cycle 16,8881,1,Unique,Higher value associated with pCR prediction
204195_s_at,3,0.021007609393128138,0.021007609393128138,0.3,PKNOX1,PBX/knotted 1 homeobox 1,5316,1,Unique,Higher value associated with pCR prediction
204610_s_at,3,-0.02049159129135237,0.020491591291352373,0.3,CCDC85B,coiled-coil domain containing 85B,11007,1,Unique,Higher value associated with RD prediction
203200_s_at,3,-0.02009113486548756,0.02009113486548756,0.3,MTRR,5-methyltetrahydrofolate-homocysteine methyltransferase reductase,4552,1,Unique,Higher value associated with RD prediction
217932_at,3,0.019967072853401806,0.019967072853401806,0.3,MRPS7,mitochondrial ribosomal protein S7,51081,1,Unique,Higher value associated with pCR prediction
220333_at,3,0.019808225893249966,0.019808225893249966,0.3,PAQR5,progestin and adipoQ receptor family member V,54852,1,Unique,Higher value associated with pCR prediction
212136_at,3,-0.019758937455066527,0.019758937455066527,0.3,ATP2B4,"ATPase, Ca++ transporting, plasma membrane 4",493,1,Unique,Higher value associated with RD prediction
221031_s_at,3,-0.01953569464595404,0.01953569464595404,0.3,APOLD1,apolipoprotein L domain containing 1,81575,1,Unique,Higher value associated with RD prediction
212818_s_at,3,0.019126997137401323,0.019126997137401323,0.3,ASB1,ankyrin repeat and SOCS box containing 1,51665,1,Unique,Higher value associated with pCR prediction
210654_at,3,-0.018445736657490452,0.018445736657490452,0.3,TNFRSF10D,"tumor necrosis factor receptor superfamily, member 10d, decoy with truncated death domain",8793,1,Unique,Higher value associated with RD prediction
217415_at,3,0.01816240713021106,0.01816240713021106,0.3,POLR2A,"polymerase (RNA) II (DNA directed) polypeptide A, 220kDa",5430,1,Unique,Higher value associated with pCR prediction
222256_s_at,3,-0.01813439097715838,0.01813439097715838,0.3,JMJD7 /// JMJD7-PLA2G4B,jumonji domain containing 7 /// JMJD7-PLA2G4B readthrough,8681 /// 100137047,2,Multiple genes,Higher value associated with RD prediction
204830_x_at,3,-0.01805103822065675,0.01805103822065675,0.3,PSG5,pregnancy specific beta-1-glycoprotein 5,5673,1,Unique,Higher value associated with RD prediction
220926_s_at,3,-0.017776825444962435,0.017776825444962435,0.3,EDEM3,"ER degradation enhancer, mannosidase alpha-like 3",80267,1,Unique,Higher value associated with RD prediction
211665_s_at,3,-0.017183833487374383,0.017183833487374383,0.3,SOS2,son of sevenless homolog 2 (Drosophila),6655,1,Unique,Higher value associated with RD prediction
202989_at,3,0.0171175002784241,0.0171175002784241,0.3,RGS1,regulator of G-protein signaling 1,5996,1,Unique,Higher value associated with pCR prediction
210025_s_at,3,-0.016922435689746055,0.016922435689746055,0.3,CARD10,"caspase recruitment domain family, member 10",29775,1,Unique,Higher value associated with RD prediction
216720_at,3,-0.016380693694652695,0.016380693694652695,0.3,CYP2U1,"cytochrome P450, family 2, subfamily U, polypeptide 1",113612,1,Unique,Higher value associated with RD prediction
217820_s_at,3,-0.016282653497827662,0.016282653497827662,0.3,ENAH,enabled homolog (Drosophila),55740,1,Unique,Higher value associated with RD prediction
205683_x_at,3,-0.016050094083661353,0.016050094083661353,0.3,TPSAB1,tryptase alpha/beta 1,7177,1,Unique,Higher value associated with RD prediction
216504_s_at,3,-0.015759949969633463,0.015759949969633463,0.3,SLC39A8,"solute carrier family 39 (zinc transporter), member 8",64116,1,Unique,Higher value associated with RD prediction
219655_at,3,-0.015615052411281404,0.015615052411281404,0.3,SUGCT,succinyl-CoA:glutarate-CoA transferase,79783,1,Unique,Higher value associated with RD prediction
204546_at,3,-0.015504944723106888,0.015504944723106892,0.3,KIAA0513,KIAA0513,9764,1,Unique,Higher value associated with RD prediction
214379_at,3,-0.01548005612910995,0.01548005612910995,0.3,HNRNPDL,heterogeneous nuclear ribonucleoprotein D-like,9987,1,Unique,Higher value associated with RD prediction
215025_at,3,0.015368288905313292,0.015368288905313292,0.3,NTRK3,"neurotrophic tyrosine kinase, receptor, type 3",4916,1,Unique,Higher value associated with pCR prediction
211728_s_at,3,-0.01449249501424151,0.01449249501424151,0.3,HYAL3,hyaluronoglucosaminidase 3,8372,1,Unique,Higher value associated with RD prediction
219369_s_at,3,0.014160524705369174,0.014160524705369174,0.3,OTUB2,"OTU deubiquitinase, ubiquitin aldehyde binding 2",78990,1,Unique,Higher value associated with pCR prediction
202487_s_at,3,0.013578701801125222,0.01357870180112522,0.3,H2AFV,"H2A histone family, member V",94239,1,Unique,Higher value associated with pCR prediction
211920_at,3,-0.013322233176769158,0.013322233176769158,0.3,CFB,complement factor B,629,1,Unique,Higher value associated with RD prediction
206922_at,3,0.013179737772729913,0.013179737772729913,0.3,VCY /// VCY1B,"variable charge, Y-linked /// variable charge, Y-linked 1B",9084 /// 353513,2,Multiple genes,Higher value associated with pCR prediction
222332_at,3,-0.013176969613272048,0.01317696961327205,0.3,,,,0,No gene symbol,Higher value associated with RD prediction
205703_at,3,0.01297604062229004,0.012976040622290042,0.3,,,,0,No gene symbol,Higher value associated with pCR prediction
217968_at,3,-0.012696334215414079,0.012696334215414079,0.3,TSSC1,tumor suppressing subtransferable candidate 1,7260,1,Unique,Higher value associated with RD prediction
205985_x_at,3,-0.01144526291746173,0.01144526291746173,0.3,CLCNKB,"chloride channel, voltage-sensitive Kb",1188,1,Unique,Higher value associated with RD prediction
201687_s_at,3,0.01139054813072928,0.01139054813072928,0.3,API5,apoptosis inhibitor 5,8539,1,Unique,Higher value associated with pCR prediction
211490_at,3,0.010884101525500662,0.010884101525500662,0.3,ADRA1A,adrenoceptor alpha 1A,148,1,Unique,Higher value associated with pCR prediction
219805_at,3,-0.01086690677330953,0.01086690677330953,0.3,CXorf56,chromosome X open reading frame 56,63932,1,Unique,Higher value associated with RD prediction
210701_at,3,-0.010390624323895368,0.010390624323895368,0.3,CFDP1,craniofacial development protein 1,10428,1,Unique,Higher value associated with RD prediction
218604_at,3,-0.009789241516215096,0.009789241516215096,0.3,LEMD3,LEM domain containing 3,23592,1,Unique,Higher value associated with RD prediction
212350_at,3,0.009127463460103572,0.009127463460103574,0.3,TBC1D1,"TBC1 (tre-2/USP6, BUB2, cdc16) domain family, member 1",23216,1,Unique,Higher value associated with pCR prediction
207906_at,3,-0.008726755968059725,0.008726755968059725,0.3,IL3,interleukin 3,3562,1,Unique,Higher value associated with RD prediction
216688_at,3,0.008722077932448119,0.008722077932448119,0.3,,,,0,No gene symbol,Higher value associated with pCR prediction
214914_at,3,0.008712419598442187,0.008712419598442187,0.3,FAM13C,"family with sequence similarity 13, member C",220965,1,Unique,Higher value associated with pCR prediction
210107_at,3,-0.008512779509785557,0.008512779509785557,0.3,CLCA1,chloride channel accessory 1,1179,1,Unique,Higher value associated with RD prediction
210588_x_at,3,0.0068009240699612354,0.0068009240699612354,0.3,HNRNPH3,heterogeneous nuclear ribonucleoprotein H3 (2H9),3189,1,Unique,Higher value associated with pCR prediction
203698_s_at,3,-0.006571547960529715,0.006571547960529715,0.3,FRZB,frizzled-related protein,2487,1,Unique,Higher value associated with RD prediction
204825_at,3,0.006040980432176209,0.006040980432176209,0.3,MELK,maternal embryonic leucine zipper kinase,9833,1,Unique,Higher value associated with pCR prediction
206749_at,3,-0.005987950493097509,0.005987950493097509,0.3,CD1B,CD1b molecule,910,1,Unique,Higher value associated with RD prediction
214130_s_at,3,-0.00298004330460399,0.00298004330460399,0.3,LOC100996724 /// LOC100996761 /// LOC101929792 /// LOC101930416 /// PDE4DIP,phosphodiesterase 4D interacting protein-like /// uncharacterized LOC100996761 /// uncharacterized LOC101929792 /// myomegalin-like /// phosphodiesterase 4D interacting protein,9659 /// 100996724 /// 100996761 /// 101929792 /// 101930416,5,Multiple genes,Higher value associated with RD prediction
215547_at,2,0.15830757539767812,0.15830757539767812,0.2,TSC22D2,"TSC22 domain family, member 2",9819,1,Unique,Higher value associated with pCR prediction
215815_at,2,-0.11501832394131478,0.11501832394131478,0.2,BUD31,BUD31 homolog (S. cerevisiae),8896,1,Unique,Higher value associated with RD prediction
211990_at,2,0.11386689111918802,0.11386689111918802,0.2,HLA-DPA1,"major histocompatibility complex, class II, DP alpha 1",3113,1,Unique,Higher value associated with pCR prediction
208380_at,2,0.11162377458978767,0.11162377458978767,0.2,LBX1,ladybird homeobox 1,10660,1,Unique,Higher value associated with pCR prediction
220812_s_at,2,0.10098254675188112,0.10098254675188112,0.2,HHLA2,HERV-H LTR-associating 2,11148,1,Unique,Higher value associated with pCR prediction
215818_at,2,-0.09696721821856256,0.09696721821856256,0.2,NUDT7,nudix (nucleoside diphosphate linked moiety X)-type motif 7,283927,1,Unique,Higher value associated with RD prediction
220247_at,2,-0.09649406332140233,0.09649406332140233,0.2,CASC5,cancer susceptibility candidate 5,57082,1,Unique,Higher value associated with RD prediction
215712_s_at,2,-0.09376086108622181,0.09376086108622181,0.2,IGFALS,"insulin-like growth factor binding protein, acid labile subunit",3483,1,Unique,Higher value associated with RD prediction
206239_s_at,2,0.08633933772255092,0.08633933772255092,0.2,SPINK1,"serine peptidase inhibitor, Kazal type 1",6690,1,Unique,Higher value associated with pCR prediction
203579_s_at,2,-0.08466012723358388,0.08466012723358388,0.2,SLC7A6,"solute carrier family 7 (amino acid transporter light chain, y+L system), member 6",9057,1,Unique,Higher value associated with RD prediction
219526_at,2,-0.08342033658969342,0.08342033658969342,0.2,C14orf169,chromosome 14 open reading frame 169,79697,1,Unique,Higher value associated with RD prediction
215305_at,2,-0.08332766320597121,0.08332766320597121,0.2,PDGFRA,"platelet-derived growth factor receptor, alpha polypeptide",5156,1,Unique,Higher value associated with RD prediction
210368_at,2,-0.0829518939211102,0.0829518939211102,0.2,PCDHGA8,"protocadherin gamma subfamily A, 8",9708,1,Unique,Higher value associated with RD prediction
207757_at,2,-0.08227173055468151,0.08227173055468151,0.2,ZFP2,ZFP2 zinc finger protein,80108,1,Unique,Higher value associated with RD prediction
217434_at,2,-0.08068167200145511,0.08068167200145511,0.2,MC2R,melanocortin 2 receptor (adrenocorticotropic hormone),4158,1,Unique,Higher value associated with RD prediction
200876_s_at,2,0.07942682586580123,0.07942682586580123,0.2,PSMB1,"proteasome (prosome, macropain) subunit, beta type, 1",5689,1,Unique,Higher value associated with pCR prediction
214878_at,2,-0.07797953647819328,0.07797953647819328,0.2,LOC101929740 /// ZNF37A,zinc finger protein 761-like /// zinc finger protein 37A,7587 /// 101929740,2,Multiple genes,Higher value associated with RD prediction
211412_at,2,-0.07716042309302973,0.07716042309302973,0.2,PADI4,"peptidyl arginine deiminase, type IV",23569,1,Unique,Higher value associated with RD prediction
207182_at,2,0.07702217580386246,0.07702217580386246,0.2,GABRA6,"gamma-aminobutyric acid (GABA) A receptor, alpha 6",2559,1,Unique,Higher value associated with pCR prediction
213369_at,2,-0.0764155863553375,0.0764155863553375,0.2,CDHR1,cadherin-related family member 1,92211,1,Unique,Higher value associated with RD prediction
218044_x_at,2,-0.07592629903726782,0.07592629903726782,0.2,PTMS,parathymosin,5763,1,Unique,Higher value associated with RD prediction
211065_x_at,2,0.07524694941071844,0.07524694941071844,0.2,PFKL,"phosphofructokinase, liver",5211,1,Unique,Higher value associated with pCR prediction
220619_at,2,-0.07359643946348664,0.07359643946348664,0.2,CHD7,chromodomain helicase DNA binding protein 7,55636,1,Unique,Higher value associated with RD prediction
212628_at,2,-0.07316460576553944,0.07316460576553944,0.2,PKN2,protein kinase N2,5586,1,Unique,Higher value associated with RD prediction
204523_at,2,0.07264411468142576,0.07264411468142576,0.2,ZNF140,zinc finger protein 140,7699,1,Unique,Higher value associated with pCR prediction
211312_s_at,2,-0.07241318418379569,0.07241318418379569,0.2,WISP1,WNT1 inducible signaling pathway protein 1,8840,1,Unique,Higher value associated with RD prediction
218446_s_at,2,-0.07192911140056207,0.07192911140056207,0.2,TVP23B,trans-golgi network vesicle protein 23 homolog B (S. cerevisiae),51030,1,Unique,Higher value associated with RD prediction
207346_at,2,0.07067881244105124,0.07067881244105124,0.2,STX2,syntaxin 2,2054,1,Unique,Higher value associated with pCR prediction
209805_at,2,0.06974616544591639,0.06974616544591639,0.2,PMS2 /// PMS2CL,PMS2 postmeiotic segregation increased 2 (S. cerevisiae) /// PMS2 C-terminal like pseudogene,5395 /// 441194,2,Multiple genes,Higher value associated with pCR prediction
201405_s_at,2,-0.06972849842062673,0.06972849842062673,0.2,COPS6,COP9 signalosome subunit 6,10980,1,Unique,Higher value associated with RD prediction
220095_at,2,0.06947743711887461,0.06947743711887461,0.2,CNTLN,"centlein, centrosomal protein",54875,1,Unique,Higher value associated with pCR prediction
222234_s_at,2,-0.06913211535456415,0.06913211535456415,0.2,DBNDD1,dysbindin (dystrobrevin binding protein 1) domain containing 1,79007,1,Unique,Higher value associated with RD prediction
217524_x_at,2,0.06911033659052347,0.06911033659052347,0.2,,,,0,No gene symbol,Higher value associated with pCR prediction
217226_s_at,2,-0.06762732092233568,0.06762732092233568,0.2,SFXN3,sideroflexin 3,81855,1,Unique,Higher value associated with RD prediction
207067_s_at,2,-0.06676454397008658,0.06676454397008658,0.2,HDC,histidine decarboxylase,3067,1,Unique,Higher value associated with RD prediction
209700_x_at,2,-0.06666436837001016,0.06666436837001016,0.2,PDE4DIP,phosphodiesterase 4D interacting protein,9659,1,Unique,Higher value associated with RD prediction
217424_at,2,0.06547888878137678,0.06547888878137678,0.2,,,,0,No gene symbol,Higher value associated with pCR prediction
203750_s_at,2,0.06449110328677747,0.06449110328677747,0.2,RARA,"retinoic acid receptor, alpha",5914,1,Unique,Higher value associated with pCR prediction
205690_s_at,2,-0.06415952122231383,0.06415952122231383,0.2,BUD31,BUD31 homolog (S. cerevisiae),8896,1,Unique,Higher value associated with RD prediction
220221_at,2,-0.06392319718025408,0.06392319718025408,0.2,VPS13D,vacuolar protein sorting 13 homolog D (S. cerevisiae),55187,1,Unique,Higher value associated with RD prediction
206566_at,2,-0.06366347769807194,0.06366347769807194,0.2,SLC7A1,"solute carrier family 7 (cationic amino acid transporter, y+ system), member 1",6541,1,Unique,Higher value associated with RD prediction
201956_s_at,2,-0.06330870591514323,0.06330870591514323,0.2,GNPAT,glyceronephosphate O-acyltransferase,8443,1,Unique,Higher value associated with RD prediction
212182_at,2,0.06310723631448155,0.06310723631448155,0.2,NUDT4,nudix (nucleoside diphosphate linked moiety X)-type motif 4,11163,1,Unique,Higher value associated with pCR prediction
216243_s_at,2,0.060577925790887284,0.060577925790887284,0.2,IL1RN,interleukin 1 receptor antagonist,3557,1,Unique,Higher value associated with pCR prediction
207117_at,2,0.06032344443507451,0.06032344443507451,0.2,ZNF117,zinc finger protein 117,51351,1,Unique,Higher value associated with pCR prediction
214745_at,2,0.059443858047486656,0.059443858047486656,0.2,PLCH1,"phospholipase C, eta 1",23007,1,Unique,Higher value associated with pCR prediction
219631_at,2,0.05936327208535392,0.05936327208535392,0.2,LRP12,low density lipoprotein receptor-related protein 12,29967,1,Unique,Higher value associated with pCR prediction
214501_s_at,2,-0.059021714124896915,0.059021714124896915,0.2,H2AFY,"H2A histone family, member Y",9555,1,Unique,Higher value associated with RD prediction
218240_at,2,0.05901664292067604,0.05901664292067604,0.2,NKIRAS2,NFKB inhibitor interacting Ras-like 2,28511,1,Unique,Higher value associated with pCR prediction
203072_at,2,-0.05804320793512735,0.05804320793512735,0.2,MYO1E,myosin IE,4643,1,Unique,Higher value associated with RD prediction
210869_s_at,2,-0.057958396255642294,0.057958396255642294,0.2,MCAM /// MIR6756,melanoma cell adhesion molecule /// microRNA 6756,4162 /// 102465453,2,Multiple genes,Higher value associated with RD prediction
211845_at,2,-0.0577460428675417,0.0577460428675417,0.2,PVRL1,poliovirus receptor-related 1 (herpesvirus entry mediator C),5818,1,Unique,Higher value associated with RD prediction
217629_at,2,-0.05737434921168778,0.05737434921168778,0.2,,,,0,No gene symbol,Higher value associated with RD prediction
219604_s_at,2,-0.05722209495043096,0.05722209495043096,0.2,ZNF3,zinc finger protein 3,7551,1,Unique,Higher value associated with RD prediction
203505_at,2,-0.05683324303729298,0.05683324303729298,0.2,ABCA1,"ATP-binding cassette, sub-family A (ABC1), member 1",19,1,Unique,Higher value associated with RD prediction
210664_s_at,2,-0.05659622255928372,0.05659622255928372,0.2,TFPI,tissue factor pathway inhibitor (lipoprotein-associated coagulation inhibitor),7035,1,Unique,Higher value associated with RD prediction
218937_at,2,-0.056247918806432595,0.056247918806432595,0.2,ZSCAN32,zinc finger and SCAN domain containing 32,54925,1,Unique,Higher value associated with RD prediction
207257_at,2,0.055802552682313676,0.055802552682313676,0.2,EPO,erythropoietin,2056,1,Unique,Higher value associated with pCR prediction
220262_s_at,2,0.05557906336682794,0.05557906336682794,0.2,DLK2,delta-like 2 homolog (Drosophila),65989,1,Unique,Higher value associated with pCR prediction
204141_at,2,-0.055213550388383395,0.055213550388383395,0.2,TUBB2A,"tubulin, beta 2A class IIa",7280,1,Unique,Higher value associated with RD prediction
213480_at,2,-0.05500437520888297,0.05500437520888297,0.2,VAMP4,vesicle-associated membrane protein 4,8674,1,Unique,Higher value associated with RD prediction
210643_at,2,-0.05491280211532717,0.05491280211532717,0.2,TNFSF11,"tumor necrosis factor (ligand) superfamily, member 11",8600,1,Unique,Higher value associated with RD prediction
221566_s_at,2,-0.054303936475865976,0.054303936475865976,0.2,NOL3,nucleolar protein 3 (apoptosis repressor with CARD domain),8996,1,Unique,Higher value associated with RD prediction
222367_at,2,0.053586655327284766,0.053586655327284766,0.2,WHAMMP2 /// WHAMMP3,"WAS protein homolog associated with actin, golgi membranes and microtubules pseudogene 2 /// WAS protein homolog associated with actin, golgi membranes and microtubules pseudogene 3",339005 /// 440253,2,Multiple genes,Higher value associated with pCR prediction
209415_at,2,0.05253137956195464,0.05253137956195464,0.2,FZR1,fizzy/cell division cycle 20 related 1 (Drosophila),51343,1,Unique,Higher value associated with pCR prediction
212317_at,2,-0.051881082077916425,0.051881082077916425,0.2,TNPO3,transportin 3,23534,1,Unique,Higher value associated with RD prediction
201855_s_at,2,-0.05168872830462083,0.05168872830462083,0.2,ATMIN,ATM interactor,23300,1,Unique,Higher value associated with RD prediction
212471_at,2,0.05167244578500372,0.05167244578500372,0.2,AVL9,AVL9 homolog (S. cerevisiase),23080,1,Unique,Higher value associated with pCR prediction
217999_s_at,2,0.05048927274147047,0.05048927274147047,0.2,PHLDA1,"pleckstrin homology-like domain, family A, member 1",22822,1,Unique,Higher value associated with pCR prediction
207586_at,2,0.04987330525696492,0.04987330525696492,0.2,SHH,sonic hedgehog,6469,1,Unique,Higher value associated with pCR prediction
205739_x_at,2,0.049715506216650655,0.049715506216650655,0.2,ZNF107,zinc finger protein 107,51427,1,Unique,Higher value associated with pCR prediction
207449_s_at,2,-0.04963975523928948,0.04963975523928948,0.2,POFUT2,protein O-fucosyltransferase 2,23275,1,Unique,Higher value associated with RD prediction
205810_s_at,2,-0.04958519495067351,0.04958519495067351,0.2,WASL,Wiskott-Aldrich syndrome-like,8976,1,Unique,Higher value associated with RD prediction
214840_at,2,-0.04949592804015468,0.04949592804015468,0.2,TOM1L2,target of myb1-like 2 (chicken),146691,1,Unique,Higher value associated with RD prediction
216703_at,2,-0.04897128805641116,0.04897128805641116,0.2,,,,0,No gene symbol,Higher value associated with RD prediction
218142_s_at,2,0.04797603285734473,0.04797603285734473,0.2,CRBN,cereblon,51185,1,Unique,Higher value associated with pCR prediction
201148_s_at,2,-0.04765507850741246,0.04765507850741246,0.2,TIMP3,TIMP metallopeptidase inhibitor 3,7078,1,Unique,Higher value associated with RD prediction
207899_at,2,0.04753158750784131,0.04753158750784131,0.2,GIP,gastric inhibitory polypeptide,2695,1,Unique,Higher value associated with pCR prediction
206786_at,2,-0.04740789542466978,0.04740789542466978,0.2,HTN3,histatin 3,3347,1,Unique,Higher value associated with RD prediction
210498_at,2,0.047222438193000066,0.047222438193000066,0.2,CLTC,"clathrin, heavy chain (Hc)",1213,1,Unique,Higher value associated with pCR prediction
216319_at,2,-0.047085167926688216,0.047085167926688216,0.2,RP11-69I8.2,,,1,Unique,Higher value associated with RD prediction
210449_x_at,2,-0.046289691797228916,0.046289691797228916,0.2,MAPK14,mitogen-activated protein kinase 14,1432,1,Unique,Higher value associated with RD prediction
203782_s_at,2,-0.046194091160664655,0.046194091160664655,0.2,POLRMT,polymerase (RNA) mitochondrial (DNA directed),5442,1,Unique,Higher value associated with RD prediction
215189_at,2,0.04588055308066654,0.04588055308066654,0.2,KRT86 /// LOC100509764,keratin 86 /// uncharacterized LOC100509764,3892 /// 100509764,2,Multiple genes,Higher value associated with pCR prediction
218693_at,2,-0.045701865731525425,0.045701865731525425,0.2,TSPAN15,tetraspanin 15,23555,1,Unique,Higher value associated with RD prediction
214344_at,2,0.04557367712210383,0.04557367712210383,0.2,LINC00950,long intergenic non-protein coding RNA 950,92973,1,Unique,Higher value associated with pCR prediction
206580_s_at,2,-0.04554078557510987,0.04554078557510987,0.2,EFEMP2,EGF containing fibulin-like extracellular matrix protein 2,30008,1,Unique,Higher value associated with RD prediction
207909_x_at,2,-0.04539862048936742,0.04539862048936742,0.2,DAZ1 /// DAZ2 /// DAZ3 /// DAZ4,deleted in azoospermia 1 /// deleted in azoospermia 2 /// deleted in azoospermia 3 /// deleted in azoospermia 4,1617 /// 57054 /// 57055 /// 57135,4,Multiple genes,Higher value associated with RD prediction
208815_x_at,2,-0.045016189003867134,0.045016189003867134,0.2,HSPA4,heat shock 70kDa protein 4,3308,1,Unique,Higher value associated with RD prediction
215805_at,2,0.0447403699806245,0.0447403699806245,0.2,,,,0,No gene symbol,Higher value associated with pCR prediction
203806_s_at,2,0.04471652106977555,0.04471652106977555,0.2,FANCA,"Fanconi anemia, complementation group A",2175,1,Unique,Higher value associated with pCR prediction
206140_at,2,0.04450562854135037,0.04450562854135037,0.2,LHX2,LIM homeobox 2,9355,1,Unique,Higher value associated with pCR prediction
217126_at,2,0.04406674961594514,0.04406674961594514,0.2,,,,0,No gene symbol,Higher value associated with pCR prediction
206422_at,2,0.04357779527412334,0.04357779527412334,0.2,GCG,glucagon,2641,1,Unique,Higher value associated with pCR prediction
202047_s_at,2,-0.04340406784032102,0.04340406784032102,0.2,CBX6,chromobox homolog 6,23466,1,Unique,Higher value associated with RD prediction
215957_at,2,-0.043102580756786364,0.043102580756786364,0.2,UBE2D1,ubiquitin-conjugating enzyme E2D 1,7321,1,Unique,Higher value associated with RD prediction
213083_at,2,0.04309405439867077,0.04309405439867077,0.2,SLC35D2,"solute carrier family 35 (UDP-GlcNAc/UDP-glucose transporter), member D2",11046,1,Unique,Higher value associated with pCR prediction
215103_at,2,-0.04277459297237222,0.04277459297237222,0.2,CYP2C18,"cytochrome P450, family 2, subfamily C, polypeptide 18",1562,1,Unique,Higher value associated with RD prediction
205090_s_at,2,-0.04276497122903508,0.04276497122903508,0.2,NAGPA,N-acetylglucosamine-1-phosphodiester alpha-N-acetylglucosaminidase,51172,1,Unique,Higher value associated with RD prediction
214237_x_at,2,-0.042667014305175346,0.042667014305175346,0.2,PAWR,"PRKC, apoptosis, WT1, regulator",5074,1,Unique,Higher value associated with RD prediction
213805_at,2,0.04256566352987587,0.04256566352987587,0.2,ABHD5,abhydrolase domain containing 5,51099,1,Unique,Higher value associated with pCR prediction
212155_at,2,-0.04223915641071906,0.04223915641071906,0.2,RNF187,ring finger protein 187,149603,1,Unique,Higher value associated with RD prediction
206395_at,2,0.04222875221064576,0.04222875221064576,0.2,DGKG,"diacylglycerol kinase, gamma 90kDa",1608,1,Unique,Higher value associated with pCR prediction
207754_at,2,0.04147591166368524,0.04147591166368524,0.2,RASSF8,Ras association (RalGDS/AF-6) domain family (N-terminal) member 8,11228,1,Unique,Higher value associated with pCR prediction
217493_x_at,2,-0.041425101190155265,0.041425101190155265,0.2,NCR2,natural cytotoxicity triggering receptor 2,9436,1,Unique,Higher value associated with RD prediction
217422_s_at,2,0.04080394820366646,0.04080394820366646,0.2,CD22,CD22 molecule,933,1,Unique,Higher value associated with pCR prediction
209621_s_at,2,0.04041517117457524,0.04041517117457524,0.2,PDLIM3,PDZ and LIM domain 3,27295,1,Unique,Higher value associated with pCR prediction
220041_at,2,-0.04032366773874111,0.04032366773874111,0.2,PIGZ,"phosphatidylinositol glycan anchor biosynthesis, class Z",80235,1,Unique,Higher value associated with RD prediction
203377_s_at,2,0.04023862638529413,0.04023862638529413,0.2,CDC40,cell division cycle 40,51362,1,Unique,Higher value associated with pCR prediction
211437_at,2,0.04017494374521559,0.04017494374521559,0.2,,,,0,No gene symbol,Higher value associated with pCR prediction
203401_at,2,0.04010099119246928,0.04010099119246928,0.2,PRPS2,phosphoribosyl pyrophosphate synthetase 2,5634,1,Unique,Higher value associated with pCR prediction
211492_s_at,2,-0.04001585514683996,0.04001585514683996,0.2,ADRA1A,adrenoceptor alpha 1A,148,1,Unique,Higher value associated with RD prediction
214577_at,2,-0.039483180457238656,0.039483180457238656,0.2,MAP1B,microtubule-associated protein 1B,4131,1,Unique,Higher value associated with RD prediction
220814_at,2,-0.03939744051712092,0.03939744051712092,0.2,,,,0,No gene symbol,Higher value associated with RD prediction
202859_x_at,2,0.03939384919502985,0.03939384919502985,0.2,CXCL8,chemokine (C-X-C motif) ligand 8,3576,1,Unique,Higher value associated with pCR prediction
216419_at,2,0.039312267715965216,0.039312267715965216,0.2,CROCC,"ciliary rootlet coiled-coil, rootletin",9696,1,Unique,Higher value associated with pCR prediction
204472_at,2,-0.039161608155449355,0.039161608155449355,0.2,GEM,GTP binding protein overexpressed in skeletal muscle,2669,1,Unique,Higher value associated with RD prediction
211883_x_at,2,0.038467146277509856,0.038467146277509856,0.2,CEACAM1,carcinoembryonic antigen-related cell adhesion molecule 1 (biliary glycoprotein),634,1,Unique,Higher value associated with pCR prediction
210605_s_at,2,0.03821056690642922,0.03821056690642922,0.2,MFGE8,milk fat globule-EGF factor 8 protein,4240,1,Unique,Higher value associated with pCR prediction
221051_s_at,2,-0.03813242182730262,0.03813242182730262,0.2,NMRK2,nicotinamide riboside kinase 2,27231,1,Unique,Higher value associated with RD prediction
213005_s_at,2,0.03795469548151255,0.03795469548151255,0.2,KANK1,KN motif and ankyrin repeat domains 1,23189,1,Unique,Higher value associated with pCR prediction
216962_at,2,-0.0376708158553993,0.0376708158553993,0.2,RPAIN,RPA interacting protein,84268,1,Unique,Higher value associated with RD prediction
210780_at,2,0.0367756258025917,0.0367756258025917,0.2,ESR2,estrogen receptor 2 (ER beta),2100,1,Unique,Higher value associated with pCR prediction
208413_at,2,0.03674968924174883,0.03674968924174883,0.2,RARB,"retinoic acid receptor, beta",5915,1,Unique,Higher value associated with pCR prediction
213202_at,2,-0.036715292070912474,0.036715292070912474,0.2,SETD1A,SET domain containing 1A,9739,1,Unique,Higher value associated with RD prediction
206447_at,2,0.03635634300252086,0.03635634300252086,0.2,CELA2A /// CELA2B,"chymotrypsin-like elastase family, member 2A /// chymotrypsin-like elastase family, member 2B",51032 /// 63036,2,Multiple genes,Higher value associated with pCR prediction
215940_at,2,0.03633642050056301,0.03633642050056301,0.2,LINC01361,long intergenic non-protein coding RNA 1361,101927498,1,Unique,Higher value associated with pCR prediction
210138_at,2,-0.03633570292843551,0.03633570292843551,0.2,RGS20,regulator of G-protein signaling 20,8601,1,Unique,Higher value associated with RD prediction
215635_at,2,-0.03632874656101114,0.03632874656101114,0.2,,,,0,No gene symbol,Higher value associated with RD prediction
203792_x_at,2,-0.03628344004864692,0.03628344004864692,0.2,PCGF2,polycomb group ring finger 2,7703,1,Unique,Higher value associated with RD prediction
213641_at,2,0.03626839941735939,0.03626839941735939,0.2,ZNF500,zinc finger protein 500,26048,1,Unique,Higher value associated with pCR prediction
206154_at,2,-0.036177711539279025,0.036177711539279025,0.2,RLBP1,retinaldehyde binding protein 1,6017,1,Unique,Higher value associated with RD prediction
202479_s_at,2,-0.03617265956529767,0.03617265956529767,0.2,TRIB2,tribbles pseudokinase 2,28951,1,Unique,Higher value associated with RD prediction
201832_s_at,2,-0.0358984286740565,0.0358984286740565,0.2,USO1,USO1 vesicle transport factor,8615,1,Unique,Higher value associated with RD prediction
206190_at,2,-0.03579299062569721,0.03579299062569721,0.2,GPR17,G protein-coupled receptor 17,2840,1,Unique,Higher value associated with RD prediction
216148_at,2,-0.03503016083988048,0.03503016083988048,0.2,,,,0,No gene symbol,Higher value associated with RD prediction
220217_x_at,2,0.034998597985794765,0.034998597985794765,0.2,SPANXA1 /// SPANXA2 /// SPANXC,"sperm protein associated with the nucleus, X-linked, family member A1 /// SPANX family, member A2 /// SPANX family, member C",30014 /// 64663 /// 728712,3,Multiple genes,Higher value associated with pCR prediction
208855_s_at,2,0.03481055999255527,0.03481055999255527,0.2,STK24,serine/threonine kinase 24,8428,1,Unique,Higher value associated with pCR prediction
216258_s_at,2,-0.03457879414212884,0.03457879414212884,0.2,SERPINB13,"serpin peptidase inhibitor, clade B (ovalbumin), member 13",5275,1,Unique,Higher value associated with RD prediction
221264_s_at,2,0.034537288495251166,0.034537288495251166,0.2,TARDBP,TAR DNA binding protein,23435,1,Unique,Higher value associated with pCR prediction
215879_at,2,0.03446152171289566,0.03446152171289566,0.2,ITGB1,"integrin, beta 1 (fibronectin receptor, beta polypeptide, antigen CD29 includes MDF2, MSK12)",3688,1,Unique,Higher value associated with pCR prediction
220284_at,2,-0.03445382342984277,0.03445382342984277,0.2,DKKL1,dickkopf-like 1,27120,1,Unique,Higher value associated with RD prediction
210432_s_at,2,-0.034446640079054104,0.034446640079054104,0.2,SCN3A,"sodium channel, voltage-gated, type III, alpha subunit",6328,1,Unique,Higher value associated with RD prediction
214444_s_at,2,-0.03407879595616112,0.03407879595616112,0.2,PVR,poliovirus receptor,5817,1,Unique,Higher value associated with RD prediction
219045_at,2,-0.03395856553194995,0.03395856553194995,0.2,RHOF,ras homolog family member F (in filopodia),54509,1,Unique,Higher value associated with RD prediction
213177_at,2,0.03373142834129134,0.03373142834129134,0.2,MAPK8IP3,mitogen-activated protein kinase 8 interacting protein 3,23162,1,Unique,Higher value associated with pCR prediction
210170_at,2,0.03368951810460949,0.03368951810460949,0.2,PDLIM3,PDZ and LIM domain 3,27295,1,Unique,Higher value associated with pCR prediction
209309_at,2,0.0328833168744465,0.0328833168744465,0.2,AZGP1,"alpha-2-glycoprotein 1, zinc-binding",563,1,Unique,Higher value associated with pCR prediction
211588_s_at,2,0.032801574232156155,0.032801574232156155,0.2,PML,promyelocytic leukemia,5371,1,Unique,Higher value associated with pCR prediction
217806_s_at,2,-0.03175538873399202,0.03175538873399202,0.2,POLDIP2,"polymerase (DNA-directed), delta interacting protein 2",26073,1,Unique,Higher value associated with RD prediction
208437_at,2,-0.031664300081517514,0.031664300081517514,0.2,CLCN1,"chloride channel, voltage-sensitive 1",1180,1,Unique,Higher value associated with RD prediction
220125_at,2,-0.031663397157416326,0.031663397157416326,0.2,DNAI1,"dynein, axonemal, intermediate chain 1",27019,1,Unique,Higher value associated with RD prediction
213203_at,2,-0.03163150714409781,0.03163150714409781,0.2,SNAPC5,"small nuclear RNA activating complex, polypeptide 5, 19kDa",10302,1,Unique,Higher value associated with RD prediction
215137_at,2,-0.03159939887207637,0.03159939887207637,0.2,,,,0,No gene symbol,Higher value associated with RD prediction
213300_at,2,0.031246569481039817,0.031246569481039817,0.2,ATG2A,autophagy related 2A,23130,1,Unique,Higher value associated with pCR prediction
206758_at,2,-0.031234694497211137,0.031234694497211137,0.2,EDN2,endothelin 2,1907,1,Unique,Higher value associated with RD prediction
205445_at,2,-0.031198878526919976,0.031198878526919976,0.2,PRL,prolactin,5617,1,Unique,Higher value associated with RD prediction
206664_at,2,-0.031182525498372034,0.031182525498372034,0.2,SI,sucrase-isomaltase (alpha-glucosidase),6476,1,Unique,Higher value associated with RD prediction
210751_s_at,2,-0.03117043732496043,0.03117043732496043,0.2,RGN,regucalcin,9104,1,Unique,Higher value associated with RD prediction
218031_s_at,2,-0.03081068545188065,0.03081068545188065,0.2,FOXN3,forkhead box N3,1112,1,Unique,Higher value associated with RD prediction
205878_at,2,-0.030785951396916776,0.030785951396916776,0.2,POU6F1,POU class 6 homeobox 1,5463,1,Unique,Higher value associated with RD prediction
205766_at,2,0.03072726460286135,0.03072726460286135,0.2,TCAP,titin-cap,8557,1,Unique,Higher value associated with pCR prediction
215229_at,2,0.030692804180024486,0.030692804180024486,0.2,LOC100129973,uncharacterized LOC100129973,100129973,1,Unique,Higher value associated with pCR prediction
214571_at,2,0.030615518152839246,0.030615518152839246,0.2,FGF3,fibroblast growth factor 3,2248,1,Unique,Higher value associated with pCR prediction
218792_s_at,2,0.030543312336614857,0.030543312336614857,0.2,BSPRY,B-box and SPRY domain containing,54836,1,Unique,Higher value associated with pCR prediction
221022_s_at,2,-0.030242383416011164,0.030242383416011164,0.2,PMFBP1,polyamine modulated factor 1 binding protein 1,83449,1,Unique,Higher value associated with RD prediction
210078_s_at,2,0.029975713780192235,0.029975713780192235,0.2,KCNAB1,"potassium voltage-gated channel, shaker-related subfamily, beta member 1",7881,1,Unique,Higher value associated with pCR prediction
205801_s_at,2,0.029944876292996754,0.029944876292996754,0.2,RASGRP3,RAS guanyl releasing protein 3 (calcium and DAG-regulated),25780,1,Unique,Higher value associated with pCR prediction
38290_at,2,-0.02990788572644166,0.02990788572644166,0.2,RGS14,regulator of G-protein signaling 14,10636,1,Unique,Higher value associated with RD prediction
206029_at,2,0.029766318154745935,0.029766318154745935,0.2,ANKRD1,ankyrin repeat domain 1 (cardiac muscle),27063,1,Unique,Higher value associated with pCR prediction
201988_s_at,2,-0.029731512049637372,0.029731512049637372,0.2,CREBL2,cAMP responsive element binding protein-like 2,1389,1,Unique,Higher value associated with RD prediction
211553_x_at,2,0.029711926200534512,0.029711926200534512,0.2,APAF1,apoptotic peptidase activating factor 1,317,1,Unique,Higher value associated with pCR prediction
213137_s_at,2,0.029241276256801,0.029241276256801,0.2,PTPN2,"protein tyrosine phosphatase, non-receptor type 2",5771,1,Unique,Higher value associated with pCR prediction
207930_at,2,-0.02871917122111653,0.02871917122111653,0.2,LCN1,lipocalin 1,3933,1,Unique,Higher value associated with RD prediction
208142_at,2,-0.028694707532268323,0.028694707532268323,0.2,EDDM3A,epididymal protein 3A,10876,1,Unique,Higher value associated with RD prediction
201592_at,2,-0.02843303435063719,0.02843303435063719,0.2,EIF3H,"eukaryotic translation initiation factor 3, subunit H",8667,1,Unique,Higher value associated with RD prediction
207353_s_at,2,0.02840653167710216,0.02840653167710216,0.2,HMX1,H6 family homeobox 1,3166,1,Unique,Higher value associated with pCR prediction
221828_s_at,2,0.02831010281806971,0.02831010281806971,0.2,MVB12B,multivesicular body subunit 12B,89853,1,Unique,Higher value associated with pCR prediction
211523_at,2,0.028071095994778143,0.028071095994778143,0.2,GNRHR,gonadotropin-releasing hormone receptor,2798,1,Unique,Higher value associated with pCR prediction
204914_s_at,2,0.02797628416379231,0.02797628416379231,0.2,SOX11,SRY (sex determining region Y)-box 11,6664,1,Unique,Higher value associated with pCR prediction
201269_s_at,2,0.02777513283622212,0.02777513283622212,0.2,NUDCD3,NudC domain containing 3,23386,1,Unique,Higher value associated with pCR prediction
220366_at,2,0.02766878041801146,0.02766878041801146,0.2,ELSPBP1,epididymal sperm binding protein 1,64100,1,Unique,Higher value associated with pCR prediction
217175_at,2,-0.02758734621951047,0.02758734621951047,0.2,,,,0,No gene symbol,Higher value associated with RD prediction
211088_s_at,2,0.027460489041843582,0.027460489041843582,0.2,PLK4,polo-like kinase 4,10733,1,Unique,Higher value associated with pCR prediction
219847_at,2,-0.02745563902782093,0.02745563902782093,0.2,HDAC11,histone deacetylase 11,79885,1,Unique,Higher value associated with RD prediction
218842_at,2,-0.027413459015087165,0.027413459015087165,0.2,RPAP3,RNA polymerase II associated protein 3,79657,1,Unique,Higher value associated with RD prediction
209924_at,2,0.027228649560612474,0.027228649560612474,0.2,CCL18,chemokine (C-C motif) ligand 18 (pulmonary and activation-regulated),6362,1,Unique,Higher value associated with pCR prediction
209847_at,2,-0.02705379629369115,0.02705379629369115,0.2,CDH17,"cadherin 17, LI cadherin (liver-intestine)",1015,1,Unique,Higher value associated with RD prediction
222384_at,2,-0.026992802688539257,0.026992802688539257,0.2,SMG7-AS1,SMG7 antisense RNA 1,284649,1,Unique,Higher value associated with RD prediction
203977_at,2,-0.026899963690779474,0.026899963690779474,0.2,TAZ,tafazzin,6901,1,Unique,Higher value associated with RD prediction
208163_s_at,2,0.02683043568205494,0.02683043568205494,0.2,OSBPL7,oxysterol binding protein-like 7,114881,1,Unique,Higher value associated with pCR prediction
208475_at,2,-0.026657901825383218,0.026657901825383218,0.2,FRMD4A,FERM domain containing 4A,55691,1,Unique,Higher value associated with RD prediction
215324_at,2,0.026579359662832563,0.026579359662832563,0.2,SEMA3D,"sema domain, immunoglobulin domain (Ig), short basic domain, secreted, (semaphorin) 3D",223117,1,Unique,Higher value associated with pCR prediction
221070_s_at,2,-0.02633324279461737,0.02633324279461737,0.2,CCAR2,cell cycle and apoptosis regulator 2,57805,1,Unique,Higher value associated with RD prediction
212544_at,2,0.026239597272541444,0.026239597272541444,0.2,ZNHIT3,"zinc finger, HIT-type containing 3",9326,1,Unique,Higher value associated with pCR prediction
206200_s_at,2,-0.026168038219039444,0.026168038219039444,0.2,ANXA11,annexin A11,311,1,Unique,Higher value associated with RD prediction
204290_s_at,2,0.026157713087928483,0.026157713087928483,0.2,ALDH6A1,"aldehyde dehydrogenase 6 family, member A1",4329,1,Unique,Higher value associated with pCR prediction
200075_s_at,2,0.025620146444472018,0.025620146444472018,0.2,GUK1,guanylate kinase 1,2987,1,Unique,Higher value associated with pCR prediction
208030_s_at,2,-0.0255710453522164,0.0255710453522164,0.2,ADD1,adducin 1 (alpha),118,1,Unique,Higher value associated with RD prediction
209480_at,2,-0.025450404359075522,0.025450404359075522,0.2,HLA-DQB1,"major histocompatibility complex, class II, DQ beta 1",3119,1,Unique,Higher value associated with RD prediction
208504_x_at,2,0.025397950425019966,0.025397950425019966,0.2,PCDHB11,protocadherin beta 11,56125,1,Unique,Higher value associated with pCR prediction
206057_x_at,2,-0.02486434758177935,0.02486434758177935,0.2,LOC101929889 /// SPN,leukosialin-like /// sialophorin,6693 /// 101929889,2,Multiple genes,Higher value associated with RD prediction
206634_at,2,0.02483638482286402,0.02483638482286402,0.2,SIX3,SIX homeobox 3,6496,1,Unique,Higher value associated with pCR prediction
220872_at,2,0.024788902812188797,0.024788902812188797,0.2,PRO2964,uncharacterized protein PRO2964,55415,1,Unique,Higher value associated with pCR prediction
213996_at,2,0.024734301051541625,0.024734301051541625,0.2,YPEL1,yippee-like 1 (Drosophila),29799,1,Unique,Higher value associated with pCR prediction
222315_at,2,-0.024712279841843057,0.024712279841843057,0.2,LOC100996756,uncharacterized LOC100996756,100996756,1,Unique,Higher value associated with RD prediction
209635_at,2,-0.024460737986661703,0.024460737986661703,0.2,AP1S1,"adaptor-related protein complex 1, sigma 1 subunit",1174,1,Unique,Higher value associated with RD prediction
206315_at,2,0.024441798374333985,0.024441798374333985,0.2,CRLF1,cytokine receptor-like factor 1,9244,1,Unique,Higher value associated with pCR prediction
211261_at,2,0.024272108660608235,0.024272108660608235,0.2,NUP214,nucleoporin 214kDa,8021,1,Unique,Higher value associated with pCR prediction
205473_at,2,0.024168796084751875,0.024168796084751875,0.2,ATP6V1B1,"ATPase, H+ transporting, lysosomal 56/58kDa, V1 subunit B1",525,1,Unique,Higher value associated with pCR prediction
33304_at,2,0.024120133765483543,0.024120133765483543,0.2,ISG20,interferon stimulated exonuclease gene 20kDa,3669,1,Unique,Higher value associated with pCR prediction
216770_at,2,-0.02392468504288336,0.02392468504288336,0.2,,,,0,No gene symbol,Higher value associated with RD prediction
216329_at,2,-0.023821402383423073,0.023821402383423073,0.2,,,,0,No gene symbol,Higher value associated with RD prediction
213192_at,2,-0.023692517331636062,0.023692517331636062,0.2,THAP3,"THAP domain containing, apoptosis associated protein 3",90326,1,Unique,Higher value associated with RD prediction
214735_at,2,-0.023614065413794173,0.023614065413794173,0.2,IPCEF1,interaction protein for cytohesin exchange factors 1,26034,1,Unique,Higher value associated with RD prediction
210964_s_at,2,0.02360803389745421,0.02360803389745421,0.2,GYG2,glycogenin 2,8908,1,Unique,Higher value associated with pCR prediction
216201_at,2,-0.023525355040243005,0.023525355040243005,0.2,,,,0,No gene symbol,Higher value associated with RD prediction
213019_at,2,0.023342637798219282,0.023342637798219282,0.2,RANBP6,RAN binding protein 6,26953,1,Unique,Higher value associated with pCR prediction
219700_at,2,0.023334579463637838,0.023334579463637838,0.2,PLXDC1,plexin domain containing 1,57125,1,Unique,Higher value associated with pCR prediction
206977_at,2,-0.02261449719222684,0.02261449719222684,0.2,PTH,parathyroid hormone,5741,1,Unique,Higher value associated with RD prediction
213655_at,2,0.022613883718856198,0.022613883718856198,0.2,,,,0,No gene symbol,Higher value associated with pCR prediction
210871_x_at,2,0.022439671851096864,0.022439671851096864,0.2,SSX2IP,"synovial sarcoma, X breakpoint 2 interacting protein",117178,1,Unique,Higher value associated with pCR prediction
221315_s_at,2,0.022327348369455383,0.022327348369455383,0.2,FGF22,fibroblast growth factor 22,27006,1,Unique,Higher value associated with pCR prediction
218882_s_at,2,-0.022260190610309996,0.022260190610309996,0.2,WDR3,WD repeat domain 3,10885,1,Unique,Higher value associated with RD prediction
203007_x_at,2,-0.02224589737403028,0.02224589737403028,0.2,LYPLA1,lysophospholipase I,10434,1,Unique,Higher value associated with RD prediction
215583_at,2,-0.02221995500871731,0.02221995500871731,0.2,TMEM63A,transmembrane protein 63A,9725,1,Unique,Higher value associated with RD prediction
206540_at,2,-0.02221030085776884,0.02221030085776884,0.2,GLB1L,"galactosidase, beta 1-like",79411,1,Unique,Higher value associated with RD prediction
218644_at,2,-0.02204009385086981,0.02204009385086981,0.2,PLEK2,pleckstrin 2,26499,1,Unique,Higher value associated with RD prediction
206060_s_at,2,-0.021906111628850283,0.021906111628850283,0.2,PTPN22,"protein tyrosine phosphatase, non-receptor type 22 (lymphoid)",26191,1,Unique,Higher value associated with RD prediction
217837_s_at,2,-0.02188670226422919,0.02188670226422919,0.2,CHMP3 /// RNF103-CHMP3,charged multivesicular body protein 3 /// RNF103-CHMP3 readthrough,51652 /// 100526767,2,Multiple genes,Higher value associated with RD prediction
204726_at,2,0.021559677695604993,0.021559677695604993,0.2,CDH13,cadherin 13,1012,1,Unique,Higher value associated with pCR prediction
219116_s_at,2,0.021449065003599246,0.021449065003599246,0.2,DCUN1D2,"DCN1, defective in cullin neddylation 1, domain containing 2",55208,1,Unique,Higher value associated with pCR prediction
217426_at,2,-0.021419064122842293,0.021419064122842293,0.2,,,,0,No gene symbol,Higher value associated with RD prediction
221492_s_at,2,0.021357540915018094,0.021357540915018094,0.2,ATG3,autophagy related 3,64422,1,Unique,Higher value associated with pCR prediction
60084_at,2,-0.021314512492968125,0.021314512492968125,0.2,CYLD,cylindromatosis (turban tumor syndrome),1540,1,Unique,Higher value associated with RD prediction
203930_s_at,2,-0.02105625133709508,0.02105625133709508,0.2,MAPT,microtubule-associated protein tau,4137,1,Unique,Higher value associated with RD prediction
208080_at,2,0.020903175613359904,0.020903175613359904,0.2,AURKA,aurora kinase A,6790,1,Unique,Higher value associated with pCR prediction
216706_x_at,2,0.020852429302314106,0.020852429302314106,0.2,IGHD3-16 /// IGHD3-16 /// IGHG1 /// SKAP2,immunoglobulin heavy diversity 3-16 ///  /// immunoglobulin heavy constant gamma 1 (G1m marker) /// src kinase associated phosphoprotein 2,3500 /// 8935,4,Multiple genes,Higher value associated with pCR prediction
209645_s_at,2,-0.020828475410587383,0.020828475410587383,0.2,ALDH1B1,"aldehyde dehydrogenase 1 family, member B1",219,1,Unique,Higher value associated with RD prediction
212791_at,2,-0.020716014048360223,0.020716014048360223,0.2,C1orf216,chromosome 1 open reading frame 216,127703,1,Unique,Higher value associated with RD prediction
211647_x_at,2,-0.02065153532712353,0.02065153532712353,0.2,IGHG1 /// IGHM,immunoglobulin heavy constant gamma 1 (G1m marker) /// immunoglobulin heavy constant mu,3500 /// 3507,2,Multiple genes,Higher value associated with RD prediction
205537_s_at,2,0.020534474377001295,0.020534474377001295,0.2,VAV2,vav 2 guanine nucleotide exchange factor,7410,1,Unique,Higher value associated with pCR prediction
220364_at,2,-0.02040117152186379,0.02040117152186379,0.2,EPB41L4A-AS2,EPB41L4A antisense RNA 2 (head to head),54508,1,Unique,Higher value associated with RD prediction
208651_x_at,2,0.020381131915999356,0.020381131915999356,0.2,CD24,CD24 molecule,100133941,1,Unique,Higher value associated with pCR prediction
201522_x_at,2,-0.020366073148570113,0.020366073148570113,0.2,SNRPN /// SNURF,small nuclear ribonucleoprotein polypeptide N /// SNRPN upstream reading frame,6638 /// 8926,2,Multiple genes,Higher value associated with RD prediction
209452_s_at,2,-0.020197114508417675,0.020197114508417675,0.2,VTI1B,vesicle transport through interaction with t-SNAREs 1B,10490,1,Unique,Higher value associated with RD prediction
207678_s_at,2,0.01998247293103849,0.01998247293103849,0.2,SOX30,SRY (sex determining region Y)-box 30,11063,1,Unique,Higher value associated with pCR prediction
210029_at,2,0.019697056985145553,0.019697056985145553,0.2,IDO1,"indoleamine 2,3-dioxygenase 1",3620,1,Unique,Higher value associated with pCR prediction
215484_at,2,-0.019613856773326395,0.019613856773326395,0.2,,,,0,No gene symbol,Higher value associated with RD prediction
214683_s_at,2,0.019555310507272106,0.019555310507272106,0.2,CLK1,CDC-like kinase 1,1195,1,Unique,Higher value associated with pCR prediction
206085_s_at,2,0.01942901688037088,0.01942901688037088,0.2,CTH,cystathionine gamma-lyase,1491,1,Unique,Higher value associated with pCR prediction
212199_at,2,-0.019336973412830496,0.019336973412830496,0.2,MRFAP1L1,Morf4 family associated protein 1-like 1,114932,1,Unique,Higher value associated with RD prediction
215799_at,2,0.019318188754190745,0.019318188754190745,0.2,LOC101927051,uncharacterized LOC101927051,101927051,1,Unique,Higher value associated with pCR prediction
205432_at,2,-0.019282418970199097,0.019282418970199097,0.2,OVGP1,"oviductal glycoprotein 1, 120kDa",5016,1,Unique,Higher value associated with RD prediction
203870_at,2,0.019268541693404924,0.019268541693404924,0.2,USP46,ubiquitin specific peptidase 46,64854,1,Unique,Higher value associated with pCR prediction
202912_at,2,0.019101386863060697,0.019101386863060697,0.2,ADM,adrenomedullin,133,1,Unique,Higher value associated with pCR prediction
220246_at,2,-0.018874318218802276,0.018874318218802276,0.2,CAMK1D,calcium/calmodulin-dependent protein kinase ID,57118,1,Unique,Higher value associated with RD prediction
217793_at,2,0.01884835223429501,0.01884835223429501,0.2,RAB11B,"RAB11B, member RAS oncogene family",9230,1,Unique,Higher value associated with pCR prediction
217935_s_at,2,-0.018769780883288754,0.018769780883288754,0.2,UQCC1,ubiquinol-cytochrome c reductase complex assembly factor 1,55245,1,Unique,Higher value associated with RD prediction
209129_at,2,-0.018717680611688454,0.018717680611688454,0.2,TRIP6,thyroid hormone receptor interactor 6,7205,1,Unique,Higher value associated with RD prediction
213305_s_at,2,0.018583916465871347,0.018583916465871347,0.2,PPP2R5C,"protein phosphatase 2, regulatory subunit B', gamma",5527,1,Unique,Higher value associated with pCR prediction
201634_s_at,2,-0.018364852348309844,0.018364852348309844,0.2,CYB5B,cytochrome b5 type B (outer mitochondrial membrane),80777,1,Unique,Higher value associated with RD prediction
202274_at,2,-0.01835032115623522,0.01835032115623522,0.2,ACTG2,"actin, gamma 2, smooth muscle, enteric",72,1,Unique,Higher value associated with RD prediction
211814_s_at,2,0.018289683622250863,0.018289683622250863,0.2,CCNE2,cyclin E2,9134,1,Unique,Higher value associated with pCR prediction
202063_s_at,2,0.01820224765397761,0.01820224765397761,0.2,SEL1L,sel-1 suppressor of lin-12-like (C. elegans),6400,1,Unique,Higher value associated with pCR prediction
214874_at,2,0.017942713834834194,0.017942713834834194,0.2,PKP4,plakophilin 4,8502,1,Unique,Higher value associated with pCR prediction
220553_s_at,2,-0.017813454231564642,0.017813454231564642,0.2,PRPF39,pre-mRNA processing factor 39,55015,1,Unique,Higher value associated with RD prediction
205001_s_at,2,0.017655652620525375,0.017655652620525375,0.2,DDX3Y,"DEAD (Asp-Glu-Ala-Asp) box helicase 3, Y-linked",8653,1,Unique,Higher value associated with pCR prediction
203102_s_at,2,-0.017651642028903597,0.017651642028903597,0.2,MGAT2,"mannosyl (alpha-1,6-)-glycoprotein beta-1,2-N-acetylglucosaminyltransferase",4247,1,Unique,Higher value associated with RD prediction
215932_at,2,0.017067452347477214,0.017067452347477214,0.2,MAGEC2,"melanoma antigen family C, 2",51438,1,Unique,Higher value associated with pCR prediction
211650_x_at,2,0.016756726989093536,0.016756726989093536,0.2,IGH /// IGHA1 /// IGHD /// IGHG1 /// IGHG3 /// IGHM /// IGHV3-23 /// IGHV4-31,immunoglobulin heavy locus /// immunoglobulin heavy constant alpha 1 /// immunoglobulin heavy constant delta /// immunoglobulin heavy constant gamma 1 (G1m marker) /// immunoglobulin heavy constant gamma 3 (G3m marker) /// immunoglobulin heavy constant mu /// immunoglobulin heavy variable 3-23 /// immunoglobulin heavy variable 4-31,3492 /// 3493 /// 3495 /// 3500 /// 3502 /// 3507 /// 28396 /// 28442,8,Multiple genes,Higher value associated with pCR prediction
218833_at,2,0.01666394833363133,0.01666394833363133,0.2,ZAK,sterile alpha motif and leucine zipper containing kinase AZK,51776,1,Unique,Higher value associated with pCR prediction
217358_at,2,0.016613906812011765,0.016613906812011765,0.2,DNAJC16,"DnaJ (Hsp40) homolog, subfamily C, member 16",23341,1,Unique,Higher value associated with pCR prediction
211029_x_at,2,0.016613896636100287,0.016613896636100287,0.2,FGF18,fibroblast growth factor 18,8817,1,Unique,Higher value associated with pCR prediction
218099_at,2,0.01657036604696737,0.01657036604696737,0.2,TEX2,testis expressed 2,55852,1,Unique,Higher value associated with pCR prediction
202680_at,2,0.01648536776849167,0.01648536776849167,0.2,GTF2E2,"general transcription factor IIE, polypeptide 2, beta 34kDa",2961,1,Unique,Higher value associated with pCR prediction
211219_s_at,2,0.01642487722674326,0.01642487722674326,0.2,LHX2,LIM homeobox 2,9355,1,Unique,Higher value associated with pCR prediction
208909_at,2,0.016369242273850445,0.016369242273850445,0.2,UQCRFS1,"ubiquinol-cytochrome c reductase, Rieske iron-sulfur polypeptide 1",7386,1,Unique,Higher value associated with pCR prediction
216930_at,2,-0.016317362073251,0.016317362073251,0.2,HNF1A,HNF1 homeobox A,6927,1,Unique,Higher value associated with RD prediction
221241_s_at,2,0.016046907787824295,0.016046907787824295,0.2,BCL2L14,BCL2-like 14 (apoptosis facilitator),79370,1,Unique,Higher value associated with pCR prediction
211113_s_at,2,-0.01595258540494473,0.01595258540494473,0.2,ABCG1,"ATP-binding cassette, sub-family G (WHITE), member 1",9619,1,Unique,Higher value associated with RD prediction
204710_s_at,2,0.01595007234315992,0.01595007234315992,0.2,WIPI2,"WD repeat domain, phosphoinositide interacting 2",26100,1,Unique,Higher value associated with pCR prediction
218456_at,2,-0.015946474632666026,0.015946474632666026,0.2,CAPRIN2,caprin family member 2,65981,1,Unique,Higher value associated with RD prediction
202633_at,2,0.01584351774157659,0.01584351774157659,0.2,TOPBP1,topoisomerase (DNA) II binding protein 1,11073,1,Unique,Higher value associated with pCR prediction
207387_s_at,2,0.015416653531236717,0.015416653531236717,0.2,GK,glycerol kinase,2710,1,Unique,Higher value associated with pCR prediction
220024_s_at,2,-0.015138738379192924,0.015138738379192924,0.2,PRX,periaxin,57716,1,Unique,Higher value associated with RD prediction
217839_at,2,0.015001282760140108,0.015001282760140108,0.2,TFG,TRK-fused gene,10342,1,Unique,Higher value associated with pCR prediction
217127_at,2,0.014894336461838773,0.014894336461838773,0.2,CTH,cystathionine gamma-lyase,1491,1,Unique,Higher value associated with pCR prediction
202311_s_at,2,-0.014605588746717685,0.014605588746717685,0.2,COL1A1,"collagen, type I, alpha 1",1277,1,Unique,Higher value associated with RD prediction
216588_at,2,0.014257239502994555,0.014257239502994555,0.2,RP3-391O22.2 /// RPL7P25,/// ribosomal protein L7 pseudogene 25,,2,Multiple genes,Higher value associated with pCR prediction
205337_at,2,-0.014110216633226041,0.014110216633226041,0.2,DCT,dopachrome tautomerase,1638,1,Unique,Higher value associated with RD prediction
209189_at,2,0.013845818652890259,0.013845818652890259,0.2,FOS,FBJ murine osteosarcoma viral oncogene homolog,2353,1,Unique,Higher value associated with pCR prediction
203504_s_at,2,-0.013821640746452969,0.013821640746452969,0.2,ABCA1,"ATP-binding cassette, sub-family A (ABC1), member 1",19,1,Unique,Higher value associated with RD prediction
217124_at,2,0.01362399560968135,0.01362399560968135,0.2,IQCE,IQ motif containing E,23288,1,Unique,Higher value associated with pCR prediction
201249_at,2,-0.013561498068330614,0.013561498068330614,0.2,SLC2A1,"solute carrier family 2 (facilitated glucose transporter), member 1",6513,1,Unique,Higher value associated with RD prediction
211165_x_at,2,0.013534771404973877,0.013534771404973877,0.2,EPHB2,EPH receptor B2,2048,1,Unique,Higher value associated with pCR prediction
203660_s_at,2,0.013452304091695465,0.013452304091695465,0.2,PCNT,pericentrin,5116,1,Unique,Higher value associated with pCR prediction
213831_at,2,-0.013166262966023676,0.013166262966023676,0.2,HLA-DQA1 /// LOC100509457,"major histocompatibility complex, class II, DQ alpha 1 /// HLA class II histocompatibility antigen, DQ alpha 1 chain-like",3117 /// 100509457,2,Multiple genes,Higher value associated with RD prediction
212497_at,2,-0.013021213246701548,0.013021213246701548,0.2,MAPK1IP1L,mitogen-activated protein kinase 1 interacting protein 1-like,93487,1,Unique,Higher value associated with RD prediction
1438_at,2,0.012870239604991295,0.012870239604991295,0.2,EPHB3,EPH receptor B3,2049,1,Unique,Higher value associated with pCR prediction
201663_s_at,2,0.012554169505371846,0.012554169505371846,0.2,SMC4,structural maintenance of chromosomes 4,10051,1,Unique,Higher value associated with pCR prediction
207381_at,2,-0.01242350948754484,0.01242350948754484,0.2,ALOX12B,"arachidonate 12-lipoxygenase, 12R type",242,1,Unique,Higher value associated with RD prediction
217588_at,2,-0.012380564086222158,0.012380564086222158,0.2,CATSPER2 /// CATSPER2P1 /// LOC101930343,"cation channel, sperm associated 2 /// cation channel, sperm associated 2 pseudogene 1 /// uncharacterized LOC101930343",117155 /// 440278 /// 101930343,3,Multiple genes,Higher value associated with RD prediction
218532_s_at,2,-0.012105309442591115,0.012105309442591115,0.2,FAM134B,"family with sequence similarity 134, member B",54463,1,Unique,Higher value associated with RD prediction
222196_at,2,0.011908319680324155,0.011908319680324155,0.2,LOC389906,zinc finger protein 839 pseudogene,389906,1,Unique,Higher value associated with pCR prediction
213253_at,2,0.011631801937216387,0.011631801937216387,0.2,SMC2,structural maintenance of chromosomes 2,10592,1,Unique,Higher value associated with pCR prediction
212021_s_at,2,0.011361832846900401,0.011361832846900401,0.2,MKI67,marker of proliferation Ki-67,4288,1,Unique,Higher value associated with pCR prediction
219638_at,2,0.01128314594978156,0.01128314594978156,0.2,FBXO22,F-box protein 22,26263,1,Unique,Higher value associated with pCR prediction
215311_at,2,0.011224887205338516,0.011224887205338516,0.2,NTRK3,"neurotrophic tyrosine kinase, receptor, type 3",4916,1,Unique,Higher value associated with pCR prediction
214220_s_at,2,-0.011011928960867189,0.011011928960867189,0.2,ALMS1,Alstrom syndrome 1,7840,1,Unique,Higher value associated with RD prediction
202529_at,2,0.010799351502357715,0.010799351502357715,0.2,PRPSAP1,phosphoribosyl pyrophosphate synthetase-associated protein 1,5635,1,Unique,Higher value associated with pCR prediction
217781_s_at,2,-0.010544239452452246,0.010544239452452246,0.2,ZNF106,zinc finger protein 106,64397,1,Unique,Higher value associated with RD prediction
216780_at,2,0.010509157775835724,0.010509157775835724,0.2,ZNF443,zinc finger protein 443,10224,1,Unique,Higher value associated with pCR prediction
208998_at,2,-0.01046273369139591,0.01046273369139591,0.2,UCP2,"uncoupling protein 2 (mitochondrial, proton carrier)",7351,1,Unique,Higher value associated with RD prediction
205452_at,2,-0.010433571506914917,0.010433571506914917,0.2,PIGB,"phosphatidylinositol glycan anchor biosynthesis, class B",9488,1,Unique,Higher value associated with RD prediction
210519_s_at,2,-0.010377200717168846,0.010377200717168846,0.2,NQO1,"NAD(P)H dehydrogenase, quinone 1",1728,1,Unique,Higher value associated with RD prediction
206449_s_at,2,0.010322369243113914,0.010322369243113914,0.2,MASP1,mannan-binding lectin serine peptidase 1 (C4/C2 activating component of Ra-reactive factor),5648,1,Unique,Higher value associated with pCR prediction
217706_at,2,0.009779603079301405,0.009779603079301405,0.2,,,,0,No gene symbol,Higher value associated with pCR prediction
201494_at,2,-0.009774924541711218,0.009774924541711218,0.2,PRCP,prolylcarboxypeptidase (angiotensinase C),5547,1,Unique,Higher value associated with RD prediction
219586_at,2,-0.009691822197145317,0.009691822197145317,0.2,WDR59,WD repeat domain 59,79726,1,Unique,Higher value associated with RD prediction
204585_s_at,2,-0.009617107303260822,0.009617107303260822,0.2,L1CAM,L1 cell adhesion molecule,3897,1,Unique,Higher value associated with RD prediction
211919_s_at,2,0.009509260155649284,0.009509260155649284,0.2,CXCR4,chemokine (C-X-C motif) receptor 4,7852,1,Unique,Higher value associated with pCR prediction
211869_at,2,0.00931344656848918,0.00931344656848918,0.2,,,,0,No gene symbol,Higher value associated with pCR prediction
205797_s_at,2,0.009278058260465481,0.009278058260465481,0.2,TCP11L1,"t-complex 11, testis-specific-like 1",55346,1,Unique,Higher value associated with pCR prediction
217656_at,2,0.009109797086451394,0.009109797086451394,0.2,,,,0,No gene symbol,Higher value associated with pCR prediction
206096_at,2,-0.009048970988072391,0.009048970988072391,0.2,ZNF35,zinc finger protein 35,7584,1,Unique,Higher value associated with RD prediction
202070_s_at,2,-0.009035680443563517,0.009035680443563517,0.2,IDH3A,isocitrate dehydrogenase 3 (NAD+) alpha,3419,1,Unique,Higher value associated with RD prediction
201539_s_at,2,-0.009008814284233798,0.009008814284233798,0.2,FHL1,four and a half LIM domains 1,2273,1,Unique,Higher value associated with RD prediction
222297_x_at,2,0.008981015950065258,0.008981015950065258,0.2,RPL18P10 /// RPL18P10,ribosomal protein L18 pseudogene 10 ///,,2,Multiple genes,Higher value associated with pCR prediction
203906_at,2,-0.008942523253006969,0.008942523253006969,0.2,IQSEC1,IQ motif and Sec7 domain 1,9922,1,Unique,Higher value associated with RD prediction
210834_s_at,2,-0.008639789733105238,0.008639789733105238,0.2,PTGER3,prostaglandin E receptor 3 (subtype EP3),5733,1,Unique,Higher value associated with RD prediction
211613_s_at,2,0.008618955817722436,0.008618955817722436,0.2,GPD2,glycerol-3-phosphate dehydrogenase 2 (mitochondrial),2820,1,Unique,Higher value associated with pCR prediction
204998_s_at,2,-0.008194684164083157,0.008194684164083157,0.2,ATF5,activating transcription factor 5,22809,1,Unique,Higher value associated with RD prediction
203025_at,2,-0.008154925431301512,0.008154925431301512,0.2,NAA10,"N(alpha)-acetyltransferase 10, NatA catalytic subunit",8260,1,Unique,Higher value associated with RD prediction
214979_at,2,-0.008143399281815933,0.008143399281815933,0.2,,,,0,No gene symbol,Higher value associated with RD prediction
214900_at,2,0.007995524650386176,0.007995524650386176,0.2,ZKSCAN1,zinc finger with KRAB and SCAN domains 1,7586,1,Unique,Higher value associated with pCR prediction
203589_s_at,2,0.007969084991915454,0.007969084991915454,0.2,TFDP2,transcription factor Dp-2 (E2F dimerization partner 2),7029,1,Unique,Higher value associated with pCR prediction
217805_at,2,0.007859538818050661,0.007859538818050661,0.2,ILF3,"interleukin enhancer binding factor 3, 90kDa",3609,1,Unique,Higher value associated with pCR prediction
205006_s_at,2,-0.00763149106321185,0.00763149106321185,0.2,NMT2,N-myristoyltransferase 2,9397,1,Unique,Higher value associated with RD prediction
214697_s_at,2,0.007304824406870979,0.007304824406870979,0.2,PTBP3,polypyrimidine tract binding protein 3,9991,1,Unique,Higher value associated with pCR prediction
213832_at,2,-0.007216060146476749,0.007216060146476749,0.2,KCND3,"potassium voltage-gated channel, Shal-related subfamily, member 3",3752,1,Unique,Higher value associated with RD prediction
216511_s_at,2,0.007205946682281509,0.007205946682281509,0.2,TCF7L2,"transcription factor 7-like 2 (T-cell specific, HMG-box)",6934,1,Unique,Higher value associated with pCR prediction
32625_at,2,-0.007189527415697943,0.007189527415697943,0.2,NPR1,natriuretic peptide receptor 1,4881,1,Unique,Higher value associated with RD prediction
203130_s_at,2,-0.0070257217212942,0.0070257217212942,0.2,KIF5C,kinesin family member 5C,3800,1,Unique,Higher value associated with RD prediction
216660_at,2,-0.006747824313451518,0.006747824313451518,0.2,MYO7B,myosin VIIB,4648,1,Unique,Higher value associated with RD prediction
203879_at,2,-0.006705060776474264,0.006705060776474264,0.2,PIK3CD,"phosphatidylinositol-4,5-bisphosphate 3-kinase, catalytic subunit delta",5293,1,Unique,Higher value associated with RD prediction
205684_s_at,2,0.006418533505938276,0.006418533505938276,0.2,DENND4C,DENN/MADD domain containing 4C,55667,1,Unique,Higher value associated with pCR prediction
208629_s_at,2,0.006377661058354196,0.006377661058354196,0.2,HADHA,"hydroxyacyl-CoA dehydrogenase/3-ketoacyl-CoA thiolase/enoyl-CoA hydratase (trifunctional protein), alpha subunit",3030,1,Unique,Higher value associated with pCR prediction
217027_x_at,2,0.006114559956502593,0.006114559956502593,0.2,AC004941.5,,,1,Unique,Higher value associated with pCR prediction
212020_s_at,2,0.005995600538215389,0.005995600538215389,0.2,MKI67,marker of proliferation Ki-67,4288,1,Unique,Higher value associated with pCR prediction
200052_s_at,2,0.005624004223984945,0.005624004223984945,0.2,ILF2,interleukin enhancer binding factor 2,3608,1,Unique,Higher value associated with pCR prediction
217951_s_at,2,0.0054178797641364134,0.0054178797641364134,0.2,PHF3,PHD finger protein 3,23469,1,Unique,Higher value associated with pCR prediction
208798_x_at,2,-0.0053877192471931575,0.0053877192471931575,0.2,GOLGA8A,"golgin A8 family, member A",23015,1,Unique,Higher value associated with RD prediction
201696_at,2,0.004873143405345625,0.004873143405345625,0.2,SRSF4,serine/arginine-rich splicing factor 4,6429,1,Unique,Higher value associated with pCR prediction
216494_at,2,-0.004579463358730101,0.004579463358730101,0.2,RP3-497J21.1,,,1,Unique,Higher value associated with RD prediction
202252_at,2,-0.004575033342774702,0.004575033342774702,0.2,RAB13,"RAB13, member RAS oncogene family",5872,1,Unique,Higher value associated with RD prediction
217640_x_at,2,0.004492543101225234,0.004492543101225234,0.2,SKA1,spindle and kinetochore associated complex subunit 1,220134,1,Unique,Higher value associated with pCR prediction
201923_at,2,0.0044837540946907044,0.0044837540946907044,0.2,PRDX4,peroxiredoxin 4,10549,1,Unique,Higher value associated with pCR prediction
204751_x_at,2,0.004251196679802288,0.004251196679802288,0.2,DSC2,desmocollin 2,1824,1,Unique,Higher value associated with pCR prediction
218623_at,2,-0.004108473667780743,0.004108473667780743,0.2,HMP19,HMP19 protein,51617,1,Unique,Higher value associated with RD prediction
206290_s_at,2,-0.004037827573223229,0.004037827573223229,0.2,RGS7,regulator of G-protein signaling 7,6000,1,Unique,Higher value associated with RD prediction
210996_s_at,2,0.003927353843661893,0.003927353843661893,0.2,YWHAE,"tyrosine 3-monooxygenase/tryptophan 5-monooxygenase activation protein, epsilon",7531,1,Unique,Higher value associated with pCR prediction
209575_at,2,0.0038094357180250746,0.0038094357180250746,0.2,IL10RB,"interleukin 10 receptor, beta",3588,1,Unique,Higher value associated with pCR prediction
205430_at,2,0.0037634181033155407,0.0037634181033155407,0.2,BMP5,bone morphogenetic protein 5,653,1,Unique,Higher value associated with pCR prediction
203136_at,2,-0.003406889843171263,0.003406889843171263,0.2,RABAC1,Rab acceptor 1 (prenylated),10567,1,Unique,Higher value associated with RD prediction
201244_s_at,2,0.003287779229389085,0.003287779229389085,0.2,RAF1,"Raf-1 proto-oncogene, serine/threonine kinase",5894,1,Unique,Higher value associated with pCR prediction
216133_at,2,-0.0031398438244626286,0.0031398438244626286,0.2,TCRA /// TRAV21 /// TRAV21 /// YME1L1,"Homo sapiens mRNA for T cell receptor alpha variable 13, partial cds, clone: SEB 7. /// T cell receptor alpha variable 21 ///  /// YME1-like 1 ATPase",10730,4,Multiple genes,Higher value associated with RD prediction
207060_at,2,-0.0030729177354590666,0.0030729177354590666,0.2,EN2,engrailed homeobox 2,2020,1,Unique,Higher value associated with RD prediction
207709_at,2,0.0022440624568451015,0.0022440624568451015,0.2,PRKAA2,"protein kinase, AMP-activated, alpha 2 catalytic subunit",5563,1,Unique,Higher value associated with pCR prediction
222287_at,2,-0.0020829665906044815,0.0020829665906044815,0.2,TRDN,triadin,10345,1,Unique,Higher value associated with RD prediction
202027_at,2,-0.0016399926126510057,0.0016399926126510057,0.2,TMEM184B,transmembrane protein 184B,25829,1,Unique,Higher value associated with RD prediction
204886_at,2,0.0011572725380332995,0.0011572725380332995,0.2,PLK4,polo-like kinase 4,10733,1,Unique,Higher value associated with pCR prediction
210278_s_at,1,0.21478901053456637,0.21478901053456637,0.1,AP4S1,"adaptor-related protein complex 4, sigma 1 subunit",11154,1,Unique,Higher value associated with pCR prediction
206355_at,1,-0.17646254274507064,0.17646254274507064,0.1,GNAL,"guanine nucleotide binding protein (G protein), alpha activating activity polypeptide, olfactory type",2774,1,Unique,Higher value associated with RD prediction
215522_at,1,-0.16928981223816114,0.16928981223816114,0.1,SORCS3,sortilin-related VPS10 domain containing receptor 3,22986,1,Unique,Higher value associated with RD prediction
204509_at,1,-0.16168275394350112,0.16168275394350112,0.1,CA12,carbonic anhydrase XII,771,1,Unique,Higher value associated with RD prediction
207014_at,1,0.1494487234415365,0.1494487234415365,0.1,GABRA2,"gamma-aminobutyric acid (GABA) A receptor, alpha 2",2555,1,Unique,Higher value associated with pCR prediction
200734_s_at,1,-0.1455706251020268,0.1455706251020268,0.1,ARF3,ADP-ribosylation factor 3,377,1,Unique,Higher value associated with RD prediction
215321_at,1,-0.14394492170093864,0.14394492170093864,0.1,RUNDC3B,RUN domain containing 3B,154661,1,Unique,Higher value associated with RD prediction
216303_s_at,1,-0.1433828730106523,0.1433828730106523,0.1,MTMR1,myotubularin related protein 1,8776,1,Unique,Higher value associated with RD prediction
213620_s_at,1,-0.13264406361121703,0.13264406361121703,0.1,ICAM2,intercellular adhesion molecule 2,3384,1,Unique,Higher value associated with RD prediction
219527_at,1,-0.13009584533440022,0.13009584533440022,0.1,MARC2,mitochondrial amidoxime reducing component 2,54996,1,Unique,Higher value associated with RD prediction
209097_s_at,1,0.11550555001137487,0.11550555001137487,0.1,JAG1,jagged 1,182,1,Unique,Higher value associated with pCR prediction
206604_at,1,0.11524783407620769,0.11524783407620769,0.1,OVOL1,ovo-like zinc finger 1,5017,1,Unique,Higher value associated with pCR prediction
216039_at,1,0.11518473416180944,0.11518473416180944,0.1,GABRA2,"gamma-aminobutyric acid (GABA) A receptor, alpha 2",2555,1,Unique,Higher value associated with pCR prediction
210394_x_at,1,-0.11175396403876245,0.11175396403876245,0.1,SSX4 /// SSX4B,"synovial sarcoma, X breakpoint 4 /// synovial sarcoma, X breakpoint 4B",6759 /// 548313,2,Multiple genes,Higher value associated with RD prediction
221719_s_at,1,-0.11158878257111006,0.11158878257111006,0.1,LZTS1,"leucine zipper, putative tumor suppressor 1",11178,1,Unique,Higher value associated with RD prediction
218066_at,1,-0.11087661963421867,0.11087661963421867,0.1,SLC12A7,"solute carrier family 12 (potassium/chloride transporter), member 7",10723,1,Unique,Higher value associated with RD prediction
207119_at,1,-0.11016121688919478,0.11016121688919478,0.1,PRKG1,"protein kinase, cGMP-dependent, type I",5592,1,Unique,Higher value associated with RD prediction
206517_at,1,-0.11003121687911592,0.11003121687911592,0.1,CDH16,"cadherin 16, KSP-cadherin",1014,1,Unique,Higher value associated with RD prediction
221037_s_at,1,0.10809984983072243,0.10809984983072243,0.1,SLC25A31,"solute carrier family 25 (mitochondrial carrier; adenine nucleotide translocator), member 31",83447,1,Unique,Higher value associated with pCR prediction
203274_at,1,-0.10796584029899176,0.10796584029899176,0.1,F8A1 /// F8A2 /// F8A3,coagulation factor VIII-associated 1 /// coagulation factor VIII-associated 2 /// coagulation factor VIII-associated 3,8263 /// 474383 /// 474384,3,Multiple genes,Higher value associated with RD prediction
218082_s_at,1,0.10587665947495366,0.10587665947495366,0.1,UBP1,upstream binding protein 1 (LBP-1a),7342,1,Unique,Higher value associated with pCR prediction
207214_at,1,-0.10465364791285156,0.10465364791285156,0.1,SPINK4,"serine peptidase inhibitor, Kazal type 4",27290,1,Unique,Higher value associated with RD prediction
214131_at,1,0.10435034525587761,0.10435034525587761,0.1,TXLNGY,"taxilin gamma pseudogene, Y-linked",246126,1,Unique,Higher value associated with pCR prediction
218607_s_at,1,-0.10424305870908024,0.10424305870908024,0.1,SDAD1,SDA1 domain containing 1,55153,1,Unique,Higher value associated with RD prediction
210461_s_at,1,-0.09865737895741827,0.09865737895741827,0.1,ABLIM1,actin binding LIM protein 1,3983,1,Unique,Higher value associated with RD prediction
221178_at,1,0.09763168266590715,0.09763168266590715,0.1,BAIAP2L2,BAI1-associated protein 2-like 2,80115,1,Unique,Higher value associated with pCR prediction
204243_at,1,0.09695983366259621,0.09695983366259621,0.1,RLF,rearranged L-myc fusion,6018,1,Unique,Higher value associated with pCR prediction
220096_at,1,0.09649211047587403,0.09649211047587403,0.1,,,,0,No gene symbol,Higher value associated with pCR prediction
209032_s_at,1,0.09506598783026121,0.09506598783026121,0.1,CADM1,cell adhesion molecule 1,23705,1,Unique,Higher value associated with pCR prediction
219071_x_at,1,-0.09459805191179074,0.09459805191179074,0.1,HGH1,HGH1 homolog (S. cerevisiae),51236,1,Unique,Higher value associated with RD prediction
218362_s_at,1,0.09396287513755323,0.09396287513755323,0.1,DIS3,DIS3 exosome endoribonuclease and 3'-5' exoribonuclease,22894,1,Unique,Higher value associated with pCR prediction
220431_at,1,0.09377739176947412,0.09377739176947412,0.1,TMPRSS11E,"transmembrane protease, serine 11E",28983,1,Unique,Higher value associated with pCR prediction
221326_s_at,1,0.09363271973647454,0.09363271973647454,0.1,TUBD1,"tubulin, delta 1",51174,1,Unique,Higher value associated with pCR prediction
210838_s_at,1,0.09328538598871394,0.09328538598871394,0.1,ACVRL1,activin A receptor type II-like 1,94,1,Unique,Higher value associated with pCR prediction
214136_at,1,-0.09309321899872085,0.09309321899872085,0.1,NUDT13,nudix (nucleoside diphosphate linked moiety X)-type motif 13,25961,1,Unique,Higher value associated with RD prediction
206008_at,1,-0.09306988186810049,0.09306988186810049,0.1,TGM1,transglutaminase 1,7051,1,Unique,Higher value associated with RD prediction
207438_s_at,1,-0.09275632764964538,0.09275632764964538,0.1,SNUPN,snurportin 1,10073,1,Unique,Higher value associated with RD prediction
205074_at,1,-0.09216600243799342,0.09216600243799342,0.1,SLC22A5,"solute carrier family 22 (organic cation/carnitine transporter), member 5",6584,1,Unique,Higher value associated with RD prediction
222197_s_at,1,0.0920024792716334,0.0920024792716334,0.1,,,,0,No gene symbol,Higher value associated with pCR prediction
203752_s_at,1,0.09135725060633397,0.09135725060633397,0.1,JUND,jun D proto-oncogene,3727,1,Unique,Higher value associated with pCR prediction
219955_at,1,-0.09076466197373464,0.09076466197373464,0.1,L1TD1,LINE-1 type transposase domain containing 1,54596,1,Unique,Higher value associated with RD prediction
213120_at,1,-0.09057322957385994,0.09057322957385994,0.1,UHRF1BP1L,UHRF1 binding protein 1-like,23074,1,Unique,Higher value associated with RD prediction
210689_at,1,-0.08996971448828053,0.08996971448828053,0.1,CLDN14,claudin 14,23562,1,Unique,Higher value associated with RD prediction
209474_s_at,1,-0.08978757024872107,0.08978757024872107,0.1,ENTPD1,ectonucleoside triphosphate diphosphohydrolase 1,953,1,Unique,Higher value associated with RD prediction
207510_at,1,0.08727088827209993,0.08727088827209993,0.1,BDKRB1,bradykinin receptor B1,623,1,Unique,Higher value associated with pCR prediction
212624_s_at,1,0.08689445178447167,0.08689445178447167,0.1,CHN1,chimerin 1,1123,1,Unique,Higher value associated with pCR prediction
218626_at,1,-0.08658376424040408,0.08658376424040408,0.1,EIF4ENIF1,eukaryotic translation initiation factor 4E nuclear import factor 1,56478,1,Unique,Higher value associated with RD prediction
201787_at,1,0.08655917895378676,0.08655917895378676,0.1,FBLN1,fibulin 1,2192,1,Unique,Higher value associated with pCR prediction
206623_at,1,0.08471736794687759,0.08471736794687759,0.1,PDE6A,"phosphodiesterase 6A, cGMP-specific, rod, alpha",5145,1,Unique,Higher value associated with pCR prediction
206223_at,1,0.08470943577573473,0.08470943577573473,0.1,LMTK2,lemur tyrosine kinase 2,22853,1,Unique,Higher value associated with pCR prediction
222179_at,1,0.08333249893466829,0.08333249893466829,0.1,CDC5L,cell division cycle 5-like,988,1,Unique,Higher value associated with pCR prediction
220415_at,1,0.08326895646202039,0.08326895646202039,0.1,FPGT-TNNI3K /// TNNI3K,FPGT-TNNI3K readthrough /// TNNI3 interacting kinase,51086 /// 100526835,2,Multiple genes,Higher value associated with pCR prediction
211506_s_at,1,0.08320239183566436,0.08320239183566436,0.1,CXCL8,chemokine (C-X-C motif) ligand 8,3576,1,Unique,Higher value associated with pCR prediction
209352_s_at,1,0.08317808993398057,0.08317808993398057,0.1,SIN3B,SIN3 transcription regulator family member B,23309,1,Unique,Higher value associated with pCR prediction
209272_at,1,0.08299126888065711,0.08299126888065711,0.1,NAB1,NGFI-A binding protein 1 (EGR1 binding protein 1),4664,1,Unique,Higher value associated with pCR prediction
211638_at,1,-0.08277968179861121,0.08277968179861121,0.1,IGH /// IGHA1 /// IGHA2 /// IGHD /// IGHG1 /// IGHG3 /// IGHM /// IGHV4-31,immunoglobulin heavy locus /// immunoglobulin heavy constant alpha 1 /// immunoglobulin heavy constant alpha 2 (A2m marker) /// immunoglobulin heavy constant delta /// immunoglobulin heavy constant gamma 1 (G1m marker) /// immunoglobulin heavy constant gamma 3 (G3m marker) /// immunoglobulin heavy constant mu /// immunoglobulin heavy variable 4-31,3492 /// 3493 /// 3494 /// 3495 /// 3500 /// 3502 /// 3507 /// 28396,8,Multiple genes,Higher value associated with RD prediction
210082_at,1,-0.08240245557345498,0.08240245557345498,0.1,ABCA4,"ATP-binding cassette, sub-family A (ABC1), member 4",24,1,Unique,Higher value associated with RD prediction
219216_at,1,0.08233493275362044,0.08233493275362044,0.1,ETAA1,Ewing tumor-associated antigen 1,54465,1,Unique,Higher value associated with pCR prediction
200750_s_at,1,0.0822324210831752,0.0822324210831752,0.1,RAN,"RAN, member RAS oncogene family",5901,1,Unique,Higher value associated with pCR prediction
208526_at,1,-0.08180555819029466,0.08180555819029466,0.1,OR2F1,"olfactory receptor, family 2, subfamily F, member 1",26211,1,Unique,Higher value associated with RD prediction
202422_s_at,1,-0.0809123323024421,0.0809123323024421,0.1,ACSL4,acyl-CoA synthetase long-chain family member 4,2182,1,Unique,Higher value associated with RD prediction
213633_at,1,-0.07994820831515405,0.07994820831515405,0.1,SH3BP1,SH3-domain binding protein 1,23616,1,Unique,Higher value associated with RD prediction
218664_at,1,0.07859380065509887,0.07859380065509887,0.1,MECR,mitochondrial trans-2-enoyl-CoA reductase,51102,1,Unique,Higher value associated with pCR prediction
204317_at,1,0.07859077848812486,0.07859077848812486,0.1,GTSE1 /// TRMU,G-2 and S-phase expressed 1 /// tRNA 5-methylaminomethyl-2-thiouridylate methyltransferase,51512 /// 55687,2,Multiple genes,Higher value associated with pCR prediction
218713_at,1,-0.07858057746721184,0.07858057746721184,0.1,ICE2,interactor of little elongator complex ELL subunit 2,79664,1,Unique,Higher value associated with RD prediction
213147_at,1,-0.07792863510851748,0.07792863510851748,0.1,HOXA10,homeobox A10,3206,1,Unique,Higher value associated with RD prediction
204687_at,1,-0.07780584748957396,0.07780584748957396,0.1,PARM1,prostate androgen-regulated mucin-like protein 1,25849,1,Unique,Higher value associated with RD prediction
213416_at,1,-0.07719182956582712,0.07719182956582712,0.1,ITGA4,"integrin, alpha 4 (antigen CD49D, alpha 4 subunit of VLA-4 receptor)",3676,1,Unique,Higher value associated with RD prediction
219663_s_at,1,-0.0767757886511794,0.0767757886511794,0.1,TMEM121,transmembrane protein 121,80757,1,Unique,Higher value associated with RD prediction
208247_at,1,0.07629168101489561,0.07629168101489561,0.1,ERC2-IT1,ERC2 intronic transcript 1 (non-protein coding),711,1,Unique,Higher value associated with pCR prediction
202467_s_at,1,-0.07625464470899092,0.07625464470899092,0.1,COPS2,COP9 signalosome subunit 2,9318,1,Unique,Higher value associated with RD prediction
211086_x_at,1,-0.07622037614990132,0.07622037614990132,0.1,NEK1,NIMA-related kinase 1,4750,1,Unique,Higher value associated with RD prediction
215570_s_at,1,-0.0761607140208469,0.0761607140208469,0.1,ZNF780A /// ZNF780B,zinc finger protein 780A /// zinc finger protein 780B,163131 /// 284323,2,Multiple genes,Higher value associated with RD prediction
202545_at,1,-0.07556604168784817,0.07556604168784817,0.1,PRKCD,"protein kinase C, delta",5580,1,Unique,Higher value associated with RD prediction
221237_s_at,1,0.07447077767345237,0.07447077767345237,0.1,OSBP2,oxysterol binding protein 2,23762,1,Unique,Higher value associated with pCR prediction
203162_s_at,1,-0.0736820259534598,0.0736820259534598,0.1,KATNB1,katanin p80 (WD repeat containing) subunit B 1,10300,1,Unique,Higher value associated with RD prediction
217696_at,1,0.07355651833889418,0.07355651833889418,0.1,FUT7,"fucosyltransferase 7 (alpha (1,3) fucosyltransferase)",2529,1,Unique,Higher value associated with pCR prediction
201003_x_at,1,-0.07345452425566665,0.07345452425566665,0.1,TMEM189 /// TMEM189-UBE2V1 /// UBE2V1 /// UBE2V2,transmembrane protein 189 /// TMEM189-UBE2V1 readthrough /// ubiquitin-conjugating enzyme E2 variant 1 /// ubiquitin-conjugating enzyme E2 variant 2,7335 /// 7336 /// 387521 /// 387522,4,Multiple genes,Higher value associated with RD prediction
201231_s_at,1,0.07301305690310189,0.07301305690310189,0.1,ENO1,"enolase 1, (alpha)",2023,1,Unique,Higher value associated with pCR prediction
216926_s_at,1,0.07237483316442564,0.07237483316442564,0.1,MAU2,MAU2 sister chromatid cohesion factor,23383,1,Unique,Higher value associated with pCR prediction
216113_at,1,-0.07210899088093026,0.07210899088093026,0.1,ABI2,abl-interactor 2,10152,1,Unique,Higher value associated with RD prediction
215309_at,1,0.07163084587852221,0.07163084587852221,0.1,ZNF674,zinc finger protein 674,641339,1,Unique,Higher value associated with pCR prediction
222093_s_at,1,-0.07161210457214529,0.07161210457214529,0.1,INO80B,INO80 complex subunit B,83444,1,Unique,Higher value associated with RD prediction
217118_s_at,1,-0.0713115046043788,0.0713115046043788,0.1,KIAA0930,KIAA0930,23313,1,Unique,Higher value associated with RD prediction
210213_s_at,1,-0.07114176383563349,0.07114176383563349,0.1,EIF6,eukaryotic translation initiation factor 6,3692,1,Unique,Higher value associated with RD prediction
204120_s_at,1,-0.07074577511543073,0.07074577511543073,0.1,ADK,adenosine kinase,132,1,Unique,Higher value associated with RD prediction
202290_at,1,-0.06999211510774514,0.06999211510774514,0.1,PDAP1,PDGFA associated protein 1,11333,1,Unique,Higher value associated with RD prediction
218109_s_at,1,0.06994056803125238,0.06994056803125238,0.1,MFSD1,major facilitator superfamily domain containing 1,64747,1,Unique,Higher value associated with pCR prediction
221508_at,1,0.06951612033223871,0.06951612033223871,0.1,TAOK3,TAO kinase 3,51347,1,Unique,Higher value associated with pCR prediction
221396_at,1,-0.06923029312485396,0.06923029312485396,0.1,TAS2R7,"taste receptor, type 2, member 7",50837,1,Unique,Higher value associated with RD prediction
213947_s_at,1,0.06824332434438916,0.06824332434438916,0.1,NUP210,nucleoporin 210kDa,23225,1,Unique,Higher value associated with pCR prediction
221865_at,1,0.06783565187040583,0.06783565187040583,0.1,C9orf91,chromosome 9 open reading frame 91,203197,1,Unique,Higher value associated with pCR prediction
207068_at,1,-0.06749471157662325,0.06749471157662325,0.1,ZFP37,ZFP37 zinc finger protein,7539,1,Unique,Higher value associated with RD prediction
220829_s_at,1,-0.06749365193047574,0.06749365193047574,0.1,B3GALT1,"UDP-Gal:betaGlcNAc beta 1,3-galactosyltransferase, polypeptide 1",8708,1,Unique,Higher value associated with RD prediction
204854_at,1,-0.0673233128136444,0.0673233128136444,0.1,LEPREL2,leprecan-like 2,10536,1,Unique,Higher value associated with RD prediction
221309_at,1,0.06709458532284056,0.06709458532284056,0.1,RBM17,RNA binding motif protein 17,84991,1,Unique,Higher value associated with pCR prediction
219809_at,1,-0.06691721374368274,0.06691721374368274,0.1,WDR55,WD repeat domain 55,54853,1,Unique,Higher value associated with RD prediction
214837_at,1,-0.06654526792215712,0.06654526792215712,0.1,ALB,albumin,213,1,Unique,Higher value associated with RD prediction
217450_at,1,0.06636928616782745,0.06636928616782745,0.1,AGFG2,ArfGAP with FG repeats 2,3268,1,Unique,Higher value associated with pCR prediction
200667_at,1,-0.0661018434493961,0.0661018434493961,0.1,UBE2D3,ubiquitin-conjugating enzyme E2D 3,7323,1,Unique,Higher value associated with RD prediction
214162_at,1,0.0657754037693934,0.0657754037693934,0.1,ASXL3,additional sex combs like transcriptional regulator 3,80816,1,Unique,Higher value associated with pCR prediction
219615_s_at,1,0.06527257309862626,0.06527257309862626,0.1,KCNK5,"potassium channel, subfamily K, member 5",8645,1,Unique,Higher value associated with pCR prediction
216322_at,1,-0.06503856813753617,0.06503856813753617,0.1,CD58,CD58 molecule,965,1,Unique,Higher value associated with RD prediction
220116_at,1,0.06477244945687782,0.06477244945687782,0.1,KCNN2,"potassium intermediate/small conductance calcium-activated channel, subfamily N, member 2",3781,1,Unique,Higher value associated with pCR prediction
221703_at,1,0.06461668364398455,0.06461668364398455,0.1,BRIP1,BRCA1 interacting protein C-terminal helicase 1,83990,1,Unique,Higher value associated with pCR prediction
216024_at,1,0.06459731322827998,0.06459731322827998,0.1,DNM2,dynamin 2,1785,1,Unique,Higher value associated with pCR prediction
213611_at,1,0.06420648809102816,0.06420648809102816,0.1,AQP5,aquaporin 5,362,1,Unique,Higher value associated with pCR prediction
215948_x_at,1,-0.06372202270571241,0.06372202270571241,0.1,ZMYM5,"zinc finger, MYM-type 5",9205,1,Unique,Higher value associated with RD prediction
206806_at,1,-0.06325327199825351,0.06325327199825351,0.1,DGKI,"diacylglycerol kinase, iota",9162,1,Unique,Higher value associated with RD prediction
205826_at,1,-0.06269939284890806,0.06269939284890806,0.1,MYOM2,myomesin 2,9172,1,Unique,Higher value associated with RD prediction
214636_at,1,-0.062428049367180945,0.062428049367180945,0.1,CALCB,calcitonin-related polypeptide beta,797,1,Unique,Higher value associated with RD prediction
221968_s_at,1,0.06230315199963775,0.06230315199963775,0.1,ZNF771,zinc finger protein 771,51333,1,Unique,Higher value associated with pCR prediction
217326_x_at,1,-0.06217077086876286,0.06217077086876286,0.1,BV03S1J2.2 /// IL23A /// TCRB /// TCRVB /// TRBC2 /// TRBC2 /// TRBJ2-7 /// TRBJ2-7 /// TRBV19,"SubName: Full=BV03S1J2.2 protein; Flags: Fragment; /// interleukin 23, alpha subunit p19 /// Homo sapiens mRNA for T cell receptor beta variable 28, partial cds, clone: non 374. /// Human TCR Cbeta1 chain cDNA. ///  /// T cell receptor beta constant 2 /// T cell receptor beta joining 2-7 ///  /// T cell receptor beta variable 19",28568 /// 51561,9,Multiple genes,Higher value associated with RD prediction
217858_s_at,1,0.061898227871441176,0.061898227871441176,0.1,ARMCX3,"armadillo repeat containing, X-linked 3",51566,1,Unique,Higher value associated with pCR prediction
217136_at,1,-0.061427905516544395,0.061427905516544395,0.1,PPIAL4B /// PPIAL4C /// PPIAL4G,peptidylprolyl isomerase A (cyclophilin A)-like 4B /// peptidylprolyl isomerase A (cyclophilin A)-like 4C /// peptidylprolyl isomerase A (cyclophilin A)-like 4G,644591 /// 653505 /// 653598,3,Multiple genes,Higher value associated with RD prediction
216328_at,1,-0.06139102996480459,0.06139102996480459,0.1,SIGLEC8,sialic acid binding Ig-like lectin 8,27181,1,Unique,Higher value associated with RD prediction
205672_at,1,-0.06119517335968749,0.06119517335968749,0.1,XPA,"xeroderma pigmentosum, complementation group A",7507,1,Unique,Higher value associated with RD prediction
217710_x_at,1,-0.06112388728625688,0.06112388728625688,0.1,ITPK1,inositol-tetrakisphosphate 1-kinase,3705,1,Unique,Higher value associated with RD prediction
215734_at,1,-0.06052901852177186,0.06052901852177186,0.1,IZUMO4,IZUMO family member 4,113177,1,Unique,Higher value associated with RD prediction
209727_at,1,-0.06010171490858046,0.06010171490858046,0.1,GM2A,GM2 ganglioside activator,2760,1,Unique,Higher value associated with RD prediction
212707_s_at,1,0.06006078664129952,0.06006078664129952,0.1,LOC102725198 /// RASA4 /// RASA4B /// RASA4CP,"ras GTPase-activating protein 4-like /// RAS p21 protein activator 4 /// RAS p21 protein activator 4B /// RAS p21 protein activator 4C, pseudogene",10156 /// 401331 /// 100271927 /// 102725198,4,Multiple genes,Higher value associated with pCR prediction
210109_at,1,-0.060043918533628275,0.060043918533628275,0.1,SND1-IT1,SND1 intronic transcript 1 (non-protein coding),27099,1,Unique,Higher value associated with RD prediction
210710_at,1,-0.05983522046921564,0.05983522046921564,0.1,AGGF1,angiogenic factor with G patch and FHA domains 1,55109,1,Unique,Higher value associated with RD prediction
208696_at,1,-0.05962563164281303,0.05962563164281303,0.1,CCT5,"chaperonin containing TCP1, subunit 5 (epsilon)",22948,1,Unique,Higher value associated with RD prediction
210792_x_at,1,0.05899913285361959,0.05899913285361959,0.1,SIVA1,"SIVA1, apoptosis-inducing factor",10572,1,Unique,Higher value associated with pCR prediction
222091_at,1,-0.05890453133460696,0.05890453133460696,0.1,HPCAL4,hippocalcin like 4,51440,1,Unique,Higher value associated with RD prediction
207666_x_at,1,-0.058810194367073985,0.058810194367073985,0.1,SSX3,"synovial sarcoma, X breakpoint 3",10214,1,Unique,Higher value associated with RD prediction
208060_at,1,0.058686156938423106,0.058686156938423106,0.1,PAX7,paired box 7,5081,1,Unique,Higher value associated with pCR prediction
200870_at,1,-0.05845655015284849,0.05845655015284849,0.1,STRAP,serine/threonine kinase receptor associated protein,11171,1,Unique,Higher value associated with RD prediction
201101_s_at,1,0.05820725728345528,0.05820725728345528,0.1,BCLAF1,BCL2-associated transcription factor 1,9774,1,Unique,Higher value associated with pCR prediction
206618_at,1,0.05813022129315212,0.05813022129315212,0.1,IL18R1,interleukin 18 receptor 1,8809,1,Unique,Higher value associated with pCR prediction
210214_s_at,1,0.05752381542904728,0.05752381542904728,0.1,BMPR2,"bone morphogenetic protein receptor, type II (serine/threonine kinase)",659,1,Unique,Higher value associated with pCR prediction
214447_at,1,-0.05684320031641099,0.05684320031641099,0.1,ETS1,v-ets avian erythroblastosis virus E26 oncogene homolog 1,2113,1,Unique,Higher value associated with RD prediction
204345_at,1,-0.05680901316447603,0.05680901316447603,0.1,COL16A1,"collagen, type XVI, alpha 1",1307,1,Unique,Higher value associated with RD prediction
203244_at,1,-0.055578233477439024,0.055578233477439024,0.1,PEX5,peroxisomal biogenesis factor 5,5830,1,Unique,Higher value associated with RD prediction
209785_s_at,1,-0.05554579703552952,0.05554579703552952,0.1,PLA2G4C,"phospholipase A2, group IVC (cytosolic, calcium-independent)",8605,1,Unique,Higher value associated with RD prediction
209980_s_at,1,0.05488989924348246,0.05488989924348246,0.1,MIR6778 /// SHMT1,microRNA 6778 /// serine hydroxymethyltransferase 1 (soluble),6470 /// 102466733,2,Multiple genes,Higher value associated with pCR prediction
211419_s_at,1,-0.05488609693418457,0.05488609693418457,0.1,CHN2,chimerin 2,1124,1,Unique,Higher value associated with RD prediction
206306_at,1,-0.0536081167927645,0.0536081167927645,0.1,RYR3,ryanodine receptor 3,6263,1,Unique,Higher value associated with RD prediction
214637_at,1,0.05318528680568224,0.05318528680568224,0.1,OSM,oncostatin M,5008,1,Unique,Higher value associated with pCR prediction
201876_at,1,-0.05260546995601822,0.05260546995601822,0.1,PON2,paraoxonase 2,5445,1,Unique,Higher value associated with RD prediction
206911_at,1,-0.052324246782279434,0.052324246782279434,0.1,TRIM25,tripartite motif containing 25,7706,1,Unique,Higher value associated with RD prediction
201904_s_at,1,0.05221734335000708,0.05221734335000708,0.1,CTDSPL,"CTD (carboxy-terminal domain, RNA polymerase II, polypeptide A) small phosphatase-like",10217,1,Unique,Higher value associated with pCR prediction
205793_x_at,1,-0.05213993530911423,0.05213993530911423,0.1,TNK1,"tyrosine kinase, non-receptor, 1",8711,1,Unique,Higher value associated with RD prediction
215846_at,1,-0.051745270350940835,0.051745270350940835,0.1,,,,0,No gene symbol,Higher value associated with RD prediction
210697_at,1,0.05167128458135211,0.05167128458135211,0.1,ZNF257,zinc finger protein 257,113835,1,Unique,Higher value associated with pCR prediction
217265_at,1,0.051556938298231055,0.051556938298231055,0.1,RP1-192P9.1,,,1,Unique,Higher value associated with pCR prediction
220154_at,1,0.05138559200650867,0.05138559200650867,0.1,DST,dystonin,667,1,Unique,Higher value associated with pCR prediction
213877_x_at,1,0.05136657709596587,0.05136657709596587,0.1,TCEB2,"transcription elongation factor B (SIII), polypeptide 2 (18kDa, elongin B)",6923,1,Unique,Higher value associated with pCR prediction
219467_at,1,-0.05080955105173952,0.05080955105173952,0.1,GIN1,gypsy retrotransposon integrase 1,54826,1,Unique,Higher value associated with RD prediction
218611_at,1,-0.050438163938257,0.050438163938257,0.1,IER5,immediate early response 5,51278,1,Unique,Higher value associated with RD prediction
202603_at,1,-0.0503643020376426,0.0503643020376426,0.1,ADAM10,ADAM metallopeptidase domain 10,102,1,Unique,Higher value associated with RD prediction
220237_at,1,0.05010128477959282,0.05010128477959282,0.1,ATG3,autophagy related 3,64422,1,Unique,Higher value associated with pCR prediction
217041_at,1,0.049943318274540835,0.049943318274540835,0.1,NPTXR,neuronal pentraxin receptor,23467,1,Unique,Higher value associated with pCR prediction
204406_at,1,-0.049888748048833184,0.049888748048833184,0.1,FLT1,fms-related tyrosine kinase 1,2321,1,Unique,Higher value associated with RD prediction
203728_at,1,-0.049872198496666784,0.049872198496666784,0.1,BAK1,BCL2-antagonist/killer 1,578,1,Unique,Higher value associated with RD prediction
207593_at,1,0.04977206603019728,0.04977206603019728,0.1,ABCG4,"ATP-binding cassette, sub-family G (WHITE), member 4",64137,1,Unique,Higher value associated with pCR prediction
221604_s_at,1,0.04913358021084912,0.04913358021084912,0.1,PEX16,peroxisomal biogenesis factor 16,9409,1,Unique,Higher value associated with pCR prediction
220570_at,1,0.048984738626710246,0.048984738626710246,0.1,RETN,resistin,56729,1,Unique,Higher value associated with pCR prediction
209529_at,1,0.0489479848392676,0.0489479848392676,0.1,PPAP2C,phosphatidic acid phosphatase type 2C,8612,1,Unique,Higher value associated with pCR prediction
215615_x_at,1,0.048694793714861816,0.048694793714861816,0.1,,,,0,No gene symbol,Higher value associated with pCR prediction
221327_s_at,1,-0.0485794785609495,0.0485794785609495,0.1,LOC101060233 /// OPN1LW /// OPN1MW /// OPN1MW2,"medium-wave-sensitive opsin 1-like /// opsin 1 (cone pigments), long-wave-sensitive /// opsin 1 (cone pigments), medium-wave-sensitive /// opsin 1 (cone pigments), medium-wave-sensitive 2",2652 /// 5956 /// 728458 /// 101060233,4,Multiple genes,Higher value associated with RD prediction
219103_at,1,-0.048389915906861605,0.048389915906861605,0.1,ASAP3,"ArfGAP with SH3 domain, ankyrin repeat and PH domain 3",55616,1,Unique,Higher value associated with RD prediction
200948_at,1,-0.04821613004836336,0.04821613004836336,0.1,MLF2,myeloid leukemia factor 2,8079,1,Unique,Higher value associated with RD prediction
214389_at,1,-0.04792073289563416,0.04792073289563416,0.1,SLC5A12,"solute carrier family 5 (sodium/monocarboxylate cotransporter), member 12",159963,1,Unique,Higher value associated with RD prediction
217504_at,1,0.047565553144822366,0.047565553144822366,0.1,ABCA6,"ATP-binding cassette, sub-family A (ABC1), member 6",23460,1,Unique,Higher value associated with pCR prediction
215161_at,1,0.0474661173478912,0.0474661173478912,0.1,CAMK1G,calcium/calmodulin-dependent protein kinase IG,57172,1,Unique,Higher value associated with pCR prediction
220898_at,1,-0.04742503944075094,0.04742503944075094,0.1,,,,0,No gene symbol,Higher value associated with RD prediction
202872_at,1,-0.04715173263224114,0.04715173263224114,0.1,ATP6V1C1,"ATPase, H+ transporting, lysosomal 42kDa, V1 subunit C1",528,1,Unique,Higher value associated with RD prediction
205972_at,1,0.04704327160619669,0.04704327160619669,0.1,SLC38A3,"solute carrier family 38, member 3",10991,1,Unique,Higher value associated with pCR prediction
215580_at,1,0.04685712261100769,0.04685712261100769,0.1,MCM3AP,minichromosome maintenance complex component 3 associated protein,8888,1,Unique,Higher value associated with pCR prediction
217002_s_at,1,0.04648554208807836,0.04648554208807836,0.1,HTR3A,"5-hydroxytryptamine (serotonin) receptor 3A, ionotropic",3359,1,Unique,Higher value associated with pCR prediction
201368_at,1,-0.04607574360277628,0.04607574360277628,0.1,ZFP36L2,ZFP36 ring finger protein-like 2,678,1,Unique,Higher value associated with RD prediction
208817_at,1,0.0458118024241091,0.0458118024241091,0.1,COMT,catechol-O-methyltransferase,1312,1,Unique,Higher value associated with pCR prediction
213872_at,1,0.045788789098398563,0.045788789098398563,0.1,,,,0,No gene symbol,Higher value associated with pCR prediction
212444_at,1,-0.045690812969244904,0.045690812969244904,0.1,GPRC5A,"G protein-coupled receptor, class C, group 5, member A",9052,1,Unique,Higher value associated with RD prediction
207912_s_at,1,0.04568205671854751,0.04568205671854751,0.1,DAZ1 /// DAZ2 /// DAZ3 /// DAZ4,deleted in azoospermia 1 /// deleted in azoospermia 2 /// deleted in azoospermia 3 /// deleted in azoospermia 4,1617 /// 57054 /// 57055 /// 57135,4,Multiple genes,Higher value associated with pCR prediction
204121_at,1,-0.04560023428754664,0.04560023428754664,0.1,GADD45G,"growth arrest and DNA-damage-inducible, gamma",10912,1,Unique,Higher value associated with RD prediction
207642_at,1,-0.045409704277832086,0.045409704277832086,0.1,HCRT,hypocretin (orexin) neuropeptide precursor,3060,1,Unique,Higher value associated with RD prediction
210203_at,1,-0.045344532551203486,0.045344532551203486,0.1,CNOT4,"CCR4-NOT transcription complex, subunit 4",4850,1,Unique,Higher value associated with RD prediction
212149_at,1,-0.04528078020983766,0.04528078020983766,0.1,EFR3A,EFR3 homolog A (S. cerevisiae),23167,1,Unique,Higher value associated with RD prediction
208481_at,1,0.04527875563969042,0.04527875563969042,0.1,ASB4,ankyrin repeat and SOCS box containing 4,51666,1,Unique,Higher value associated with pCR prediction
211702_s_at,1,0.04509957836264783,0.04509957836264783,0.1,USP32,ubiquitin specific peptidase 32,84669,1,Unique,Higher value associated with pCR prediction
211780_x_at,1,-0.04495772820922539,0.04495772820922539,0.1,DCTN1,dynactin 1,1639,1,Unique,Higher value associated with RD prediction
219621_at,1,-0.04493419836723102,0.04493419836723102,0.1,CLSPN,claspin,63967,1,Unique,Higher value associated with RD prediction
213543_at,1,-0.0447940871074654,0.0447940871074654,0.1,SGCD,"sarcoglycan, delta (35kDa dystrophin-associated glycoprotein)",6444,1,Unique,Higher value associated with RD prediction
217296_at,1,0.04470480764216674,0.04470480764216674,0.1,KIR2DS1,"killer cell immunoglobulin-like receptor, two domains, short cytoplasmic tail, 1",3806,1,Unique,Higher value associated with pCR prediction
212399_s_at,1,0.04459722442564011,0.04459722442564011,0.1,VGLL4,vestigial-like family member 4,9686,1,Unique,Higher value associated with pCR prediction
210037_s_at,1,0.044298552453423116,0.044298552453423116,0.1,NOS2,"nitric oxide synthase 2, inducible",4843,1,Unique,Higher value associated with pCR prediction
212416_at,1,-0.044118535405430585,0.044118535405430585,0.1,SCAMP1,secretory carrier membrane protein 1,9522,1,Unique,Higher value associated with RD prediction
215704_at,1,-0.04406465755297166,0.04406465755297166,0.1,FLG,filaggrin,2312,1,Unique,Higher value associated with RD prediction
209207_s_at,1,-0.043979713068883576,0.043979713068883576,0.1,LOC100996517 /// LOC102724364 /// SEC22B,vesicle-trafficking protein SEC22b-like /// vesicle-trafficking protein SEC22b-like /// SEC22 vesicle trafficking protein homolog B (S. cerevisiae) (gene/pseudogene),9554 /// 100996517 /// 102724364,3,Multiple genes,Higher value associated with RD prediction
217344_at,1,0.04375930223321374,0.04375930223321374,0.1,FDPSP5 /// FDPSP5,farnesyl diphosphate synthase pseudogene 5 ///,,2,Multiple genes,Higher value associated with pCR prediction
221012_s_at,1,-0.04355600961340271,0.04355600961340271,0.1,TRIM8,tripartite motif containing 8,81603,1,Unique,Higher value associated with RD prediction
218210_at,1,0.04317993329356136,0.04317993329356136,0.1,FN3KRP,fructosamine 3 kinase related protein,79672,1,Unique,Higher value associated with pCR prediction
216092_s_at,1,-0.04308911972914554,0.04308911972914554,0.1,SLC7A8,"solute carrier family 7 (amino acid transporter light chain, L system), member 8",23428,1,Unique,Higher value associated with RD prediction
205071_x_at,1,0.04307598607897529,0.04307598607897529,0.1,XRCC4,X-ray repair complementing defective repair in Chinese hamster cells 4,7518,1,Unique,Higher value associated with pCR prediction
208202_s_at,1,-0.04285119798643889,0.04285119798643889,0.1,JADE2,jade family PHD finger 2,23338,1,Unique,Higher value associated with RD prediction
219803_at,1,-0.04205578105421222,0.04205578105421222,0.1,ANGPTL3,angiopoietin-like 3,27329,1,Unique,Higher value associated with RD prediction
210040_at,1,-0.0419168760381045,0.0419168760381045,0.1,SLC12A5,"solute carrier family 12 (potassium/chloride transporter), member 5",57468,1,Unique,Higher value associated with RD prediction
208257_x_at,1,0.04181435117000876,0.04181435117000876,0.1,PSG1,pregnancy specific beta-1-glycoprotein 1,5669,1,Unique,Higher value associated with pCR prediction
212852_s_at,1,-0.04173594982346385,0.04173594982346385,0.1,TROVE2,"TROVE domain family, member 2",6738,1,Unique,Higher value associated with RD prediction
206182_at,1,-0.0416163089057049,0.0416163089057049,0.1,ZNF134,zinc finger protein 134,7693,1,Unique,Higher value associated with RD prediction
213173_at,1,-0.041605747442568286,0.041605747442568286,0.1,PCNX,pecanex homolog (Drosophila),22990,1,Unique,Higher value associated with RD prediction
217338_at,1,0.04156776506561777,0.04156776506561777,0.1,KRT19P2,keratin 19 pseudogene 2,160313,1,Unique,Higher value associated with pCR prediction
216300_x_at,1,0.041426911945171084,0.041426911945171084,0.1,RARA,"retinoic acid receptor, alpha",5914,1,Unique,Higher value associated with pCR prediction
203849_s_at,1,0.0413109245889773,0.0413109245889773,0.1,KIF1A,kinesin family member 1A,547,1,Unique,Higher value associated with pCR prediction
222286_at,1,0.04130442026271577,0.04130442026271577,0.1,SNAPC3,"small nuclear RNA activating complex, polypeptide 3, 50kDa",6619,1,Unique,Higher value associated with pCR prediction
219882_at,1,0.04110512065960096,0.04110512065960096,0.1,TTLL7,"tubulin tyrosine ligase-like family, member 7",79739,1,Unique,Higher value associated with pCR prediction
207843_x_at,1,-0.04101369805280287,0.04101369805280287,0.1,CYB5A,cytochrome b5 type A (microsomal),1528,1,Unique,Higher value associated with RD prediction
212394_at,1,-0.04097203430511487,0.04097203430511487,0.1,EMC1,ER membrane protein complex subunit 1,23065,1,Unique,Higher value associated with RD prediction
201879_at,1,-0.040848719999838384,0.040848719999838384,0.1,ARIH1,ariadne RBR E3 ubiquitin protein ligase 1,25820,1,Unique,Higher value associated with RD prediction
212073_at,1,-0.040830210136494155,0.040830210136494155,0.1,CSNK2A1,"casein kinase 2, alpha 1 polypeptide",1457,1,Unique,Higher value associated with RD prediction
211159_s_at,1,0.04070485443426818,0.04070485443426818,0.1,PPP2R5D,"protein phosphatase 2, regulatory subunit B', delta",5528,1,Unique,Higher value associated with pCR prediction
204990_s_at,1,0.040402207618857516,0.040402207618857516,0.1,ITGB4,"integrin, beta 4",3691,1,Unique,Higher value associated with pCR prediction
205167_s_at,1,0.03994141539671126,0.03994141539671126,0.1,CDC25C,cell division cycle 25C,995,1,Unique,Higher value associated with pCR prediction
201949_x_at,1,-0.03992924960135903,0.03992924960135903,0.1,CAPZB,"capping protein (actin filament) muscle Z-line, beta",832,1,Unique,Higher value associated with RD prediction
216004_s_at,1,-0.03963104690365189,0.03963104690365189,0.1,PKNOX1,PBX/knotted 1 homeobox 1,5316,1,Unique,Higher value associated with RD prediction
222375_at,1,0.039346331805388234,0.039346331805388234,0.1,,,,0,No gene symbol,Higher value associated with pCR prediction
201736_s_at,1,-0.03928158974684949,0.03928158974684949,0.1,MARCH6,"membrane-associated ring finger (C3HC4) 6, E3 ubiquitin protein ligase",10299,1,Unique,Higher value associated with RD prediction
59999_at,1,-0.039261331523021525,0.039261331523021525,0.1,HIF1AN,"hypoxia inducible factor 1, alpha subunit inhibitor",55662,1,Unique,Higher value associated with RD prediction
216075_at,1,0.03925370909439362,0.03925370909439362,0.1,,,,0,No gene symbol,Higher value associated with pCR prediction
222272_x_at,1,0.03923897259277128,0.03923897259277128,0.1,SCIN,scinderin,85477,1,Unique,Higher value associated with pCR prediction
211301_at,1,-0.03913659563887801,0.03913659563887801,0.1,KCND3,"potassium voltage-gated channel, Shal-related subfamily, member 3",3752,1,Unique,Higher value associated with RD prediction
207609_s_at,1,-0.03900301103713093,0.03900301103713093,0.1,CYP1A2,"cytochrome P450, family 1, subfamily A, polypeptide 2",1544,1,Unique,Higher value associated with RD prediction
202247_s_at,1,0.038796344323622424,0.038796344323622424,0.1,MTA1,metastasis associated 1,9112,1,Unique,Higher value associated with pCR prediction
222325_at,1,0.03872165524265416,0.03872165524265416,0.1,,,,0,No gene symbol,Higher value associated with pCR prediction
210034_s_at,1,-0.038668711164713654,0.038668711164713654,0.1,RPL5 /// SNORD21,"ribosomal protein L5 /// small nucleolar RNA, C/D box 21",6083 /// 6125,2,Multiple genes,Higher value associated with RD prediction
213777_s_at,1,-0.038531672350268324,0.038531672350268324,0.1,,,,0,No gene symbol,Higher value associated with RD prediction
203447_at,1,0.03849684663038003,0.03849684663038003,0.1,PSMD5,"proteasome (prosome, macropain) 26S subunit, non-ATPase, 5",5711,1,Unique,Higher value associated with pCR prediction
203966_s_at,1,-0.03840723692036735,0.03840723692036735,0.1,PPM1A,"protein phosphatase, Mg2+/Mn2+ dependent, 1A",5494,1,Unique,Higher value associated with RD prediction
210637_at,1,-0.03838642069528469,0.03838642069528469,0.1,TACR1,tachykinin receptor 1,6869,1,Unique,Higher value associated with RD prediction
210063_at,1,-0.03824478712954301,0.03824478712954301,0.1,SARDH,sarcosine dehydrogenase,1757,1,Unique,Higher value associated with RD prediction
222133_s_at,1,-0.03819751745322563,0.03819751745322563,0.1,PHF20L1,PHD finger protein 20-like 1,51105,1,Unique,Higher value associated with RD prediction
222098_s_at,1,-0.03803857971236756,0.03803857971236756,0.1,,,,0,No gene symbol,Higher value associated with RD prediction
205239_at,1,0.037991513331857005,0.037991513331857005,0.1,AREG,amphiregulin,374,1,Unique,Higher value associated with pCR prediction
215515_at,1,0.03786059153715419,0.03786059153715419,0.1,,,,0,No gene symbol,Higher value associated with pCR prediction
221163_s_at,1,-0.03777497512229046,0.03777497512229046,0.1,MLXIPL,MLX interacting protein-like,51085,1,Unique,Higher value associated with RD prediction
215187_at,1,0.03769926258411291,0.03769926258411291,0.1,FLJ11292,uncharacterized protein FLJ11292,55338,1,Unique,Higher value associated with pCR prediction
205058_at,1,0.037613961389246844,0.037613961389246844,0.1,SLC26A1,"solute carrier family 26 (anion exchanger), member 1",10861,1,Unique,Higher value associated with pCR prediction
215679_at,1,0.03738374607945896,0.03738374607945896,0.1,AL109706,Homo sapiens mRNA full length insert cDNA clone EUROIMAGE 362430.,,1,Unique,Higher value associated with pCR prediction
203910_at,1,-0.0373516839470069,0.0373516839470069,0.1,ARHGAP29,Rho GTPase activating protein 29,9411,1,Unique,Higher value associated with RD prediction
210121_at,1,0.037346684346090515,0.037346684346090515,0.1,B3GALT2,"UDP-Gal:betaGlcNAc beta 1,3-galactosyltransferase, polypeptide 2",8707,1,Unique,Higher value associated with pCR prediction
220784_s_at,1,-0.0371817503202805,0.0371817503202805,0.1,UTS2,urotensin 2,10911,1,Unique,Higher value associated with RD prediction
215767_at,1,-0.037008597283402195,0.037008597283402195,0.1,ZNF804A,zinc finger protein 804A,91752,1,Unique,Higher value associated with RD prediction
221276_s_at,1,-0.03699854310666192,0.03699854310666192,0.1,SYNC,"syncoilin, intermediate filament protein",81493,1,Unique,Higher value associated with RD prediction
220981_x_at,1,-0.036932246709835824,0.036932246709835824,0.1,NXF2 /// NXF2B,nuclear RNA export factor 2 /// nuclear RNA export factor 2B,56001 /// 728343,2,Multiple genes,Higher value associated with RD prediction
212764_at,1,-0.036922547201583174,0.036922547201583174,0.1,LOC100996668 /// ZEB1,uncharacterized LOC100996668 /// zinc finger E-box binding homeobox 1,6935 /// 100996668,2,Multiple genes,Higher value associated with RD prediction
211662_s_at,1,-0.03674706743965474,0.03674706743965474,0.1,VDAC2,voltage-dependent anion channel 2,7417,1,Unique,Higher value associated with RD prediction
211459_at,1,0.036704248297452016,0.036704248297452016,0.1,,,,0,No gene symbol,Higher value associated with pCR prediction
213549_at,1,0.036683803661866576,0.036683803661866576,0.1,PDZD8,PDZ domain containing 8,118987,1,Unique,Higher value associated with pCR prediction
210125_s_at,1,-0.03651219376964608,0.03651219376964608,0.1,BANF1,barrier to autointegration factor 1,8815,1,Unique,Higher value associated with RD prediction
AFFX-ThrX-M_at,1,0.036510016678363774,0.036510016678363774,0.1,,,,0,No gene symbol,Higher value associated with pCR prediction
207043_s_at,1,-0.03632627938779097,0.03632627938779097,0.1,SLC6A9,"solute carrier family 6 (neurotransmitter transporter, glycine), member 9",6536,1,Unique,Higher value associated with RD prediction
209289_at,1,0.03631285053324146,0.03631285053324146,0.1,NFIB,nuclear factor I/B,4781,1,Unique,Higher value associated with pCR prediction
209946_at,1,-0.03625751208132581,0.03625751208132581,0.1,VEGFC,vascular endothelial growth factor C,7424,1,Unique,Higher value associated with RD prediction
36711_at,1,0.03624348686528937,0.03624348686528937,0.1,MAFF,v-maf avian musculoaponeurotic fibrosarcoma oncogene homolog F,23764,1,Unique,Higher value associated with pCR prediction
213637_at,1,0.03612793116202124,0.03612793116202124,0.1,DDX52,DEAD (Asp-Glu-Ala-Asp) box polypeptide 52,11056,1,Unique,Higher value associated with pCR prediction
219773_at,1,-0.035971393877291986,0.035971393877291986,0.1,NOX4,NADPH oxidase 4,50507,1,Unique,Higher value associated with RD prediction
208609_s_at,1,0.03596029427483933,0.03596029427483933,0.1,TNXA /// TNXB,tenascin XA (pseudogene) /// tenascin XB,7146 /// 7148,2,Multiple genes,Higher value associated with pCR prediction
216844_at,1,0.035939782565497715,0.035939782565497715,0.1,ZC3H7B,zinc finger CCCH-type containing 7B,23264,1,Unique,Higher value associated with pCR prediction
201917_s_at,1,0.035880884495621726,0.035880884495621726,0.1,SLC25A36,"solute carrier family 25 (pyrimidine nucleotide carrier ), member 36",55186,1,Unique,Higher value associated with pCR prediction
203400_s_at,1,0.035720267358882764,0.035720267358882764,0.1,TF,transferrin,7018,1,Unique,Higher value associated with pCR prediction
205336_at,1,-0.035715832221917265,0.035715832221917265,0.1,PVALB,parvalbumin,5816,1,Unique,Higher value associated with RD prediction
214518_at,1,-0.035636467619276774,0.035636467619276774,0.1,PDHA2,pyruvate dehydrogenase (lipoamide) alpha 2,5161,1,Unique,Higher value associated with RD prediction
220768_s_at,1,-0.03555368320350812,0.03555368320350812,0.1,CSNK1G3,"casein kinase 1, gamma 3",1456,1,Unique,Higher value associated with RD prediction
214474_at,1,-0.035459196699259135,0.035459196699259135,0.1,PRKAB2,"protein kinase, AMP-activated, beta 2 non-catalytic subunit",5565,1,Unique,Higher value associated with RD prediction
221608_at,1,-0.03541922762884766,0.03541922762884766,0.1,WNT6,"wingless-type MMTV integration site family, member 6",7475,1,Unique,Higher value associated with RD prediction
208251_at,1,0.035389238977381256,0.035389238977381256,0.1,KCNC4,"potassium voltage-gated channel, Shaw-related subfamily, member 4",3749,1,Unique,Higher value associated with pCR prediction
202273_at,1,-0.03532031861393781,0.03532031861393781,0.1,PDGFRB,"platelet-derived growth factor receptor, beta polypeptide",5159,1,Unique,Higher value associated with RD prediction
208435_s_at,1,0.03528611051813111,0.03528611051813111,0.1,AQP6,"aquaporin 6, kidney specific",363,1,Unique,Higher value associated with pCR prediction
213959_s_at,1,-0.035119657647162746,0.035119657647162746,0.1,RPGRIP1L,RPGRIP1-like,23322,1,Unique,Higher value associated with RD prediction
210218_s_at,1,0.035080781439049094,0.035080781439049094,0.1,SP100,SP100 nuclear antigen,6672,1,Unique,Higher value associated with pCR prediction
210286_s_at,1,0.03488070165930987,0.03488070165930987,0.1,SLC4A7,"solute carrier family 4, sodium bicarbonate cotransporter, member 7",9497,1,Unique,Higher value associated with pCR prediction
221190_s_at,1,0.03480088860074803,0.03480088860074803,0.1,C18orf8,chromosome 18 open reading frame 8,29919,1,Unique,Higher value associated with pCR prediction
202511_s_at,1,0.034748727963863704,0.034748727963863704,0.1,ATG5,autophagy related 5,9474,1,Unique,Higher value associated with pCR prediction
206524_at,1,-0.03465480957067925,0.03465480957067925,0.1,T,"T, brachyury homolog (mouse)",6862,1,Unique,Higher value associated with RD prediction
214230_at,1,0.03464106513177942,0.03464106513177942,0.1,CDC42,cell division cycle 42,998,1,Unique,Higher value associated with pCR prediction
208055_s_at,1,-0.03444345862259812,0.03444345862259812,0.1,HERC4,HECT and RLD domain containing E3 ubiquitin protein ligase 4,26091,1,Unique,Higher value associated with RD prediction
217535_at,1,0.034206102251784526,0.034206102251784526,0.1,,,,0,No gene symbol,Higher value associated with pCR prediction
218673_s_at,1,0.034179462216390066,0.034179462216390066,0.1,ATG7,autophagy related 7,10533,1,Unique,Higher value associated with pCR prediction
212220_at,1,0.03417453759025509,0.03417453759025509,0.1,PSME4,"proteasome (prosome, macropain) activator subunit 4",23198,1,Unique,Higher value associated with pCR prediction
34225_at,1,-0.034109117992598414,0.034109117992598414,0.1,MIR943 /// NELFA,microRNA 943 /// negative elongation factor complex member A,7469 /// 100126332,2,Multiple genes,Higher value associated with RD prediction
216679_at,1,-0.03400860822928861,0.03400860822928861,0.1,DDR1-AS1,DDR1 antisense RNA 1 (head to head),414771,1,Unique,Higher value associated with RD prediction
AFFX-r2-Bs-dap-3_at,1,0.033973511577490956,0.033973511577490956,0.1,,,,0,No gene symbol,Higher value associated with pCR prediction
214519_s_at,1,-0.0338485409779144,0.0338485409779144,0.1,RLN2,relaxin 2,6019,1,Unique,Higher value associated with RD prediction
218315_s_at,1,-0.03358616252419069,0.03358616252419069,0.1,CDK5RAP1,CDK5 regulatory subunit associated protein 1,51654,1,Unique,Higher value associated with RD prediction
217622_at,1,-0.03356948660737151,0.03356948660737151,0.1,RHBDD3,rhomboid domain containing 3,25807,1,Unique,Higher value associated with RD prediction
207536_s_at,1,0.033345353773558004,0.033345353773558004,0.1,TNFRSF9,"tumor necrosis factor receptor superfamily, member 9",3604,1,Unique,Higher value associated with pCR prediction
203297_s_at,1,0.033339338239115966,0.033339338239115966,0.1,JARID2,"jumonji, AT rich interactive domain 2",3720,1,Unique,Higher value associated with pCR prediction
216023_at,1,-0.033324497144796766,0.033324497144796766,0.1,KDM4B,lysine (K)-specific demethylase 4B,23030,1,Unique,Higher value associated with RD prediction
221150_at,1,-0.03315030211283274,0.03315030211283274,0.1,MEPE,matrix extracellular phosphoglycoprotein,56955,1,Unique,Higher value associated with RD prediction
215185_at,1,-0.03311942692203755,0.03311942692203755,0.1,LINC00963,long intergenic non-protein coding RNA 963,100506190,1,Unique,Higher value associated with RD prediction
210229_s_at,1,0.03293649952003716,0.03293649952003716,0.1,CSF2,colony stimulating factor 2 (granulocyte-macrophage),1437,1,Unique,Higher value associated with pCR prediction
201451_x_at,1,0.03289437254103637,0.03289437254103637,0.1,RHEB,Ras homolog enriched in brain,6009,1,Unique,Higher value associated with pCR prediction
208123_at,1,-0.03266625607073387,0.03266625607073387,0.1,KCNB2,"potassium voltage-gated channel, Shab-related subfamily, member 2",9312,1,Unique,Higher value associated with RD prediction
215923_s_at,1,-0.03258503438497615,0.03258503438497615,0.1,PSD4,pleckstrin and Sec7 domain containing 4,23550,1,Unique,Higher value associated with RD prediction
219815_at,1,-0.0325446636435165,0.0325446636435165,0.1,GAL3ST4,galactose-3-O-sulfotransferase 4,79690,1,Unique,Higher value associated with RD prediction
217195_at,1,-0.032472596686547395,0.032472596686547395,0.1,GCNT1P1 /// GCNT1P1,"glucosaminyl (N-acetyl) transferase 1, core 2 pseudogene 1 ///",,2,Multiple genes,Higher value associated with RD prediction
220647_s_at,1,-0.032386936834995605,0.032386936834995605,0.1,COA4,cytochrome c oxidase assembly factor 4 homolog (S. cerevisiae),51287,1,Unique,Higher value associated with RD prediction
216738_at,1,-0.0321416454173316,0.0321416454173316,0.1,,,,0,No gene symbol,Higher value associated with RD prediction
55692_at,1,-0.03213639418932973,0.03213639418932973,0.1,ELMO2,engulfment and cell motility 2,63916,1,Unique,Higher value associated with RD prediction
217121_at,1,-0.03202181900142711,0.03202181900142711,0.1,TNKS,"tankyrase, TRF1-interacting ankyrin-related ADP-ribose polymerase",8658,1,Unique,Higher value associated with RD prediction
203519_s_at,1,-0.03187919274936303,0.03187919274936303,0.1,UPF2,UPF2 regulator of nonsense transcripts homolog (yeast),26019,1,Unique,Higher value associated with RD prediction
203409_at,1,0.03176291077370483,0.03176291077370483,0.1,DDB2,"damage-specific DNA binding protein 2, 48kDa",1643,1,Unique,Higher value associated with pCR prediction
222242_s_at,1,0.03166795437280294,0.03166795437280294,0.1,KLK5,kallikrein-related peptidase 5,25818,1,Unique,Higher value associated with pCR prediction
208493_at,1,-0.031667900679990875,0.031667900679990875,0.1,HOXA11,homeobox A11,3207,1,Unique,Higher value associated with RD prediction
220848_x_at,1,0.03163557439592853,0.03163557439592853,0.1,OBP2A,odorant binding protein 2A,29991,1,Unique,Higher value associated with pCR prediction
216127_at,1,0.03159776377211099,0.03159776377211099,0.1,PDIA2,"protein disulfide isomerase family A, member 2",64714,1,Unique,Higher value associated with pCR prediction
204901_at,1,-0.031564996880741034,0.031564996880741034,0.1,BTRC,beta-transducin repeat containing E3 ubiquitin protein ligase,8945,1,Unique,Higher value associated with RD prediction
204754_at,1,0.031239357065387517,0.031239357065387517,0.1,HLF,hepatic leukemia factor,3131,1,Unique,Higher value associated with pCR prediction
202811_at,1,-0.031167131475166913,0.031167131475166913,0.1,STAMBP,STAM binding protein,10617,1,Unique,Higher value associated with RD prediction
200945_s_at,1,-0.031003927516609377,0.031003927516609377,0.1,SEC31A,SEC31 homolog A (S. cerevisiae),22872,1,Unique,Higher value associated with RD prediction
211617_at,1,-0.030885365977314214,0.030885365977314214,0.1,ALDOAP2,"aldolase A, fructose-bisphosphate pseudogene 2",228,1,Unique,Higher value associated with RD prediction
222230_s_at,1,-0.0307081470862251,0.0307081470862251,0.1,ACTR10,actin-related protein 10 homolog (S. cerevisiae),55860,1,Unique,Higher value associated with RD prediction
206419_at,1,-0.03069309016268866,0.03069309016268866,0.1,RORC,RAR-related orphan receptor C,6097,1,Unique,Higher value associated with RD prediction
217199_s_at,1,-0.030486005921631802,0.030486005921631802,0.1,STAT2,"signal transducer and activator of transcription 2, 113kDa",6773,1,Unique,Higher value associated with RD prediction
220850_at,1,0.030466668873394186,0.030466668873394186,0.1,MORC1,MORC family CW-type zinc finger 1,27136,1,Unique,Higher value associated with pCR prediction
212887_at,1,-0.030436066372201385,0.030436066372201385,0.1,SEC23A,Sec23 homolog A (S. cerevisiae),10484,1,Unique,Higher value associated with RD prediction
209934_s_at,1,-0.03032193083730467,0.03032193083730467,0.1,ATP2C1,"ATPase, Ca++ transporting, type 2C, member 1",27032,1,Unique,Higher value associated with RD prediction
216462_at,1,-0.030296303066901592,0.030296303066901592,0.1,,,,0,No gene symbol,Higher value associated with RD prediction
202045_s_at,1,0.03029155392419354,0.03029155392419354,0.1,ARHGAP35,Rho GTPase activating protein 35,2909,1,Unique,Higher value associated with pCR prediction
208827_at,1,0.030143364251789134,0.030143364251789134,0.1,PSMB6,"proteasome (prosome, macropain) subunit, beta type, 6",5694,1,Unique,Higher value associated with pCR prediction
218906_x_at,1,-0.030134047821171822,0.030134047821171822,0.1,KLC2,kinesin light chain 2,64837,1,Unique,Higher value associated with RD prediction
220817_at,1,0.030089882342253828,0.030089882342253828,0.1,TRPC4,"transient receptor potential cation channel, subfamily C, member 4",7223,1,Unique,Higher value associated with pCR prediction
221285_at,1,-0.029760284605254796,0.029760284605254796,0.1,ST8SIA2,"ST8 alpha-N-acetyl-neuraminide alpha-2,8-sialyltransferase 2",8128,1,Unique,Higher value associated with RD prediction
202866_at,1,-0.029728488812377322,0.029728488812377322,0.1,DNAJB12,"DnaJ (Hsp40) homolog, subfamily B, member 12",54788,1,Unique,Higher value associated with RD prediction
201899_s_at,1,-0.029662790963928525,0.029662790963928525,0.1,UBE2A,ubiquitin-conjugating enzyme E2A,7319,1,Unique,Higher value associated with RD prediction
205939_at,1,-0.029288051943947725,0.029288051943947725,0.1,CYP3A7 /// CYP3A7-CYP3AP1,"cytochrome P450, family 3, subfamily A, polypeptide 7 /// CYP3A7-CYP3AP1 readthrough",1551 /// 100861540,2,Multiple genes,Higher value associated with RD prediction
213030_s_at,1,-0.029279324701557044,0.029279324701557044,0.1,PLXNA2,plexin A2,5362,1,Unique,Higher value associated with RD prediction
217753_s_at,1,-0.029229682467914405,0.029229682467914405,0.1,LOC100996747 /// LOC101929876 /// RPS26 /// RPS26P11,40S ribosomal protein S26-like /// 40S ribosomal protein S26-like /// ribosomal protein S26 /// ribosomal protein S26 pseudogene 11,6231 /// 441502 /// 100996747 /// 101929876,4,Multiple genes,Higher value associated with RD prediction
212681_at,1,0.02915854212550263,0.02915854212550263,0.1,EPB41L3,erythrocyte membrane protein band 4.1-like 3,23136,1,Unique,Higher value associated with pCR prediction
200930_s_at,1,0.02911768763607598,0.02911768763607598,0.1,VCL,vinculin,7414,1,Unique,Higher value associated with pCR prediction
216887_s_at,1,-0.028943616333266923,0.028943616333266923,0.1,LDB3,LIM domain binding 3,11155,1,Unique,Higher value associated with RD prediction
221677_s_at,1,0.028840713061811497,0.028840713061811497,0.1,DONSON,downstream neighbor of SON,29980,1,Unique,Higher value associated with pCR prediction
210845_s_at,1,0.028821106515114915,0.028821106515114915,0.1,PLAUR,"plasminogen activator, urokinase receptor",5329,1,Unique,Higher value associated with pCR prediction
207715_at,1,0.028753890011398064,0.028753890011398064,0.1,CRYGB,"crystallin, gamma B",1419,1,Unique,Higher value associated with pCR prediction
205023_at,1,-0.028733414377351982,0.028733414377351982,0.1,RAD51,RAD51 recombinase,5888,1,Unique,Higher value associated with RD prediction
206672_at,1,0.028626802410572066,0.028626802410572066,0.1,AQP2,aquaporin 2 (collecting duct),359,1,Unique,Higher value associated with pCR prediction
208428_at,1,-0.02836137372615261,0.02836137372615261,0.1,TAP2,"transporter 2, ATP-binding cassette, sub-family B (MDR/TAP)",6891,1,Unique,Higher value associated with RD prediction
215238_s_at,1,-0.0282961484319405,0.0282961484319405,0.1,DOCK9,dedicator of cytokinesis 9,23348,1,Unique,Higher value associated with RD prediction
207401_at,1,0.028190231441260927,0.028190231441260927,0.1,PROX1,prospero homeobox 1,5629,1,Unique,Higher value associated with pCR prediction
206568_at,1,-0.028044312671520327,0.028044312671520327,0.1,TNP1,transition protein 1 (during histone to protamine replacement),7141,1,Unique,Higher value associated with RD prediction
216610_at,1,0.027875368961392512,0.027875368961392512,0.1,SLC6A2,"solute carrier family 6 (neurotransmitter transporter), member 2",6530,1,Unique,Higher value associated with pCR prediction
216145_at,1,0.02783089309018221,0.02783089309018221,0.1,,,,0,No gene symbol,Higher value associated with pCR prediction
207462_at,1,-0.027756517859180384,0.027756517859180384,0.1,GLRA2,"glycine receptor, alpha 2",2742,1,Unique,Higher value associated with RD prediction
219842_at,1,-0.027712037421407848,0.027712037421407848,0.1,ARL15,ADP-ribosylation factor-like 15,54622,1,Unique,Higher value associated with RD prediction
209743_s_at,1,-0.027661092915172478,0.027661092915172478,0.1,ITCH,itchy E3 ubiquitin protein ligase,83737,1,Unique,Higher value associated with RD prediction
200738_s_at,1,0.0276433407323798,0.0276433407323798,0.1,PGK1,phosphoglycerate kinase 1,5230,1,Unique,Higher value associated with pCR prediction
206825_at,1,0.027360049766893407,0.027360049766893407,0.1,OXTR,oxytocin receptor,5021,1,Unique,Higher value associated with pCR prediction
218649_x_at,1,-0.02734680720450485,0.02734680720450485,0.1,NEMF,nuclear export mediator factor,9147,1,Unique,Higher value associated with RD prediction
216674_at,1,-0.02718615365457921,0.02718615365457921,0.1,HES2,hes family bHLH transcription factor 2,54626,1,Unique,Higher value associated with RD prediction
210277_at,1,0.02703008856723307,0.02703008856723307,0.1,AP4S1,"adaptor-related protein complex 4, sigma 1 subunit",11154,1,Unique,Higher value associated with pCR prediction
213590_at,1,0.026661720422943073,0.026661720422943073,0.1,SLC16A5,"solute carrier family 16 (monocarboxylate transporter), member 5",9121,1,Unique,Higher value associated with pCR prediction
214428_x_at,1,-0.02654939270072089,0.02654939270072089,0.1,C4A /// C4B /// C4B_2,"complement component 4A (Rodgers blood group) /// complement component 4B (Chido blood group) /// complement component 4B (Chido blood group), copy 2",720 /// 721 /// 100293534,3,Multiple genes,Higher value associated with RD prediction
205079_s_at,1,0.026533007536955394,0.026533007536955394,0.1,MPDZ,multiple PDZ domain protein,8777,1,Unique,Higher value associated with pCR prediction
221871_s_at,1,0.026238876192373996,0.026238876192373996,0.1,TFG,TRK-fused gene,10342,1,Unique,Higher value associated with pCR prediction
202481_at,1,-0.026216365441096966,0.026216365441096966,0.1,DHRS3,dehydrogenase/reductase (SDR family) member 3,9249,1,Unique,Higher value associated with RD prediction
205439_at,1,-0.02616452419241958,0.02616452419241958,0.1,GSTT2,glutathione S-transferase theta 2,2953,1,Unique,Higher value associated with RD prediction
213971_s_at,1,0.02609599843714021,0.02609599843714021,0.1,SUZ12 /// SUZ12P1,SUZ12 polycomb repressive complex 2 subunit /// suppressor of zeste 12 homolog pseudogene 1,23512 /// 440423,2,Multiple genes,Higher value associated with pCR prediction
212739_s_at,1,-0.026079895129513066,0.026079895129513066,0.1,NME4,NME/NM23 nucleoside diphosphate kinase 4,4833,1,Unique,Higher value associated with RD prediction
217240_at,1,-0.025926940446992813,0.025926940446992813,0.1,SIRPB1,signal-regulatory protein beta 1,10326,1,Unique,Higher value associated with RD prediction
210564_x_at,1,0.025915924047215416,0.025915924047215416,0.1,CFLAR,CASP8 and FADD-like apoptosis regulator,8837,1,Unique,Higher value associated with pCR prediction
207081_s_at,1,0.025699345342744956,0.025699345342744956,0.1,PI4KA,"phosphatidylinositol 4-kinase, catalytic, alpha",5297,1,Unique,Higher value associated with pCR prediction
200965_s_at,1,-0.02553480746421363,0.02553480746421363,0.1,ABLIM1,actin binding LIM protein 1,3983,1,Unique,Higher value associated with RD prediction
214010_s_at,1,-0.025454359225889067,0.025454359225889067,0.1,ATP9B,"ATPase, class II, type 9B",374868,1,Unique,Higher value associated with RD prediction
209188_x_at,1,-0.025264886218902795,0.025264886218902795,0.1,DR1,"down-regulator of transcription 1, TBP-binding (negative cofactor 2)",1810,1,Unique,Higher value associated with RD prediction
209985_s_at,1,-0.02524526487094468,0.02524526487094468,0.1,ASCL1,achaete-scute family bHLH transcription factor 1,429,1,Unique,Higher value associated with RD prediction
207530_s_at,1,-0.02508320680391326,0.02508320680391326,0.1,CDKN2B,"cyclin-dependent kinase inhibitor 2B (p15, inhibits CDK4)",1030,1,Unique,Higher value associated with RD prediction
212082_s_at,1,-0.024850395753391978,0.024850395753391978,0.1,MYL6,"myosin, light chain 6, alkali, smooth muscle and non-muscle",4637,1,Unique,Higher value associated with RD prediction
218708_at,1,0.024798895842679476,0.024798895842679476,0.1,NXT1,nuclear transport factor 2-like export factor 1,29107,1,Unique,Higher value associated with pCR prediction
206864_s_at,1,-0.02476225271498256,0.02476225271498256,0.1,HRK,"harakiri, BCL2 interacting protein",8739,1,Unique,Higher value associated with RD prediction
209550_at,1,-0.024707923248049206,0.024707923248049206,0.1,NDN,"necdin, melanoma antigen (MAGE) family member",4692,1,Unique,Higher value associated with RD prediction
222052_at,1,0.024640969613001426,0.024640969613001426,0.1,C19orf54,chromosome 19 open reading frame 54,284325,1,Unique,Higher value associated with pCR prediction
204631_at,1,0.024593416338238354,0.024593416338238354,0.1,MYH2,"myosin, heavy chain 2, skeletal muscle, adult",4620,1,Unique,Higher value associated with pCR prediction
210948_s_at,1,-0.024312496203347144,0.024312496203347144,0.1,LEF1,lymphoid enhancer-binding factor 1,51176,1,Unique,Higher value associated with RD prediction
201566_x_at,1,-0.02406669226886271,0.02406669226886271,0.1,ID2,"inhibitor of DNA binding 2, dominant negative helix-loop-helix protein",3398,1,Unique,Higher value associated with RD prediction
37226_at,1,-0.023995970760244303,0.023995970760244303,0.1,BNIP1,BCL2/adenovirus E1B 19kDa interacting protein 1,662,1,Unique,Higher value associated with RD prediction
212971_at,1,-0.023910983748342215,0.023910983748342215,0.1,CARS,cysteinyl-tRNA synthetase,833,1,Unique,Higher value associated with RD prediction
216527_at,1,0.02376362721928109,0.02376362721928109,0.1,HCG18,HLA complex group 18 (non-protein coding),414777,1,Unique,Higher value associated with pCR prediction
206270_at,1,0.023694164319710723,0.023694164319710723,0.1,PRKCG,"protein kinase C, gamma",5582,1,Unique,Higher value associated with pCR prediction
214086_s_at,1,0.023682374745869705,0.023682374745869705,0.1,PARP2,poly (ADP-ribose) polymerase 2,10038,1,Unique,Higher value associated with pCR prediction
212912_at,1,0.02361705986209568,0.02361705986209568,0.1,RPS6KA2,"ribosomal protein S6 kinase, 90kDa, polypeptide 2",6196,1,Unique,Higher value associated with pCR prediction
209198_s_at,1,-0.023538416814202084,0.023538416814202084,0.1,SYT11,synaptotagmin XI,23208,1,Unique,Higher value associated with RD prediction
211670_x_at,1,-0.023520800452524658,0.023520800452524658,0.1,SSX3,"synovial sarcoma, X breakpoint 3",10214,1,Unique,Higher value associated with RD prediction
218517_at,1,-0.02344049374277926,0.02344049374277926,0.1,JADE1,jade family PHD finger 1,79960,1,Unique,Higher value associated with RD prediction
202483_s_at,1,0.023155594819062795,0.023155594819062795,0.1,RANBP1,RAN binding protein 1,5902,1,Unique,Higher value associated with pCR prediction
214970_s_at,1,-0.023087268746612877,0.023087268746612877,0.1,ST6GAL1,"ST6 beta-galactosamide alpha-2,6-sialyltranferase 1",6480,1,Unique,Higher value associated with RD prediction
221825_at,1,-0.02298880926909785,0.02298880926909785,0.1,ANGEL2,angel homolog 2 (Drosophila),90806,1,Unique,Higher value associated with RD prediction
210150_s_at,1,-0.022817073042526302,0.022817073042526302,0.1,LAMA5,"laminin, alpha 5",3911,1,Unique,Higher value associated with RD prediction
217106_x_at,1,-0.022782784848960718,0.022782784848960718,0.1,DIMT1,DIM1 dimethyladenosine transferase 1 homolog (S. cerevisiae),27292,1,Unique,Higher value associated with RD prediction
214982_at,1,0.022755749102490508,0.022755749102490508,0.1,LOC101929240 /// SNRNP200,U5 small nuclear ribonucleoprotein 200 kDa helicase-like /// small nuclear ribonucleoprotein 200kDa (U5),23020 /// 101929240,2,Multiple genes,Higher value associated with pCR prediction
214633_at,1,0.02271098938628497,0.02271098938628497,0.1,SOX3,SRY (sex determining region Y)-box 3,6658,1,Unique,Higher value associated with pCR prediction
209005_at,1,-0.022598942848135285,0.022598942848135285,0.1,FBXL5,F-box and leucine-rich repeat protein 5,26234,1,Unique,Higher value associated with RD prediction
206480_at,1,-0.02245644696953508,0.02245644696953508,0.1,LTC4S,leukotriene C4 synthase,4056,1,Unique,Higher value associated with RD prediction
36742_at,1,0.022382920806286233,0.022382920806286233,0.1,TRIM15,tripartite motif containing 15,89870,1,Unique,Higher value associated with pCR prediction
215171_s_at,1,-0.022334285778936123,0.022334285778936123,0.1,TIMM17A,translocase of inner mitochondrial membrane 17 homolog A (yeast),10440,1,Unique,Higher value associated with RD prediction
215448_at,1,-0.022257888852180517,0.022257888852180517,0.1,,,,0,No gene symbol,Higher value associated with RD prediction
216769_x_at,1,-0.02221735129645774,0.02221735129645774,0.1,,,,0,No gene symbol,Higher value associated with RD prediction
215735_s_at,1,-0.022188653191929066,0.022188653191929066,0.1,TSC2,tuberous sclerosis 2,7249,1,Unique,Higher value associated with RD prediction
212586_at,1,-0.022114986403007554,0.022114986403007554,0.1,CAST,calpastatin,831,1,Unique,Higher value associated with RD prediction
221234_s_at,1,-0.0219721531579314,0.0219721531579314,0.1,BACH2,"BTB and CNC homology 1, basic leucine zipper transcription factor 2",60468,1,Unique,Higher value associated with RD prediction
202978_s_at,1,-0.021898325773506224,0.021898325773506224,0.1,CREBZF,CREB/ATF bZIP transcription factor,58487,1,Unique,Higher value associated with RD prediction
211106_at,1,0.021847842661349298,0.021847842661349298,0.1,SUPT3H,suppressor of Ty 3 homolog (S. cerevisiae),8464,1,Unique,Higher value associated with pCR prediction
207200_at,1,0.021826322048586696,0.021826322048586696,0.1,OTC,ornithine carbamoyltransferase,5009,1,Unique,Higher value associated with pCR prediction
212334_at,1,-0.021714066409830673,0.021714066409830673,0.1,GNS,glucosamine (N-acetyl)-6-sulfatase,2799,1,Unique,Higher value associated with RD prediction
207741_x_at,1,-0.021711942408777603,0.021711942408777603,0.1,TPSAB1,tryptase alpha/beta 1,7177,1,Unique,Higher value associated with RD prediction
211534_x_at,1,-0.021685999281214452,0.021685999281214452,0.1,PTPRN2,"protein tyrosine phosphatase, receptor type, N polypeptide 2",5799,1,Unique,Higher value associated with RD prediction
221439_at,1,-0.02160903182986456,0.02160903182986456,0.1,RBBP9,retinoblastoma binding protein 9,10741,1,Unique,Higher value associated with RD prediction
214830_at,1,-0.021426140865565088,0.021426140865565088,0.1,SLC38A6,"solute carrier family 38, member 6",145389,1,Unique,Higher value associated with RD prediction
211798_x_at,1,0.021235365539205416,0.021235365539205416,0.1,IGLJ3,immunoglobulin lambda joining 3,28831,1,Unique,Higher value associated with pCR prediction
210788_s_at,1,-0.021227751625719576,0.021227751625719576,0.1,DHRS7,dehydrogenase/reductase (SDR family) member 7,51635,1,Unique,Higher value associated with RD prediction
210073_at,1,-0.021099654674334153,0.021099654674334153,0.1,ST8SIA1,"ST8 alpha-N-acetyl-neuraminide alpha-2,8-sialyltransferase 1",6489,1,Unique,Higher value associated with RD prediction
215177_s_at,1,0.021076547506327592,0.021076547506327592,0.1,ITGA6,"integrin, alpha 6",3655,1,Unique,Higher value associated with pCR prediction
213195_at,1,-0.021071814890138263,0.021071814890138263,0.1,LYRM9,LYR motif containing 9,201229,1,Unique,Higher value associated with RD prediction
207823_s_at,1,-0.020619861729604186,0.020619861729604186,0.1,AIF1,allograft inflammatory factor 1,199,1,Unique,Higher value associated with RD prediction
206627_s_at,1,-0.020579533081878654,0.020579533081878654,0.1,SSX1,"synovial sarcoma, X breakpoint 1",6756,1,Unique,Higher value associated with RD prediction
200927_s_at,1,0.020517935406605594,0.020517935406605594,0.1,RAB14,"RAB14, member RAS oncogene family",51552,1,Unique,Higher value associated with pCR prediction
213398_s_at,1,-0.02031268078036569,0.02031268078036569,0.1,SDR39U1,"short chain dehydrogenase/reductase family 39U, member 1",56948,1,Unique,Higher value associated with RD prediction
200057_s_at,1,0.020277335952513853,0.020277335952513853,0.1,NONO,"non-POU domain containing, octamer-binding",4841,1,Unique,Higher value associated with pCR prediction
203267_s_at,1,0.02019420643981662,0.02019420643981662,0.1,DRG2,developmentally regulated GTP binding protein 2,1819,1,Unique,Higher value associated with pCR prediction
210893_at,1,0.020175913910779317,0.020175913910779317,0.1,,,,0,No gene symbol,Higher value associated with pCR prediction
208115_x_at,1,-0.020159754219440305,0.020159754219440305,0.1,EDRF1,erythroid differentiation regulatory factor 1,26098,1,Unique,Higher value associated with RD prediction
219257_s_at,1,0.01998839849980046,0.01998839849980046,0.1,SPHK1,sphingosine kinase 1,8877,1,Unique,Higher value associated with pCR prediction
205245_at,1,0.01986091086826337,0.01986091086826337,0.1,PARD6A,par-6 family cell polarity regulator alpha,50855,1,Unique,Higher value associated with pCR prediction
202300_at,1,-0.019822323129728262,0.019822323129728262,0.1,LAMTOR5,"late endosomal/lysosomal adaptor, MAPK and MTOR activator 5",10542,1,Unique,Higher value associated with RD prediction
206042_x_at,1,-0.019815029194386574,0.019815029194386574,0.1,SNRPN /// SNURF,small nuclear ribonucleoprotein polypeptide N /// SNRPN upstream reading frame,6638 /// 8926,2,Multiple genes,Higher value associated with RD prediction
211551_at,1,0.019695107626784166,0.019695107626784166,0.1,EGFR,epidermal growth factor receptor,1956,1,Unique,Higher value associated with pCR prediction
201313_at,1,0.019550074146952128,0.019550074146952128,0.1,ENO2,"enolase 2 (gamma, neuronal)",2026,1,Unique,Higher value associated with pCR prediction
212259_s_at,1,-0.019520595031675934,0.019520595031675934,0.1,PBXIP1,pre-B-cell leukemia homeobox interacting protein 1,57326,1,Unique,Higher value associated with RD prediction
216594_x_at,1,-0.01950223484096271,0.01950223484096271,0.1,AKR1C1,"aldo-keto reductase family 1, member C1",1645,1,Unique,Higher value associated with RD prediction
211083_s_at,1,0.019464752545263968,0.019464752545263968,0.1,MAP3K13,mitogen-activated protein kinase kinase kinase 13,9175,1,Unique,Higher value associated with pCR prediction
215432_at,1,-0.01936137840311139,0.01936137840311139,0.1,ACSM1,acyl-CoA synthetase medium-chain family member 1,116285,1,Unique,Higher value associated with RD prediction
36936_at,1,-0.01935062706261251,0.01935062706261251,0.1,TSTA3,tissue specific transplantation antigen P35B,7264,1,Unique,Higher value associated with RD prediction
201184_s_at,1,-0.019285506582739365,0.019285506582739365,0.1,CHD4,chromodomain helicase DNA binding protein 4,1108,1,Unique,Higher value associated with RD prediction
209386_at,1,0.019280897305138094,0.019280897305138094,0.1,TM4SF1,transmembrane 4 L six family member 1,4071,1,Unique,Higher value associated with pCR prediction
202782_s_at,1,0.01924914658174192,0.01924914658174192,0.1,INPP5K,inositol polyphosphate-5-phosphatase K,51763,1,Unique,Higher value associated with pCR prediction
205869_at,1,-0.01923565213984963,0.01923565213984963,0.1,PRSS1 /// PRSS2,"protease, serine, 1 (trypsin 1) /// protease, serine, 2 (trypsin 2)",5644 /// 5645,2,Multiple genes,Higher value associated with RD prediction
209404_s_at,1,-0.01917344482074481,0.01917344482074481,0.1,TMED7 /// TMED7-TICAM2,transmembrane emp24 protein transport domain containing 7 /// TMED7-TICAM2 readthrough,51014 /// 100302736,2,Multiple genes,Higher value associated with RD prediction
205524_s_at,1,-0.01916831908655972,0.01916831908655972,0.1,HAPLN1,hyaluronan and proteoglycan link protein 1,1404,1,Unique,Higher value associated with RD prediction
214425_at,1,-0.019127633213442644,0.019127633213442644,0.1,AMBP,alpha-1-microglobulin/bikunin precursor,259,1,Unique,Higher value associated with RD prediction
209758_s_at,1,-0.01899699017804228,0.01899699017804228,0.1,MFAP5,microfibrillar associated protein 5,8076,1,Unique,Higher value associated with RD prediction
217161_x_at,1,0.01898743560906801,0.01898743560906801,0.1,ACAN,aggrecan,176,1,Unique,Higher value associated with pCR prediction
212210_at,1,-0.018885492993310337,0.018885492993310337,0.1,INTS1,integrator complex subunit 1,26173,1,Unique,Higher value associated with RD prediction
220576_at,1,-0.01874907590600741,0.01874907590600741,0.1,PGAP1,post-GPI attachment to proteins 1,80055,1,Unique,Higher value associated with RD prediction
205152_at,1,0.01865262369396555,0.01865262369396555,0.1,SLC6A1,"solute carrier family 6 (neurotransmitter transporter), member 1",6529,1,Unique,Higher value associated with pCR prediction
216026_s_at,1,0.018582728985451644,0.018582728985451644,0.1,POLE,"polymerase (DNA directed), epsilon, catalytic subunit",5426,1,Unique,Higher value associated with pCR prediction
205760_s_at,1,0.018453741000143655,0.018453741000143655,0.1,OGG1,8-oxoguanine DNA glycosylase,4968,1,Unique,Higher value associated with pCR prediction
211471_s_at,1,0.018425380097713794,0.018425380097713794,0.1,RAB36,"RAB36, member RAS oncogene family",9609,1,Unique,Higher value associated with pCR prediction
211965_at,1,0.01840600140719236,0.01840600140719236,0.1,ZFP36L1,ZFP36 ring finger protein-like 1,677,1,Unique,Higher value associated with pCR prediction
212421_at,1,-0.018252762732194422,0.018252762732194422,0.1,KIAA0930,KIAA0930,23313,1,Unique,Higher value associated with RD prediction
216752_at,1,-0.01821771195910018,0.01821771195910018,0.1,PIK3R4,"phosphoinositide-3-kinase, regulatory subunit 4",30849,1,Unique,Higher value associated with RD prediction
206518_s_at,1,0.01804908209839427,0.01804908209839427,0.1,RGS9,regulator of G-protein signaling 9,8787,1,Unique,Higher value associated with pCR prediction
203580_s_at,1,-0.018002360925279095,0.018002360925279095,0.1,SLC7A6,"solute carrier family 7 (amino acid transporter light chain, y+L system), member 6",9057,1,Unique,Higher value associated with RD prediction
202492_at,1,0.01792729170295132,0.01792729170295132,0.1,ATG9A,autophagy related 9A,79065,1,Unique,Higher value associated with pCR prediction
217372_at,1,0.017919029453059072,0.017919029453059072,0.1,,,,0,No gene symbol,Higher value associated with pCR prediction
218979_at,1,0.017862677811384894,0.017862677811384894,0.1,RMI1,RecQ mediated genome instability 1,80010,1,Unique,Higher value associated with pCR prediction
213074_at,1,0.017680023635523984,0.017680023635523984,0.1,PHIP,pleckstrin homology domain interacting protein,55023,1,Unique,Higher value associated with pCR prediction
220400_at,1,-0.017639916597378492,0.017639916597378492,0.1,VPS13B,vacuolar protein sorting 13 homolog B (yeast),157680,1,Unique,Higher value associated with RD prediction
206999_at,1,0.017595014192591,0.017595014192591,0.1,IL12RB2,"interleukin 12 receptor, beta 2",3595,1,Unique,Higher value associated with pCR prediction
205296_at,1,0.017467933491969182,0.017467933491969182,0.1,RBL1,retinoblastoma-like 1,5933,1,Unique,Higher value associated with pCR prediction
214000_s_at,1,-0.01743497985721275,0.01743497985721275,0.1,RGS10,regulator of G-protein signaling 10,6001,1,Unique,Higher value associated with RD prediction
217014_s_at,1,0.01741476644718616,0.01741476644718616,0.1,AZGP1 /// AZGP1P1,"alpha-2-glycoprotein 1, zinc-binding /// alpha-2-glycoprotein 1, zinc-binding pseudogene 1",563 /// 646282,2,Multiple genes,Higher value associated with pCR prediction
216171_at,1,0.017278172187544447,0.017278172187544447,0.1,,,,0,No gene symbol,Higher value associated with pCR prediction
207631_at,1,-0.017229724816202212,0.017229724816202212,0.1,NBR2,neighbor of BRCA1 gene 2 (non-protein coding),10230,1,Unique,Higher value associated with RD prediction
202589_at,1,0.017188942777905163,0.017188942777905163,0.1,TYMS,thymidylate synthetase,7298,1,Unique,Higher value associated with pCR prediction
213896_x_at,1,-0.017120943686745587,0.017120943686745587,0.1,FAM149B1,"family with sequence similarity 149, member B1",317662,1,Unique,Higher value associated with RD prediction
202991_at,1,0.01708200892659309,0.01708200892659309,0.1,STARD3,StAR-related lipid transfer (START) domain containing 3,10948,1,Unique,Higher value associated with pCR prediction
221974_at,1,-0.01682163275838472,0.01682163275838472,0.1,IPW /// LOC101930404 /// PWARSN /// SNORD107 /// SNORD115-13 /// SNORD115-26 /// SNORD115-7 /// SNORD116-22 /// SNORD116-28 /// SNORD116-4 /// SNRPN,"imprinted in Prader-Willi syndrome (non-protein coding) /// uncharacterized LOC101930404 /// Prader Willi/Angelman region RNA, SNRPN neighbor /// small nucleolar RNA, C/D box 107 /// small nucleolar RNA, C/D box 115-13 /// small nucleolar RNA, C/D box 115-26 /// small nucleolar RNA, C/D box 115-7 /// small nucleolar RNA, C/D box 116-22 /// small nucleolar RNA, C/D box 116-28 /// small nucleolar RNA, C/D box 116-4 /// small nuclear ribonucleoprotein polypeptide N",3653 /// 6638 /// 91380 /// 347746 /// 100033416 /// 100033433 /// 100033444 /// 100033450 /// 100033802 /// 100033820 /// 101930404,11,Multiple genes,Higher value associated with RD prediction
217404_s_at,1,-0.016813778490625424,0.016813778490625424,0.1,COL2A1,"collagen, type II, alpha 1",1280,1,Unique,Higher value associated with RD prediction
218005_at,1,-0.016731333215402905,0.016731333215402905,0.1,ZNF22,zinc finger protein 22,7570,1,Unique,Higher value associated with RD prediction
219866_at,1,0.016608612839754497,0.016608612839754497,0.1,CLIC5,chloride intracellular channel 5,53405,1,Unique,Higher value associated with pCR prediction
218234_at,1,0.01660003638243119,0.01660003638243119,0.1,ING4,"inhibitor of growth family, member 4",51147,1,Unique,Higher value associated with pCR prediction
222253_s_at,1,-0.016575845535137475,0.016575845535137475,0.1,POM121L9P,"POM121 transmembrane nucleoporin-like 9, pseudogene",29774,1,Unique,Higher value associated with RD prediction
211533_at,1,-0.0165480124892981,0.0165480124892981,0.1,PDGFRA,"platelet-derived growth factor receptor, alpha polypeptide",5156,1,Unique,Higher value associated with RD prediction
214431_at,1,0.016536071616202616,0.016536071616202616,0.1,GMPS,guanine monphosphate synthase,8833,1,Unique,Higher value associated with pCR prediction
204210_s_at,1,-0.01653263868757204,0.01653263868757204,0.1,PCYT1A,"phosphate cytidylyltransferase 1, choline, alpha",5130,1,Unique,Higher value associated with RD prediction
221095_s_at,1,0.016488779545581173,0.016488779545581173,0.1,KCNE2,"potassium voltage-gated channel, Isk-related family, member 2",9992,1,Unique,Higher value associated with pCR prediction
203731_s_at,1,-0.016474285117206652,0.016474285117206652,0.1,ZKSCAN5,zinc finger with KRAB and SCAN domains 5,23660,1,Unique,Higher value associated with RD prediction
208922_s_at,1,0.016335988659573152,0.016335988659573152,0.1,NXF1,nuclear RNA export factor 1,10482,1,Unique,Higher value associated with pCR prediction
209366_x_at,1,-0.016212450157725905,0.016212450157725905,0.1,CYB5A,cytochrome b5 type A (microsomal),1528,1,Unique,Higher value associated with RD prediction
219433_at,1,0.016210884384641206,0.016210884384641206,0.1,BCOR,BCL6 corepressor,54880,1,Unique,Higher value associated with pCR prediction
213303_x_at,1,-0.016186427137701936,0.016186427137701936,0.1,ZBTB7A,zinc finger and BTB domain containing 7A,51341,1,Unique,Higher value associated with RD prediction
219471_at,1,-0.01617427406316009,0.01617427406316009,0.1,KIAA0226L,KIAA0226-like,80183,1,Unique,Higher value associated with RD prediction
209617_s_at,1,-0.016159035907501607,0.016159035907501607,0.1,CTNND2,"catenin (cadherin-associated protein), delta 2",1501,1,Unique,Higher value associated with RD prediction
203537_at,1,-0.016087267424954716,0.016087267424954716,0.1,PRPSAP2,phosphoribosyl pyrophosphate synthetase-associated protein 2,5636,1,Unique,Higher value associated with RD prediction
221907_at,1,0.016030155361555082,0.016030155361555082,0.1,TRMT61A,tRNA methyltransferase 61 homolog A (S. cerevisiae),115708,1,Unique,Higher value associated with pCR prediction
208996_s_at,1,-0.01603008284311535,0.01603008284311535,0.1,POLR2C,"polymerase (RNA) II (DNA directed) polypeptide C, 33kDa",5432,1,Unique,Higher value associated with RD prediction
219862_s_at,1,0.015925118346826743,0.015925118346826743,0.1,NARF,nuclear prelamin A recognition factor,26502,1,Unique,Higher value associated with pCR prediction
220750_s_at,1,-0.015887431669653694,0.015887431669653694,0.1,LEPRE1,leucine proline-enriched proteoglycan (leprecan) 1,64175,1,Unique,Higher value associated with RD prediction
217853_at,1,-0.015857595847026163,0.015857595847026163,0.1,TNS3,tensin 3,64759,1,Unique,Higher value associated with RD prediction
216239_at,1,-0.015815408067980152,0.015815408067980152,0.1,BBS9,Bardet-Biedl syndrome 9,27241,1,Unique,Higher value associated with RD prediction
219931_s_at,1,-0.015741813525486544,0.015741813525486544,0.1,KLHL12,kelch-like family member 12,59349,1,Unique,Higher value associated with RD prediction
218634_at,1,-0.01567642488743763,0.01567642488743763,0.1,PHLDA3,"pleckstrin homology-like domain, family A, member 3",23612,1,Unique,Higher value associated with RD prediction
214430_at,1,0.015614231041518802,0.015614231041518802,0.1,GLA,"galactosidase, alpha",2717,1,Unique,Higher value associated with pCR prediction
214064_at,1,0.015333878365129614,0.015333878365129614,0.1,TF,transferrin,7018,1,Unique,Higher value associated with pCR prediction
219869_s_at,1,-0.015319866391244368,0.015319866391244368,0.1,SLC39A8,"solute carrier family 39 (zinc transporter), member 8",64116,1,Unique,Higher value associated with RD prediction
216143_at,1,-0.01520194007793208,0.01520194007793208,0.1,,,,0,No gene symbol,Higher value associated with RD prediction
214661_s_at,1,-0.015108881554967674,0.015108881554967674,0.1,NOP14,NOP14 nucleolar protein,8602,1,Unique,Higher value associated with RD prediction
202401_s_at,1,-0.015102950859815908,0.015102950859815908,0.1,SRF,serum response factor (c-fos serum response element-binding transcription factor),6722,1,Unique,Higher value associated with RD prediction
216654_at,1,0.015028760545786831,0.015028760545786831,0.1,TNXB,tenascin XB,7148,1,Unique,Higher value associated with pCR prediction
205617_at,1,0.014793298792323157,0.014793298792323157,0.1,PRRG2,proline rich Gla (G-carboxyglutamic acid) 2,5639,1,Unique,Higher value associated with pCR prediction
209517_s_at,1,-0.014755763953214979,0.014755763953214979,0.1,ASH2L,"ash2 (absent, small, or homeotic)-like (Drosophila)",9070,1,Unique,Higher value associated with RD prediction
210536_s_at,1,-0.014678365595667512,0.014678365595667512,0.1,SPAM1,"sperm adhesion molecule 1 (PH-20 hyaluronidase, zona pellucida binding)",6677,1,Unique,Higher value associated with RD prediction
204169_at,1,-0.014665973748789158,0.014665973748789158,0.1,IMPDH1,IMP (inosine 5'-monophosphate) dehydrogenase 1,3614,1,Unique,Higher value associated with RD prediction
217222_at,1,0.014527614906885306,0.014527614906885306,0.1,IGHG1,immunoglobulin heavy constant gamma 1 (G1m marker),3500,1,Unique,Higher value associated with pCR prediction
214341_at,1,0.014438443716537202,0.014438443716537202,0.1,AP1G2,"adaptor-related protein complex 1, gamma 2 subunit",8906,1,Unique,Higher value associated with pCR prediction
219592_at,1,-0.01441314946072467,0.01441314946072467,0.1,MCPH1,microcephalin 1,79648,1,Unique,Higher value associated with RD prediction
206228_at,1,-0.01440717724626783,0.01440717724626783,0.1,PAX2,paired box 2,5076,1,Unique,Higher value associated with RD prediction
213117_at,1,0.014295121408254022,0.014295121408254022,0.1,KLHL9,kelch-like family member 9,55958,1,Unique,Higher value associated with pCR prediction
217681_at,1,-0.014212159077077801,0.014212159077077801,0.1,WNT7B,"wingless-type MMTV integration site family, member 7B",7477,1,Unique,Higher value associated with RD prediction
207758_at,1,0.014210395014027979,0.014210395014027979,0.1,,,,0,No gene symbol,Higher value associated with pCR prediction
217623_at,1,0.01419441136389036,0.01419441136389036,0.1,MYLK3,myosin light chain kinase 3,91807,1,Unique,Higher value associated with pCR prediction
217251_x_at,1,0.01414076551288105,0.01414076551288105,0.1,,,,0,No gene symbol,Higher value associated with pCR prediction
205328_at,1,0.014009599051562597,0.014009599051562597,0.1,CLDN10,claudin 10,9071,1,Unique,Higher value associated with pCR prediction
218827_s_at,1,0.013987251741051428,0.013987251741051428,0.1,CEP192,centrosomal protein 192kDa,55125,1,Unique,Higher value associated with pCR prediction
211379_x_at,1,0.013982748338724791,0.013982748338724791,0.1,B3GALNT1,"beta-1,3-N-acetylgalactosaminyltransferase 1 (globoside blood group)",8706,1,Unique,Higher value associated with pCR prediction
212479_s_at,1,-0.013955539791295723,0.013955539791295723,0.1,RMND5A,required for meiotic nuclear division 5 homolog A (S. cerevisiae),64795,1,Unique,Higher value associated with RD prediction
217612_at,1,0.013941320997153676,0.013941320997153676,0.1,TIMM50,translocase of inner mitochondrial membrane 50 homolog (S. cerevisiae),92609,1,Unique,Higher value associated with pCR prediction
220766_at,1,-0.013793473647038375,0.013793473647038375,0.1,BTG4,B-cell translocation gene 4,54766,1,Unique,Higher value associated with RD prediction
212727_at,1,0.013670583526853004,0.013670583526853004,0.1,DLG3,"discs, large homolog 3 (Drosophila)",1741,1,Unique,Higher value associated with pCR prediction
211536_x_at,1,0.013666059217936372,0.013666059217936372,0.1,MAP3K7,mitogen-activated protein kinase kinase kinase 7,6885,1,Unique,Higher value associated with pCR prediction
217918_at,1,-0.013662689842297914,0.013662689842297914,0.1,DYNLRB1,"dynein, light chain, roadblock-type 1",83658,1,Unique,Higher value associated with RD prediction
217373_x_at,1,-0.013658772926574182,0.013658772926574182,0.1,MDM2,"MDM2 proto-oncogene, E3 ubiquitin protein ligase",4193,1,Unique,Higher value associated with RD prediction
202868_s_at,1,0.01359401510115078,0.01359401510115078,0.1,POP4,"processing of precursor 4, ribonuclease P/MRP subunit (S. cerevisiae)",10775,1,Unique,Higher value associated with pCR prediction
210119_at,1,0.01355142638401379,0.01355142638401379,0.1,KCNJ15,"potassium inwardly-rectifying channel, subfamily J, member 15",3772,1,Unique,Higher value associated with pCR prediction
200982_s_at,1,-0.01352001162084127,0.01352001162084127,0.1,ANXA6,annexin A6,309,1,Unique,Higher value associated with RD prediction
220382_s_at,1,-0.013491868127788326,0.013491868127788326,0.1,ARHGAP28,Rho GTPase activating protein 28,79822,1,Unique,Higher value associated with RD prediction
204835_at,1,0.013445706231747295,0.013445706231747295,0.1,POLA1,"polymerase (DNA directed), alpha 1, catalytic subunit",5422,1,Unique,Higher value associated with pCR prediction
215452_x_at,1,0.013415209893010469,0.013415209893010469,0.1,SUMO4,small ubiquitin-like modifier 4,387082,1,Unique,Higher value associated with pCR prediction
220815_at,1,0.013405405890642376,0.013405405890642376,0.1,CTNNA3,"catenin (cadherin-associated protein), alpha 3",29119,1,Unique,Higher value associated with pCR prediction
211522_s_at,1,-0.013378307854097361,0.013378307854097361,0.1,GNRHR,gonadotropin-releasing hormone receptor,2798,1,Unique,Higher value associated with RD prediction
207467_x_at,1,-0.013332651444823604,0.013332651444823604,0.1,CAST,calpastatin,831,1,Unique,Higher value associated with RD prediction
211343_s_at,1,0.013325502069663505,0.013325502069663505,0.1,COL13A1,"collagen, type XIII, alpha 1",1305,1,Unique,Higher value associated with pCR prediction
206515_at,1,-0.013286859768238509,0.013286859768238509,0.1,CYP4F3,"cytochrome P450, family 4, subfamily F, polypeptide 3",4051,1,Unique,Higher value associated with RD prediction
209608_s_at,1,0.013258850796638817,0.013258850796638817,0.1,ACAT2,acetyl-CoA acetyltransferase 2,39,1,Unique,Higher value associated with pCR prediction
219499_at,1,-0.01320142237679765,0.01320142237679765,0.1,SEC61A2,Sec61 alpha 2 subunit (S. cerevisiae),55176,1,Unique,Higher value associated with RD prediction
215670_s_at,1,0.01317627161425233,0.01317627161425233,0.1,SCAND2P,SCAN domain containing 2 pseudogene,54581,1,Unique,Higher value associated with pCR prediction
213689_x_at,1,-0.013164149810159618,0.013164149810159618,0.1,FAM69A,"family with sequence similarity 69, member A",388650,1,Unique,Higher value associated with RD prediction
202885_s_at,1,-0.013143897155740377,0.013143897155740377,0.1,PPP2R1B,"protein phosphatase 2, regulatory subunit A, beta",5519,1,Unique,Higher value associated with RD prediction
204748_at,1,0.013110118263181179,0.013110118263181179,0.1,PTGS2,prostaglandin-endoperoxide synthase 2 (prostaglandin G/H synthase and cyclooxygenase),5743,1,Unique,Higher value associated with pCR prediction
207218_at,1,0.01308267720220169,0.01308267720220169,0.1,F9,coagulation factor IX,2158,1,Unique,Higher value associated with pCR prediction
209739_s_at,1,-0.0130434923990722,0.0130434923990722,0.1,PNPLA4,patatin-like phospholipase domain containing 4,8228,1,Unique,Higher value associated with RD prediction
222338_x_at,1,0.012980482624625998,0.012980482624625998,0.1,RP11-54K16.2,,,1,Unique,Higher value associated with pCR prediction
209567_at,1,-0.012900755613396936,0.012900755613396936,0.1,RRS1,RRS1 ribosome biogenesis regulator homolog (S. cerevisiae),23212,1,Unique,Higher value associated with RD prediction
216456_at,1,-0.012750342331296734,0.012750342331296734,0.1,,,,0,No gene symbol,Higher value associated with RD prediction
218065_s_at,1,-0.012705458627545529,0.012705458627545529,0.1,TMEM9B,"TMEM9 domain family, member B",56674,1,Unique,Higher value associated with RD prediction
211817_s_at,1,0.012643840331029197,0.012643840331029197,0.1,KCNJ5,"potassium inwardly-rectifying channel, subfamily J, member 5",3762,1,Unique,Higher value associated with pCR prediction
210333_at,1,0.01240903976890745,0.01240903976890745,0.1,NR5A1,"nuclear receptor subfamily 5, group A, member 1",2516,1,Unique,Higher value associated with pCR prediction
221239_s_at,1,0.01237731200215613,0.01237731200215613,0.1,FCRL2,Fc receptor-like 2,79368,1,Unique,Higher value associated with pCR prediction
215439_x_at,1,0.012365158318035224,0.012365158318035224,0.1,,,,0,No gene symbol,Higher value associated with pCR prediction
203713_s_at,1,0.01228425708046963,0.01228425708046963,0.1,LLGL2,lethal giant larvae homolog 2 (Drosophila),3993,1,Unique,Higher value associated with pCR prediction
216443_at,1,-0.012224450891291934,0.012224450891291934,0.1,,,,0,No gene symbol,Higher value associated with RD prediction
219251_s_at,1,-0.012216916412695024,0.012216916412695024,0.1,WDR60,WD repeat domain 60,55112,1,Unique,Higher value associated with RD prediction
220055_at,1,-0.012174661507492798,0.012174661507492798,0.1,ZNF287,zinc finger protein 287,57336,1,Unique,Higher value associated with RD prediction
206954_at,1,0.012118235953614491,0.012118235953614491,0.1,WT1-AS,WT1 antisense RNA,51352,1,Unique,Higher value associated with pCR prediction
218505_at,1,-0.012111737488973866,0.012111737488973866,0.1,WDR59,WD repeat domain 59,79726,1,Unique,Higher value associated with RD prediction
209797_at,1,-0.012028986243381588,0.012028986243381588,0.1,CNPY2,canopy FGF signaling regulator 2,10330,1,Unique,Higher value associated with RD prediction
209292_at,1,0.012003632559721037,0.012003632559721037,0.1,ID4,"inhibitor of DNA binding 4, dominant negative helix-loop-helix protein",3400,1,Unique,Higher value associated with pCR prediction
216386_at,1,0.01199072371917751,0.01199072371917751,0.1,LOC220077,dedicator of cytokinesis 1 pseudogene,220077,1,Unique,Higher value associated with pCR prediction
202846_s_at,1,-0.011890086810503821,0.011890086810503821,0.1,PIGC,"phosphatidylinositol glycan anchor biosynthesis, class C",5279,1,Unique,Higher value associated with RD prediction
216253_s_at,1,-0.01185089575849152,0.01185089575849152,0.1,PARVB,"parvin, beta",29780,1,Unique,Higher value associated with RD prediction
210513_s_at,1,0.011803597641630147,0.011803597641630147,0.1,VEGFA,vascular endothelial growth factor A,7422,1,Unique,Higher value associated with pCR prediction
214388_at,1,0.011796654104668649,0.011796654104668649,0.1,,,,0,No gene symbol,Higher value associated with pCR prediction
218002_s_at,1,-0.011766624629253186,0.011766624629253186,0.1,CXCL14,chemokine (C-X-C motif) ligand 14,9547,1,Unique,Higher value associated with RD prediction
217319_x_at,1,-0.011679261357522687,0.011679261357522687,0.1,CYP4A11 /// CYP4A22,"cytochrome P450, family 4, subfamily A, polypeptide 11 /// cytochrome P450, family 4, subfamily A, polypeptide 22",1579 /// 284541,2,Multiple genes,Higher value associated with RD prediction
210910_s_at,1,0.01163547588075132,0.01163547588075132,0.1,POMZP3,POM121 and ZP3 fusion,22932,1,Unique,Higher value associated with pCR prediction
210535_at,1,-0.011610500004915307,0.011610500004915307,0.1,B9D1,B9 protein domain 1,27077,1,Unique,Higher value associated with RD prediction
216224_s_at,1,-0.011565082489344812,0.011565082489344812,0.1,HDAC6,histone deacetylase 6,10013,1,Unique,Higher value associated with RD prediction
203696_s_at,1,0.011553152083593747,0.011553152083593747,0.1,RFC2,"replication factor C (activator 1) 2, 40kDa",5982,1,Unique,Higher value associated with pCR prediction
208057_s_at,1,0.011509076265011423,0.011509076265011423,0.1,GLI2,GLI family zinc finger 2,2736,1,Unique,Higher value associated with pCR prediction
207826_s_at,1,-0.011471482988437892,0.011471482988437892,0.1,ID3,"inhibitor of DNA binding 3, dominant negative helix-loop-helix protein",3399,1,Unique,Higher value associated with RD prediction
208203_x_at,1,0.011394247255727857,0.011394247255727857,0.1,KIR2DS5,"killer cell immunoglobulin-like receptor, two domains, short cytoplasmic tail, 5",3810,1,Unique,Higher value associated with pCR prediction
217613_at,1,-0.01135748775699963,0.01135748775699963,0.1,TMEM144,transmembrane protein 144,55314,1,Unique,Higher value associated with RD prediction
206907_at,1,0.011155290334181734,0.011155290334181734,0.1,TNFSF9,"tumor necrosis factor (ligand) superfamily, member 9",8744,1,Unique,Higher value associated with pCR prediction
212490_at,1,-0.011100243810902657,0.011100243810902657,0.1,DNAJC8,"DnaJ (Hsp40) homolog, subfamily C, member 8",22826,1,Unique,Higher value associated with RD prediction
215611_at,1,-0.011003001185864532,0.011003001185864532,0.1,TCF12,transcription factor 12,6938,1,Unique,Higher value associated with RD prediction
205132_at,1,-0.010913795581903477,0.010913795581903477,0.1,ACTC1,"actin, alpha, cardiac muscle 1",70,1,Unique,Higher value associated with RD prediction
221259_s_at,1,-0.010911720833467899,0.010911720833467899,0.1,TEX11,testis expressed 11,56159,1,Unique,Higher value associated with RD prediction
210965_x_at,1,0.010795927897340107,0.010795927897340107,0.1,CDK13,cyclin-dependent kinase 13,8621,1,Unique,Higher value associated with pCR prediction
220438_at,1,-0.010651729112673975,0.010651729112673975,0.1,QPCTL,glutaminyl-peptide cyclotransferase-like,54814,1,Unique,Higher value associated with RD prediction
208487_at,1,0.010626570276337007,0.010626570276337007,0.1,LMX1B,"LIM homeobox transcription factor 1, beta",4010,1,Unique,Higher value associated with pCR prediction
214517_at,1,-0.01061327254551097,0.01061327254551097,0.1,KRTAP5-9,keratin associated protein 5-9,3846,1,Unique,Higher value associated with RD prediction
210554_s_at,1,-0.010596258315141232,0.010596258315141232,0.1,CTBP2,C-terminal binding protein 2,1488,1,Unique,Higher value associated with RD prediction
214798_at,1,-0.010595562281065798,0.010595562281065798,0.1,ATP2C2,"ATPase, Ca++ transporting, type 2C, member 2",9914,1,Unique,Higher value associated with RD prediction
220266_s_at,1,-0.010549221379138024,0.010549221379138024,0.1,KLF4,Kruppel-like factor 4 (gut),9314,1,Unique,Higher value associated with RD prediction
219744_at,1,0.010511447813228738,0.010511447813228738,0.1,FN3K,fructosamine 3 kinase,64122,1,Unique,Higher value associated with pCR prediction
220461_at,1,-0.010432178254925093,0.010432178254925093,0.1,PCNXL2,pecanex-like 2 (Drosophila),80003,1,Unique,Higher value associated with RD prediction
222032_s_at,1,0.010381529410146858,0.010381529410146858,0.1,USP7,ubiquitin specific peptidase 7 (herpes virus-associated),7874,1,Unique,Higher value associated with pCR prediction
207479_at,1,-0.010288421024275688,0.010288421024275688,0.1,,,,0,No gene symbol,Higher value associated with RD prediction
204679_at,1,0.01023836860530205,0.01023836860530205,0.1,KCNK1,"potassium channel, subfamily K, member 1",3775,1,Unique,Higher value associated with pCR prediction
209023_s_at,1,0.010198573570688103,0.010198573570688103,0.1,STAG2,stromal antigen 2,10735,1,Unique,Higher value associated with pCR prediction
217517_x_at,1,-0.010181125154955752,0.010181125154955752,0.1,SRPK2,SRSF protein kinase 2,6733,1,Unique,Higher value associated with RD prediction
40524_at,1,0.01014567033295326,0.01014567033295326,0.1,PTPN21,"protein tyrosine phosphatase, non-receptor type 21",11099,1,Unique,Higher value associated with pCR prediction
209931_s_at,1,0.010097107280245815,0.010097107280245815,0.1,FKBP1B /// MFSD2B,"FK506 binding protein 1B, 12.6 kDa /// major facilitator superfamily domain containing 2B",2281 /// 388931,2,Multiple genes,Higher value associated with pCR prediction
221540_x_at,1,-0.010071950159763268,0.010071950159763268,0.1,GTF2H2 /// GTF2H2B /// GTF2H2C /// GTF2H2C_2,"general transcription factor IIH, polypeptide 2, 44kDa /// general transcription factor IIH, polypeptide 2B (pseudogene) /// GTF2H2 family member C /// GTF2H2 family member C, copy 2",2966 /// 653238 /// 728340 /// 730394,4,Multiple genes,Higher value associated with RD prediction
222262_s_at,1,-0.010000923257101689,0.010000923257101689,0.1,ETNK1,ethanolamine kinase 1,55500,1,Unique,Higher value associated with RD prediction
202355_s_at,1,0.009873959831457203,0.009873959831457203,0.1,GTF2F1,"general transcription factor IIF, polypeptide 1, 74kDa",2962,1,Unique,Higher value associated with pCR prediction
219231_at,1,-0.009841933185946606,0.009841933185946606,0.1,TGS1,trimethylguanosine synthase 1,96764,1,Unique,Higher value associated with RD prediction
215326_at,1,0.009839875661658913,0.009839875661658913,0.1,PAK4,p21 protein (Cdc42/Rac)-activated kinase 4,10298,1,Unique,Higher value associated with pCR prediction
209988_s_at,1,-0.009796782336851346,0.009796782336851346,0.1,ASCL1,achaete-scute family bHLH transcription factor 1,429,1,Unique,Higher value associated with RD prediction
212486_s_at,1,-0.009724702771364594,0.009724702771364594,0.1,FYN,"FYN proto-oncogene, Src family tyrosine kinase",2534,1,Unique,Higher value associated with RD prediction
208999_at,1,-0.009711948911744185,0.009711948911744185,0.1,SEPT8,septin 8,23176,1,Unique,Higher value associated with RD prediction
205555_s_at,1,-0.009711509473534406,0.009711509473534406,0.1,MSX2,msh homeobox 2,4488,1,Unique,Higher value associated with RD prediction
204895_x_at,1,0.009694381672803152,0.009694381672803152,0.1,MUC4,"mucin 4, cell surface associated",4585,1,Unique,Higher value associated with pCR prediction
209212_s_at,1,0.009689128214511723,0.009689128214511723,0.1,KLF5,Kruppel-like factor 5 (intestinal),688,1,Unique,Higher value associated with pCR prediction
207587_at,1,-0.00967187030662104,0.00967187030662104,0.1,CRYGA,"crystallin, gamma A",1418,1,Unique,Higher value associated with RD prediction
216672_s_at,1,-0.009663777064990492,0.009663777064990492,0.1,MYT1L,myelin transcription factor 1-like,23040,1,Unique,Higher value associated with RD prediction
220129_at,1,-0.009606461186650482,0.009606461186650482,0.1,CCDC169-SOHLH2 /// SOHLH2,CCDC169-SOHLH2 readthrough /// spermatogenesis and oogenesis specific basic helix-loop-helix 2,54937 /// 100526761,2,Multiple genes,Higher value associated with RD prediction
205400_at,1,0.009546023878511029,0.009546023878511029,0.1,WAS,Wiskott-Aldrich syndrome,7454,1,Unique,Higher value associated with pCR prediction
219915_s_at,1,0.009539916358531731,0.009539916358531731,0.1,SLC16A10,"solute carrier family 16 (aromatic amino acid transporter), member 10",117247,1,Unique,Higher value associated with pCR prediction
201345_s_at,1,-0.00951029984676334,0.00951029984676334,0.1,UBE2D2,ubiquitin-conjugating enzyme E2D 2,7322,1,Unique,Higher value associated with RD prediction
201967_at,1,0.009420689155406942,0.009420689155406942,0.1,RBM6,RNA binding motif protein 6,10180,1,Unique,Higher value associated with pCR prediction
222311_s_at,1,-0.009416422047879111,0.009416422047879111,0.1,SCAF4,SR-related CTD-associated factor 4,57466,1,Unique,Higher value associated with RD prediction
219837_s_at,1,-0.009396434482192333,0.009396434482192333,0.1,CYTL1,cytokine-like 1,54360,1,Unique,Higher value associated with RD prediction
216632_at,1,-0.009393345588053843,0.009393345588053843,0.1,NAV3,neuron navigator 3,89795,1,Unique,Higher value associated with RD prediction
201123_s_at,1,-0.009378595133660381,0.009378595133660381,0.1,EIF5A,eukaryotic translation initiation factor 5A,1984,1,Unique,Higher value associated with RD prediction
202228_s_at,1,-0.009318740947799834,0.009318740947799834,0.1,NPTN,neuroplastin,27020,1,Unique,Higher value associated with RD prediction
206800_at,1,-0.009316510790494344,0.009316510790494344,0.1,MTHFR,methylenetetrahydrofolate reductase (NAD(P)H),4524,1,Unique,Higher value associated with RD prediction
207343_at,1,-0.009297373833398967,0.009297373833398967,0.1,LYZL6,lysozyme-like 6,57151,1,Unique,Higher value associated with RD prediction
202983_at,1,0.009280909285792453,0.009280909285792453,0.1,HLTF,helicase-like transcription factor,6596,1,Unique,Higher value associated with pCR prediction
209201_x_at,1,0.009256553292743754,0.009256553292743754,0.1,CXCR4,chemokine (C-X-C motif) receptor 4,7852,1,Unique,Higher value associated with pCR prediction
206809_s_at,1,-0.009241507122438174,0.009241507122438174,0.1,HNRNPA3 /// HNRNPA3P1,heterogeneous nuclear ribonucleoprotein A3 /// heterogeneous nuclear ribonucleoprotein A3 pseudogene 1,10151 /// 220988,2,Multiple genes,Higher value associated with RD prediction
206173_x_at,1,-0.009211837263537578,0.009211837263537578,0.1,GABPB1,"GA binding protein transcription factor, beta subunit 1",2553,1,Unique,Higher value associated with RD prediction
205199_at,1,0.009174171626529986,0.009174171626529986,0.1,CA9,carbonic anhydrase IX,768,1,Unique,Higher value associated with pCR prediction
217981_s_at,1,-0.009162626836268659,0.009162626836268659,0.1,TIMM10B,translocase of inner mitochondrial membrane 10 homolog B (yeast),26515,1,Unique,Higher value associated with RD prediction
220500_s_at,1,0.009126096054395221,0.009126096054395221,0.1,RABL2A /// RABL2B,"RAB, member of RAS oncogene family-like 2A /// RAB, member of RAS oncogene family-like 2B",11158 /// 11159,2,Multiple genes,Higher value associated with pCR prediction
204188_s_at,1,-0.009060577932638165,0.009060577932638165,0.1,RARG,"retinoic acid receptor, gamma",5916,1,Unique,Higher value associated with RD prediction
201346_at,1,-0.009057547716873587,0.009057547716873587,0.1,ADIPOR2,adiponectin receptor 2,79602,1,Unique,Higher value associated with RD prediction
217182_at,1,-0.008969100732897573,0.008969100732897573,0.1,,,,0,No gene symbol,Higher value associated with RD prediction
211760_s_at,1,-0.008920381958425868,0.008920381958425868,0.1,VAMP4,vesicle-associated membrane protein 4,8674,1,Unique,Higher value associated with RD prediction
219731_at,1,0.008912318247557602,0.008912318247557602,0.1,ENTPD1-AS1,ENTPD1 antisense RNA 1,728558,1,Unique,Higher value associated with pCR prediction
210604_at,1,-0.008841921379349723,0.008841921379349723,0.1,GNAT2,"guanine nucleotide binding protein (G protein), alpha transducing activity polypeptide 2",2780,1,Unique,Higher value associated with RD prediction
200853_at,1,0.008814468654165637,0.008814468654165637,0.1,H2AFZ,"H2A histone family, member Z",3015,1,Unique,Higher value associated with pCR prediction
214865_at,1,-0.008774491534157358,0.008774491534157358,0.1,DOT1L,DOT1-like histone H3K79 methyltransferase,84444,1,Unique,Higher value associated with RD prediction
204750_s_at,1,0.008709886462867552,0.008709886462867552,0.1,DSC2,desmocollin 2,1824,1,Unique,Higher value associated with pCR prediction
207657_x_at,1,-0.00869384173995213,0.00869384173995213,0.1,TNPO1,transportin 1,3842,1,Unique,Higher value associated with RD prediction
207430_s_at,1,-0.008671816176700051,0.008671816176700051,0.1,MSMB,"microseminoprotein, beta-",4477,1,Unique,Higher value associated with RD prediction
205699_at,1,-0.008552773096321865,0.008552773096321865,0.1,MAP2K6,mitogen-activated protein kinase kinase 6,5608,1,Unique,Higher value associated with RD prediction
217258_x_at,1,0.008488178899917707,0.008488178899917707,0.1,IGLV1-44,immunoglobulin lambda variable 1-44,28823,1,Unique,Higher value associated with pCR prediction
220928_s_at,1,-0.008290599579729642,0.008290599579729642,0.1,PRDM16,PR domain containing 16,63976,1,Unique,Higher value associated with RD prediction
220843_s_at,1,-0.008239738525253858,0.008239738525253858,0.1,DCAF13,DDB1 and CUL4 associated factor 13,25879,1,Unique,Higher value associated with RD prediction
219218_at,1,-0.008200762296857567,0.008200762296857567,0.1,BAHCC1,BAH domain and coiled-coil containing 1,57597,1,Unique,Higher value associated with RD prediction
208024_s_at,1,0.00819377242065333,0.00819377242065333,0.1,DGCR6 /// DGCR6L,DiGeorge syndrome critical region gene 6 /// DiGeorge syndrome critical region gene 6-like,8214 /// 85359,2,Multiple genes,Higher value associated with pCR prediction
204973_at,1,-0.008155485822988064,0.008155485822988064,0.1,GJB1,"gap junction protein, beta 1, 32kDa",2705,1,Unique,Higher value associated with RD prediction
203399_x_at,1,-0.00815059320890131,0.00815059320890131,0.1,PSG11 /// PSG3,pregnancy specific beta-1-glycoprotein 11 /// pregnancy specific beta-1-glycoprotein 3,5671 /// 5680,2,Multiple genes,Higher value associated with RD prediction
214275_at,1,0.00809606293133849,0.00809606293133849,0.1,MED12,mediator complex subunit 12,9968,1,Unique,Higher value associated with pCR prediction
207710_at,1,-0.007878805844360234,0.007878805844360234,0.1,LCE2B,late cornified envelope 2B,26239,1,Unique,Higher value associated with RD prediction
219742_at,1,-0.007876765748472198,0.007876765748472198,0.1,PRR7,proline rich 7 (synaptic),80758,1,Unique,Higher value associated with RD prediction
219543_at,1,-0.007858347193451128,0.007858347193451128,0.1,PBLD,phenazine biosynthesis-like protein domain containing,64081,1,Unique,Higher value associated with RD prediction
204126_s_at,1,0.007831964678111777,0.007831964678111777,0.1,CDC45,cell division cycle 45,8318,1,Unique,Higher value associated with pCR prediction
217828_at,1,-0.007822497065939377,0.007822497065939377,0.1,SLTM,"SAFB-like, transcription modulator",79811,1,Unique,Higher value associated with RD prediction
201365_at,1,-0.007686876256746565,0.007686876256746565,0.1,OAZ2,ornithine decarboxylase antizyme 2,4947,1,Unique,Higher value associated with RD prediction
207810_at,1,0.007682817526937219,0.007682817526937219,0.1,F13B,"coagulation factor XIII, B polypeptide",2165,1,Unique,Higher value associated with pCR prediction
215897_at,1,0.007660364454299275,0.007660364454299275,0.1,MED25,mediator complex subunit 25,81857,1,Unique,Higher value associated with pCR prediction
218463_s_at,1,-0.007606065166457595,0.007606065166457595,0.1,MUS81,MUS81 structure-specific endonuclease subunit,80198,1,Unique,Higher value associated with RD prediction
219570_at,1,0.007530140372833331,0.007530140372833331,0.1,KIF16B,kinesin family member 16B,55614,1,Unique,Higher value associated with pCR prediction
207744_at,1,-0.007497468900881744,0.007497468900881744,0.1,,,,0,No gene symbol,Higher value associated with RD prediction
221872_at,1,0.0074790208212507005,0.0074790208212507005,0.1,RARRES1,retinoic acid receptor responder (tazarotene induced) 1,5918,1,Unique,Higher value associated with pCR prediction
205008_s_at,1,0.007391600128855289,0.007391600128855289,0.1,CIB2,calcium and integrin binding family member 2,10518,1,Unique,Higher value associated with pCR prediction
212308_at,1,0.007383322336187888,0.007383322336187888,0.1,CLASP2,cytoplasmic linker associated protein 2,23122,1,Unique,Higher value associated with pCR prediction
218773_s_at,1,-0.007380233211130115,0.007380233211130115,0.1,MSRB2,methionine sulfoxide reductase B2,22921,1,Unique,Higher value associated with RD prediction
204578_at,1,-0.00737928140782521,0.00737928140782521,0.1,PPIP5K1,diphosphoinositol pentakisphosphate kinase 1,9677,1,Unique,Higher value associated with RD prediction
210493_s_at,1,0.007362476044366922,0.007362476044366922,0.1,LOC101928198 /// MFAP3L,uncharacterized LOC101928198 /// microfibrillar-associated protein 3-like,9848 /// 101928198,2,Multiple genes,Higher value associated with pCR prediction
219288_at,1,0.007324954124486694,0.007324954124486694,0.1,C3orf14,chromosome 3 open reading frame 14,57415,1,Unique,Higher value associated with pCR prediction
205895_s_at,1,-0.007316088470246082,0.007316088470246082,0.1,NOLC1,nucleolar and coiled-body phosphoprotein 1,9221,1,Unique,Higher value associated with RD prediction
202858_at,1,0.007182041301994754,0.007182041301994754,0.1,U2AF1,U2 small nuclear RNA auxiliary factor 1,7307,1,Unique,Higher value associated with pCR prediction
219874_at,1,0.0071637069764318145,0.0071637069764318145,0.1,SLC12A8,"solute carrier family 12, member 8",84561,1,Unique,Higher value associated with pCR prediction
210244_at,1,0.007148264565393546,0.007148264565393546,0.1,CAMP,cathelicidin antimicrobial peptide,820,1,Unique,Higher value associated with pCR prediction
207235_s_at,1,0.007133403824568895,0.007133403824568895,0.1,GRM5,"glutamate receptor, metabotropic 5",2915,1,Unique,Higher value associated with pCR prediction
220697_at,1,0.007108229380294918,0.007108229380294918,0.1,,,,0,No gene symbol,Higher value associated with pCR prediction
214973_x_at,1,-0.007029691346508209,0.007029691346508209,0.1,IGHD,immunoglobulin heavy constant delta,3495,1,Unique,Higher value associated with RD prediction
214476_at,1,0.006960358110399422,0.006960358110399422,0.1,TFF2,trefoil factor 2,7032,1,Unique,Higher value associated with pCR prediction
209819_at,1,0.0069596460501339,0.0069596460501339,0.1,HABP4,hyaluronan binding protein 4,22927,1,Unique,Higher value associated with pCR prediction
213053_at,1,0.0068720839154500155,0.0068720839154500155,0.1,HAUS5,"HAUS augmin-like complex, subunit 5",23354,1,Unique,Higher value associated with pCR prediction
207648_at,1,0.006816893974181762,0.006816893974181762,0.1,DRP2,dystrophin related protein 2,1821,1,Unique,Higher value associated with pCR prediction
211575_s_at,1,-0.006806990736395479,0.006806990736395479,0.1,UBE3A,ubiquitin protein ligase E3A,7337,1,Unique,Higher value associated with RD prediction
218852_at,1,0.006804920530608464,0.006804920530608464,0.1,PPP2R3C,"protein phosphatase 2, regulatory subunit B'', gamma",55012,1,Unique,Higher value associated with pCR prediction
210557_x_at,1,-0.006791325474856167,0.006791325474856167,0.1,CSF1,colony stimulating factor 1 (macrophage),1435,1,Unique,Higher value associated with RD prediction
207556_s_at,1,0.006769016098297449,0.006769016098297449,0.1,DGKZ,"diacylglycerol kinase, zeta",8525,1,Unique,Higher value associated with pCR prediction
205951_at,1,0.006727300627250012,0.006727300627250012,0.1,MYH1,"myosin, heavy chain 1, skeletal muscle, adult",4619,1,Unique,Higher value associated with pCR prediction
219354_at,1,0.006719542327416004,0.006719542327416004,0.1,KLHL26,kelch-like family member 26,55295,1,Unique,Higher value associated with pCR prediction
207566_at,1,-0.006711292048703504,0.006711292048703504,0.1,MR1,"major histocompatibility complex, class I-related",3140,1,Unique,Higher value associated with RD prediction
218025_s_at,1,-0.006689162144639622,0.006689162144639622,0.1,ECI2,enoyl-CoA delta isomerase 2,10455,1,Unique,Higher value associated with RD prediction
209358_at,1,0.0066853780565293945,0.0066853780565293945,0.1,TAF11,"TAF11 RNA polymerase II, TATA box binding protein (TBP)-associated factor, 28kDa",6882,1,Unique,Higher value associated with pCR prediction
213071_at,1,-0.006663609532580196,0.006663609532580196,0.1,DPT,dermatopontin,1805,1,Unique,Higher value associated with RD prediction
202429_s_at,1,-0.006655266703834376,0.006655266703834376,0.1,PPP3CA,"protein phosphatase 3, catalytic subunit, alpha isozyme",5530,1,Unique,Higher value associated with RD prediction
221723_s_at,1,0.0066419944874277995,0.0066419944874277995,0.1,SLC4A5,"solute carrier family 4 (sodium bicarbonate cotransporter), member 5",57835,1,Unique,Higher value associated with pCR prediction
222068_s_at,1,-0.006630534772998854,0.006630534772998854,0.1,DNAAF1,"dynein, axonemal, assembly factor 1",123872,1,Unique,Higher value associated with RD prediction
206137_at,1,0.006505013935464217,0.006505013935464217,0.1,RIMS2,regulating synaptic membrane exocytosis 2,9699,1,Unique,Higher value associated with pCR prediction
208365_s_at,1,-0.006494759561014221,0.006494759561014221,0.1,GRK4,G protein-coupled receptor kinase 4,2868,1,Unique,Higher value associated with RD prediction
203432_at,1,0.006484520260827138,0.006484520260827138,0.1,TMPO,thymopoietin,7112,1,Unique,Higher value associated with pCR prediction
215424_s_at,1,0.006418000306102692,0.006418000306102692,0.1,SNW1,SNW domain containing 1,22938,1,Unique,Higher value associated with pCR prediction
206542_s_at,1,0.0063949367679217205,0.0063949367679217205,0.1,SMARCA2,"SWI/SNF related, matrix associated, actin dependent regulator of chromatin, subfamily a, member 2",6595,1,Unique,Higher value associated with pCR prediction
211931_s_at,1,0.00623641552480754,0.00623641552480754,0.1,HNRNPA3 /// HNRNPA3P1,heterogeneous nuclear ribonucleoprotein A3 /// heterogeneous nuclear ribonucleoprotein A3 pseudogene 1,10151 /// 220988,2,Multiple genes,Higher value associated with pCR prediction
209159_s_at,1,-0.0062345531968618206,0.0062345531968618206,0.1,NDRG4,NDRG family member 4,65009,1,Unique,Higher value associated with RD prediction
207829_s_at,1,-0.006233477507885841,0.006233477507885841,0.1,BNIP1,BCL2/adenovirus E1B 19kDa interacting protein 1,662,1,Unique,Higher value associated with RD prediction
219508_at,1,-0.006219945769347515,0.006219945769347515,0.1,GCNT3,"glucosaminyl (N-acetyl) transferase 3, mucin type",9245,1,Unique,Higher value associated with RD prediction
208058_s_at,1,-0.006218994161818483,0.006218994161818483,0.1,MGAT3,"mannosyl (beta-1,4-)-glycoprotein beta-1,4-N-acetylglucosaminyltransferase",4248,1,Unique,Higher value associated with RD prediction
216274_s_at,1,0.006212696965719169,0.006212696965719169,0.1,SEC11A,SEC11 homolog A (S. cerevisiae),23478,1,Unique,Higher value associated with pCR prediction
201136_at,1,-0.0061977005316561015,0.0061977005316561015,0.1,PLP2,proteolipid protein 2 (colonic epithelium-enriched),5355,1,Unique,Higher value associated with RD prediction
209157_at,1,-0.006188529521186115,0.006188529521186115,0.1,DNAJA2,"DnaJ (Hsp40) homolog, subfamily A, member 2",10294,1,Unique,Higher value associated with RD prediction
221506_s_at,1,0.006179642381882873,0.006179642381882873,0.1,TNPO2,transportin 2,30000,1,Unique,Higher value associated with pCR prediction
206545_at,1,-0.006177112079750103,0.006177112079750103,0.1,CD28,CD28 molecule,940,1,Unique,Higher value associated with RD prediction
222377_at,1,0.006167985831361903,0.006167985831361903,0.1,TBX10,T-box 10,347853,1,Unique,Higher value associated with pCR prediction
204826_at,1,-0.0061048906438953,0.0061048906438953,0.1,CCNF,cyclin F,899,1,Unique,Higher value associated with RD prediction
205384_at,1,-0.00606568062851481,0.00606568062851481,0.1,FXYD1,FXYD domain containing ion transport regulator 1,5348,1,Unique,Higher value associated with RD prediction
202107_s_at,1,0.006035805180575485,0.006035805180575485,0.1,MCM2,minichromosome maintenance complex component 2,4171,1,Unique,Higher value associated with pCR prediction
202726_at,1,0.005969261335715036,0.005969261335715036,0.1,LIG1,"ligase I, DNA, ATP-dependent",3978,1,Unique,Higher value associated with pCR prediction
202127_at,1,0.005964777257482644,0.005964777257482644,0.1,PRPF4B,pre-mRNA processing factor 4B,8899,1,Unique,Higher value associated with pCR prediction
216394_x_at,1,-0.005946394719514338,0.005946394719514338,0.1,,,,0,No gene symbol,Higher value associated with RD prediction
205585_at,1,0.0059200188831030134,0.0059200188831030134,0.1,ETV6,ets variant 6,2120,1,Unique,Higher value associated with pCR prediction
208773_s_at,1,0.005903813581763362,0.005903813581763362,0.1,ANKHD1 /// ANKHD1-EIF4EBP3,ankyrin repeat and KH domain containing 1 /// ANKHD1-EIF4EBP3 readthrough,54882 /// 404734,2,Multiple genes,Higher value associated with pCR prediction
208459_s_at,1,0.005891169085868364,0.005891169085868364,0.1,XPO7,exportin 7,23039,1,Unique,Higher value associated with pCR prediction
209697_at,1,-0.0058749528524598875,0.0058749528524598875,0.1,AK125860 /// RP11-582J16.4,"Homo sapiens cDNA FLJ43872 fis, clone TESTI4008417. ///",,2,Multiple genes,Higher value associated with RD prediction
211674_x_at,1,0.0058477714889441056,0.0058477714889441056,0.1,CTAG1A /// CTAG1B,cancer/testis antigen 1A /// cancer/testis antigen 1B,1485 /// 246100,2,Multiple genes,Higher value associated with pCR prediction
217233_at,1,-0.005690134730282724,0.005690134730282724,0.1,RP3-359N14.1,,,1,Unique,Higher value associated with RD prediction
213060_s_at,1,0.005658247166747229,0.005658247166747229,0.1,CHI3L2,chitinase 3-like 2,1117,1,Unique,Higher value associated with pCR prediction
209356_x_at,1,-0.0056074363771404494,0.0056074363771404494,0.1,EFEMP2,EGF containing fibulin-like extracellular matrix protein 2,30008,1,Unique,Higher value associated with RD prediction
221395_at,1,0.005600463167696711,0.005600463167696711,0.1,TAS2R13,"taste receptor, type 2, member 13",50838,1,Unique,Higher value associated with pCR prediction
218949_s_at,1,0.005574027692528646,0.005574027692528646,0.1,QRSL1,glutaminyl-tRNA synthase (glutamine-hydrolyzing)-like 1,55278,1,Unique,Higher value associated with pCR prediction
219152_at,1,0.005459893766265459,0.005459893766265459,0.1,PODXL2,podocalyxin-like 2,50512,1,Unique,Higher value associated with pCR prediction
200663_at,1,-0.005456623775243336,0.005456623775243336,0.1,CD63,CD63 molecule,967,1,Unique,Higher value associated with RD prediction
218501_at,1,-0.0054557225779623825,0.0054557225779623825,0.1,ARHGEF3,Rho guanine nucleotide exchange factor (GEF) 3,50650,1,Unique,Higher value associated with RD prediction
200862_at,1,-0.0054343137096932274,0.0054343137096932274,0.1,DHCR24,24-dehydrocholesterol reductase,1718,1,Unique,Higher value associated with RD prediction
208352_x_at,1,-0.0053757889003996015,0.0053757889003996015,0.1,ANK1,"ankyrin 1, erythrocytic",286,1,Unique,Higher value associated with RD prediction
204101_at,1,-0.005293674520338411,0.005293674520338411,0.1,MTM1,myotubularin 1,4534,1,Unique,Higher value associated with RD prediction
220516_at,1,0.0052932566751631716,0.0052932566751631716,0.1,ZSCAN2,zinc finger and SCAN domain containing 2,54993,1,Unique,Higher value associated with pCR prediction
203164_at,1,0.005228405059417609,0.005228405059417609,0.1,SLC33A1,"solute carrier family 33 (acetyl-CoA transporter), member 1",9197,1,Unique,Higher value associated with pCR prediction
205784_x_at,1,0.005212234452718942,0.005212234452718942,0.1,ARVCF,armadillo repeat gene deleted in velocardiofacial syndrome,421,1,Unique,Higher value associated with pCR prediction
219609_at,1,-0.005211794676501645,0.005211794676501645,0.1,WDR25,WD repeat domain 25,79446,1,Unique,Higher value associated with RD prediction
200684_s_at,1,0.005184905608817738,0.005184905608817738,0.1,UBE2L3,ubiquitin-conjugating enzyme E2L 3,7332,1,Unique,Higher value associated with pCR prediction
218716_x_at,1,0.005164205190652232,0.005164205190652232,0.1,MTO1,mitochondrial tRNA translation optimization 1,25821,1,Unique,Higher value associated with pCR prediction
210618_at,1,-0.005113184528192465,0.005113184528192465,0.1,RAP1GAP,RAP1 GTPase activating protein,5909,1,Unique,Higher value associated with RD prediction
205035_at,1,0.0050679669195228365,0.0050679669195228365,0.1,CTDP1,"CTD (carboxy-terminal domain, RNA polymerase II, polypeptide A) phosphatase, subunit 1",9150,1,Unique,Higher value associated with pCR prediction
209841_s_at,1,-0.004999895692974991,0.004999895692974991,0.1,LRRN3,leucine rich repeat neuronal 3,54674,1,Unique,Higher value associated with RD prediction
215652_at,1,-0.004978826735167337,0.004978826735167337,0.1,SDHD,"succinate dehydrogenase complex, subunit D, integral membrane protein",6392,1,Unique,Higher value associated with RD prediction
203618_at,1,-0.004959846861522011,0.004959846861522011,0.1,FAIM2,Fas apoptotic inhibitory molecule 2,23017,1,Unique,Higher value associated with RD prediction
212449_s_at,1,-0.004956937929234869,0.004956937929234869,0.1,LYPLA1,lysophospholipase I,10434,1,Unique,Higher value associated with RD prediction
201763_s_at,1,0.004936810989145163,0.004936810989145163,0.1,DAXX,death-domain associated protein,1616,1,Unique,Higher value associated with pCR prediction
217962_at,1,-0.00492823456493668,0.00492823456493668,0.1,NOP10,NOP10 ribonucleoprotein,55505,1,Unique,Higher value associated with RD prediction
215696_s_at,1,0.0049009619698233,0.0049009619698233,0.1,SEC16A,SEC16 homolog A (S. cerevisiae),9919,1,Unique,Higher value associated with pCR prediction
209704_at,1,-0.004900887823881863,0.004900887823881863,0.1,MTF2,metal response element binding transcription factor 2,22823,1,Unique,Higher value associated with RD prediction
205932_s_at,1,-0.004898970860268758,0.004898970860268758,0.1,MSX1,msh homeobox 1,4487,1,Unique,Higher value associated with RD prediction
219787_s_at,1,0.004879573151963306,0.004879573151963306,0.1,ECT2,epithelial cell transforming 2,1894,1,Unique,Higher value associated with pCR prediction
218266_s_at,1,0.0048217638506177895,0.0048217638506177895,0.1,NCS1,neuronal calcium sensor 1,23413,1,Unique,Higher value associated with pCR prediction
209123_at,1,-0.004775825464245585,0.004775825464245585,0.1,QDPR,quinoid dihydropteridine reductase,5860,1,Unique,Higher value associated with RD prediction
213032_at,1,0.004740755821493894,0.004740755821493894,0.1,NFIB,nuclear factor I/B,4781,1,Unique,Higher value associated with pCR prediction
210567_s_at,1,-0.004665468640757616,0.004665468640757616,0.1,SKP2,"S-phase kinase-associated protein 2, E3 ubiquitin protein ligase",6502,1,Unique,Higher value associated with RD prediction
218592_s_at,1,0.0046654036481020775,0.0046654036481020775,0.1,CECR5,"cat eye syndrome chromosome region, candidate 5",27440,1,Unique,Higher value associated with pCR prediction
213484_at,1,0.004565629470196576,0.004565629470196576,0.1,ADD2,adducin 2 (beta),119,1,Unique,Higher value associated with pCR prediction
213139_at,1,-0.004565275140557943,0.004565275140557943,0.1,SNAI2,snail family zinc finger 2,6591,1,Unique,Higher value associated with RD prediction
47069_at,1,-0.004527153127486215,0.004527153127486215,0.1,PRR5,proline rich 5 (renal),55615,1,Unique,Higher value associated with RD prediction
221039_s_at,1,-0.004408271252929536,0.004408271252929536,0.1,ASAP1,"ArfGAP with SH3 domain, ankyrin repeat and PH domain 1",50807,1,Unique,Higher value associated with RD prediction
207747_s_at,1,-0.00440735307063634,0.00440735307063634,0.1,DOK4,docking protein 4,55715,1,Unique,Higher value associated with RD prediction
220882_at,1,-0.004328013757164076,0.004328013757164076,0.1,,,,0,No gene symbol,Higher value associated with RD prediction
207314_x_at,1,0.004267863209190221,0.004267863209190221,0.1,KIR3DL1 /// KIR3DL2,"killer cell immunoglobulin-like receptor, three domains, long cytoplasmic tail, 1 /// killer cell immunoglobulin-like receptor, three domains, long cytoplasmic tail, 2",3811 /// 3812,2,Multiple genes,Higher value associated with pCR prediction
215210_s_at,1,-0.004223931153777822,0.004223931153777822,0.1,DLST,dihydrolipoamide S-succinyltransferase (E2 component of 2-oxo-glutarate complex),1743,1,Unique,Higher value associated with RD prediction
217658_at,1,0.004215796527251012,0.004215796527251012,0.1,THAP3,"THAP domain containing, apoptosis associated protein 3",90326,1,Unique,Higher value associated with pCR prediction
218427_at,1,0.004211504682427827,0.004211504682427827,0.1,SDCCAG3,serologically defined colon cancer antigen 3,10807,1,Unique,Higher value associated with pCR prediction
212150_at,1,-0.004184198498992155,0.004184198498992155,0.1,EFR3A,EFR3 homolog A (S. cerevisiae),23167,1,Unique,Higher value associated with RD prediction
206300_s_at,1,0.004161054665399601,0.004161054665399601,0.1,PTHLH,parathyroid hormone-like hormone,5744,1,Unique,Higher value associated with pCR prediction
217417_at,1,0.004116651802347337,0.004116651802347337,0.1,MYO5A,"myosin VA (heavy chain 12, myoxin)",4644,1,Unique,Higher value associated with pCR prediction
217489_s_at,1,-0.0040775951507468254,0.0040775951507468254,0.1,IL6R,interleukin 6 receptor,3570,1,Unique,Higher value associated with RD prediction
201144_s_at,1,-0.004009374167074981,0.004009374167074981,0.1,EIF2S1,"eukaryotic translation initiation factor 2, subunit 1 alpha, 35kDa",1965,1,Unique,Higher value associated with RD prediction
220490_at,1,-0.003966501370401413,0.003966501370401413,0.1,SERINC2,serine incorporator 2,347735,1,Unique,Higher value associated with RD prediction
211472_at,1,-0.003954464715007423,0.003954464715007423,0.1,PLXNB2,plexin B2,23654,1,Unique,Higher value associated with RD prediction
202592_at,1,-0.0039544534128227405,0.0039544534128227405,0.1,BLOC1S1,"biogenesis of lysosomal organelles complex-1, subunit 1",2647,1,Unique,Higher value associated with RD prediction
204535_s_at,1,-0.003947158665436247,0.003947158665436247,0.1,REST,RE1-silencing transcription factor,5978,1,Unique,Higher value associated with RD prediction
201202_at,1,0.003924699379903976,0.003924699379903976,0.1,PCNA,proliferating cell nuclear antigen,5111,1,Unique,Higher value associated with pCR prediction
210548_at,1,-0.003832604871051943,0.003832604871051943,0.1,CCL23,chemokine (C-C motif) ligand 23,6368,1,Unique,Higher value associated with RD prediction
215872_at,1,0.003782052714005853,0.003782052714005853,0.1,RP6-91H8.1,,,1,Unique,Higher value associated with pCR prediction
212845_at,1,-0.0037763233430224545,0.0037763233430224545,0.1,SAMD4A,sterile alpha motif domain containing 4A,23034,1,Unique,Higher value associated with RD prediction
221633_at,1,-0.0037666079873919633,0.0037666079873919633,0.1,NCAPH2,"non-SMC condensin II complex, subunit H2",29781,1,Unique,Higher value associated with RD prediction
202132_at,1,0.003751311433009656,0.003751311433009656,0.1,WWTR1,WW domain containing transcription regulator 1,25937,1,Unique,Higher value associated with pCR prediction
220172_at,1,-0.0037136097716937815,0.0037136097716937815,0.1,DCAF17,DDB1 and CUL4 associated factor 17,80067,1,Unique,Higher value associated with RD prediction
203921_at,1,-0.0036920718344384054,0.0036920718344384054,0.1,CHST2,carbohydrate (N-acetylglucosamine-6-O) sulfotransferase 2,9435,1,Unique,Higher value associated with RD prediction
201467_s_at,1,-0.003659279029237343,0.003659279029237343,0.1,NQO1,"NAD(P)H dehydrogenase, quinone 1",1728,1,Unique,Higher value associated with RD prediction
200881_s_at,1,0.003655721436267808,0.003655721436267808,0.1,DNAJA1,"DnaJ (Hsp40) homolog, subfamily A, member 1",3301,1,Unique,Higher value associated with pCR prediction
203062_s_at,1,0.0036509251196447886,0.0036509251196447886,0.1,MDC1,mediator of DNA-damage checkpoint 1,9656,1,Unique,Higher value associated with pCR prediction
216193_at,1,0.0036463656299171253,0.0036463656299171253,0.1,,,,0,No gene symbol,Higher value associated with pCR prediction
216280_s_at,1,0.003635932110342393,0.003635932110342393,0.1,DICER1,"dicer 1, ribonuclease type III",23405,1,Unique,Higher value associated with pCR prediction
210450_at,1,0.0036337575742902643,0.0036337575742902643,0.1,IGHV5-78,immunoglobulin heavy variable 5-78 (pseudogene),28387,1,Unique,Higher value associated with pCR prediction
222015_at,1,-0.0036279905102819575,0.0036279905102819575,0.1,CSNK1E,"casein kinase 1, epsilon",1454,1,Unique,Higher value associated with RD prediction
204758_s_at,1,-0.003627633751723679,0.003627633751723679,0.1,C2CD2L,C2CD2-like,9854,1,Unique,Higher value associated with RD prediction
221059_s_at,1,-0.0036142781300251463,0.0036142781300251463,0.1,COTL1,coactosin-like F-actin binding protein 1,23406,1,Unique,Higher value associated with RD prediction
204706_at,1,0.00358946990800073,0.00358946990800073,0.1,INPP5E,"inositol polyphosphate-5-phosphatase, 72 kDa",56623,1,Unique,Higher value associated with pCR prediction
213110_s_at,1,-0.003530028858497073,0.003530028858497073,0.1,COL4A5,"collagen, type IV, alpha 5",1287,1,Unique,Higher value associated with RD prediction
220131_at,1,0.003523989734498175,0.003523989734498175,0.1,FXYD7,FXYD domain containing ion transport regulator 7,53822,1,Unique,Higher value associated with pCR prediction
217664_at,1,-0.0035212650860490234,0.0035212650860490234,0.1,,,,0,No gene symbol,Higher value associated with RD prediction
209590_at,1,0.0034633780108847506,0.0034633780108847506,0.1,BMP7,bone morphogenetic protein 7,655,1,Unique,Higher value associated with pCR prediction
214605_x_at,1,0.003458272084426846,0.003458272084426846,0.1,GPR1,G protein-coupled receptor 1,2825,1,Unique,Higher value associated with pCR prediction
211003_x_at,1,-0.003440824913797318,0.003440824913797318,0.1,TGM2,transglutaminase 2,7052,1,Unique,Higher value associated with RD prediction
210390_s_at,1,-0.0034177932860284775,0.0034177932860284775,0.1,CCL15 /// CCL15-CCL14,chemokine (C-C motif) ligand 15 /// CCL15-CCL14 readthrough (NMD candidate),6359 /// 348249,2,Multiple genes,Higher value associated with RD prediction
201261_x_at,1,-0.0033951996554836324,0.0033951996554836324,0.1,BGN,biglycan,633,1,Unique,Higher value associated with RD prediction
209687_at,1,-0.0033107076744096856,0.0033107076744096856,0.1,CXCL12,chemokine (C-X-C motif) ligand 12,6387,1,Unique,Higher value associated with RD prediction
214861_at,1,0.003300635668572848,0.003300635668572848,0.1,KDM4C,lysine (K)-specific demethylase 4C,23081,1,Unique,Higher value associated with pCR prediction
218544_s_at,1,0.003265970515190388,0.003265970515190388,0.1,RCL1,RNA terminal phosphate cyclase-like 1,10171,1,Unique,Higher value associated with pCR prediction
207495_at,1,0.003264002151080211,0.003264002151080211,0.1,RAB28,"RAB28, member RAS oncogene family",9364,1,Unique,Higher value associated with pCR prediction
218092_s_at,1,0.0032263312344314368,0.0032263312344314368,0.1,AGFG1,ArfGAP with FG repeats 1,3267,1,Unique,Higher value associated with pCR prediction
204669_s_at,1,-0.0032130824122989605,0.0032130824122989605,0.1,RNF24,ring finger protein 24,11237,1,Unique,Higher value associated with RD prediction
202871_at,1,-0.003161275000598886,0.003161275000598886,0.1,TRAF4,TNF receptor-associated factor 4,9618,1,Unique,Higher value associated with RD prediction
204481_at,1,0.003128487161879804,0.003128487161879804,0.1,BRPF1,"bromodomain and PHD finger containing, 1",7862,1,Unique,Higher value associated with pCR prediction
213870_at,1,0.003043818610585424,0.003043818610585424,0.1,COL11A2,"collagen, type XI, alpha 2",1302,1,Unique,Higher value associated with pCR prediction
200889_s_at,1,0.0030183717904636387,0.0030183717904636387,0.1,SSR1,"signal sequence receptor, alpha",6745,1,Unique,Higher value associated with pCR prediction
52837_at,1,-0.0030012405647868987,0.0030012405647868987,0.1,KIAA1644,KIAA1644,85352,1,Unique,Higher value associated with RD prediction
208402_at,1,-0.002981435379495607,0.002981435379495607,0.1,IL17A,interleukin 17A,3605,1,Unique,Higher value associated with RD prediction
201218_at,1,-0.002861509861472108,0.002861509861472108,0.1,CTBP2,C-terminal binding protein 2,1488,1,Unique,Higher value associated with RD prediction
209651_at,1,-0.0028485739840475345,0.0028485739840475345,0.1,TGFB1I1,transforming growth factor beta 1 induced transcript 1,7041,1,Unique,Higher value associated with RD prediction
208945_s_at,1,-0.0027027985834004436,0.0027027985834004436,0.1,BECN1,"beclin 1, autophagy related",8678,1,Unique,Higher value associated with RD prediction
206066_s_at,1,0.0026893141404943253,0.0026893141404943253,0.1,RAD51C,RAD51 paralog C,5889,1,Unique,Higher value associated with pCR prediction
215181_at,1,-0.0026889537657155175,0.0026889537657155175,0.1,CDH22,"cadherin 22, type 2",64405,1,Unique,Higher value associated with RD prediction
210979_at,1,0.0026737105993178533,0.0026737105993178533,0.1,ASAH1,N-acylsphingosine amidohydrolase (acid ceramidase) 1,427,1,Unique,Higher value associated with pCR prediction
210843_s_at,1,0.002661864263938727,0.002661864263938727,0.1,LOC101928198 /// MFAP3L,uncharacterized LOC101928198 /// microfibrillar-associated protein 3-like,9848 /// 101928198,2,Multiple genes,Higher value associated with pCR prediction
216426_at,1,-0.002620426817696569,0.002620426817696569,0.1,TCEB1P3 /// TCEB1P3,"transcription elongation factor B (SIII), polypeptide 1 pseudogene 3 ///",,2,Multiple genes,Higher value associated with RD prediction
204714_s_at,1,-0.002616528574348062,0.002616528574348062,0.1,F5,"coagulation factor V (proaccelerin, labile factor)",2153,1,Unique,Higher value associated with RD prediction
210410_s_at,1,0.002599200789854299,0.002599200789854299,0.1,MSH5 /// MSH5-SAPCD1 /// SAPCD1,mutS homolog 5 /// MSH5-SAPCD1 readthrough (NMD candidate) /// suppressor APC domain containing 1,4439 /// 401251 /// 100532732,3,Multiple genes,Higher value associated with pCR prediction
208225_at,1,0.002589441133950868,0.002589441133950868,0.1,FGFR2,fibroblast growth factor receptor 2,2263,1,Unique,Higher value associated with pCR prediction
203649_s_at,1,0.0025335455598521975,0.0025335455598521975,0.1,PLA2G2A,"phospholipase A2, group IIA (platelets, synovial fluid)",5320,1,Unique,Higher value associated with pCR prediction
208351_s_at,1,0.0025099305734185683,0.0025099305734185683,0.1,MAPK1,mitogen-activated protein kinase 1,5594,1,Unique,Higher value associated with pCR prediction
204341_at,1,-0.002503586589292675,0.002503586589292675,0.1,TRIM16,tripartite motif containing 16,10626,1,Unique,Higher value associated with RD prediction
206801_at,1,0.0024839128580120794,0.0024839128580120794,0.1,NPPB,natriuretic peptide B,4879,1,Unique,Higher value associated with pCR prediction
202636_at,1,-0.002450820245402406,0.002450820245402406,0.1,RNF103,ring finger protein 103,7844,1,Unique,Higher value associated with RD prediction
207499_x_at,1,-0.0024453198243028704,0.0024453198243028704,0.1,UNC45A,unc-45 homolog A (C. elegans),55898,1,Unique,Higher value associated with RD prediction
209979_at,1,-0.0024156005933518607,0.0024156005933518607,0.1,ADARB1,"adenosine deaminase, RNA-specific, B1",104,1,Unique,Higher value associated with RD prediction
210528_at,1,-0.002368170635034396,0.002368170635034396,0.1,MR1,"major histocompatibility complex, class I-related",3140,1,Unique,Higher value associated with RD prediction
202379_s_at,1,0.0023604969135412415,0.0023604969135412415,0.1,NKTR,natural killer cell triggering receptor,4820,1,Unique,Higher value associated with pCR prediction
211181_x_at,1,-0.0023469952986096745,0.0023469952986096745,0.1,LOC100506403 /// LOC101928269 /// RUNX1,uncharacterized LOC100506403 /// uncharacterized LOC101928269 /// runt-related transcription factor 1,861 /// 100506403 /// 101928269,3,Multiple genes,Higher value associated with RD prediction
213016_at,1,0.0023344592262161765,0.0023344592262161765,0.1,BBX,bobby sox homolog (Drosophila),56987,1,Unique,Higher value associated with pCR prediction
204605_at,1,-0.0022741442938357115,0.0022741442938357115,0.1,CGRRF1,cell growth regulator with ring finger domain 1,10668,1,Unique,Higher value associated with RD prediction
200043_at,1,-0.0021568229903964095,0.0021568229903964095,0.1,ERH,enhancer of rudimentary homolog (Drosophila),2079,1,Unique,Higher value associated with RD prediction
214169_at,1,-0.0020852319916743554,0.0020852319916743554,0.1,SUN1,Sad1 and UNC84 domain containing 1,23353,1,Unique,Higher value associated with RD prediction
202825_at,1,0.0020721154069175828,0.0020721154069175828,0.1,SLC25A4,"solute carrier family 25 (mitochondrial carrier; adenine nucleotide translocator), member 4",291,1,Unique,Higher value associated with pCR prediction
204589_at,1,-0.0020692416689392706,0.0020692416689392706,0.1,NUAK1,"NUAK family, SNF1-like kinase, 1",9891,1,Unique,Higher value associated with RD prediction
206379_at,1,0.002043282400449856,0.002043282400449856,0.1,EYA3,EYA transcriptional coactivator and phosphatase 3,2140,1,Unique,Higher value associated with pCR prediction
206784_at,1,-0.001985237199703775,0.001985237199703775,0.1,AQP8,aquaporin 8,343,1,Unique,Higher value associated with RD prediction
217257_at,1,0.001963278562870324,0.001963278562870324,0.1,SH3BP2,SH3-domain binding protein 2,6452,1,Unique,Higher value associated with pCR prediction
215569_at,1,-0.00192949116059251,0.00192949116059251,0.1,GTF2IRD2B,GTF2I repeat domain containing 2B,389524,1,Unique,Higher value associated with RD prediction
205305_at,1,-0.0019081091446174776,0.0019081091446174776,0.1,FGL1,fibrinogen-like 1,2267,1,Unique,Higher value associated with RD prediction
218273_s_at,1,-0.0018611175000222621,0.0018611175000222621,0.1,PDP1,pyruvate dehyrogenase phosphatase catalytic subunit 1,54704,1,Unique,Higher value associated with RD prediction
218513_at,1,0.0018424354851832511,0.0018424354851832511,0.1,TMA16,translation machinery associated 16 homolog (S. cerevisiae),55319,1,Unique,Higher value associated with pCR prediction
220160_s_at,1,-0.0018413212538340336,0.0018413212538340336,0.1,KPTN,kaptin (actin binding protein),11133,1,Unique,Higher value associated with RD prediction
207267_s_at,1,0.0017496182731381107,0.0017496182731381107,0.1,RIPPLY3,ripply transcriptional repressor 3,53820,1,Unique,Higher value associated with pCR prediction
208386_x_at,1,-0.001731332144269814,0.001731332144269814,0.1,DMC1,DNA meiotic recombinase 1,11144,1,Unique,Higher value associated with RD prediction
209489_at,1,0.0016932481588505938,0.0016932481588505938,0.1,CELF1,"CUGBP, Elav-like family member 1",10658,1,Unique,Higher value associated with pCR prediction
215564_at,1,0.0016563786874238466,0.0016563786874238466,0.1,AREG,amphiregulin,374,1,Unique,Higher value associated with pCR prediction
210313_at,1,0.0016188876966841165,0.0016188876966841165,0.1,LILRA4,"leukocyte immunoglobulin-like receptor, subfamily A (with TM domain), member 4",23547,1,Unique,Higher value associated with pCR prediction
213178_s_at,1,-0.0016125449574859044,0.0016125449574859044,0.1,MAPK8IP3,mitogen-activated protein kinase 8 interacting protein 3,23162,1,Unique,Higher value associated with RD prediction
215913_s_at,1,0.0015728857528536776,0.0015728857528536776,0.1,GULP1,"GULP, engulfment adaptor PTB domain containing 1",51454,1,Unique,Higher value associated with pCR prediction
200984_s_at,1,0.0015202083429894481,0.0015202083429894481,0.1,CD59,"CD59 molecule, complement regulatory protein",966,1,Unique,Higher value associated with pCR prediction
221685_s_at,1,0.0015138001096424013,0.0015138001096424013,0.1,SPDL1,spindle apparatus coiled-coil protein 1,54908,1,Unique,Higher value associated with pCR prediction
215769_at,1,-0.0014994567632411679,0.0014994567632411679,0.1,TRA /// TRAV16 /// TRAV16 /// YME1L1,"Homo sapiens TRA mRNA for T cell receptor alpha chain, partial cds, allele:TRAV19*01+TRAJ53*01. /// T cell receptor alpha variable 16 ///  /// YME1-like 1 ATPase",10730,4,Multiple genes,Higher value associated with RD prediction
202577_s_at,1,-0.0014690235415243044,0.0014690235415243044,0.1,DDX19A,DEAD (Asp-Glu-Ala-Asp) box polypeptide 19A,55308,1,Unique,Higher value associated with RD prediction
200949_x_at,1,-0.0014598811350041083,0.0014598811350041083,0.1,RPS20 /// SNORD54,"ribosomal protein S20 /// small nucleolar RNA, C/D box 54",6224 /// 26795,2,Multiple genes,Higher value associated with RD prediction
216817_s_at,1,0.0014016082275070097,0.0014016082275070097,0.1,OR2H1,"olfactory receptor, family 2, subfamily H, member 1",26716,1,Unique,Higher value associated with pCR prediction
215626_at,1,-0.0012969120110579466,0.0012969120110579466,0.1,,,,0,No gene symbol,Higher value associated with RD prediction
200983_x_at,1,0.00125699431182989,0.00125699431182989,0.1,CD59,"CD59 molecule, complement regulatory protein",966,1,Unique,Higher value associated with pCR prediction
217924_at,1,0.0012223932164703091,0.0012223932164703091,0.1,C6orf106,chromosome 6 open reading frame 106,64771,1,Unique,Higher value associated with pCR prediction
206984_s_at,1,-0.001203482425173574,0.001203482425173574,0.1,RIT2,Ras-like without CAAX 2,6014,1,Unique,Higher value associated with RD prediction
218677_at,1,-0.0011934208922948497,0.0011934208922948497,0.1,S100A14,S100 calcium binding protein A14,57402,1,Unique,Higher value associated with RD prediction
211473_s_at,1,0.0011588436428541776,0.0011588436428541776,0.1,COL4A6,"collagen, type IV, alpha 6",1288,1,Unique,Higher value associated with pCR prediction
207875_at,1,-0.0011405542213842874,0.0011405542213842874,0.1,,,,0,No gene symbol,Higher value associated with RD prediction
218014_at,1,0.0011180596543099292,0.0011180596543099292,0.1,NUP85,nucleoporin 85kDa,79902,1,Unique,Higher value associated with pCR prediction
218420_s_at,1,0.0011098127622217353,0.0011098127622217353,0.1,PROSER1,proline and serine rich 1,80209,1,Unique,Higher value associated with pCR prediction
214508_x_at,1,-0.0011048144393301232,0.0011048144393301232,0.1,CREM,cAMP responsive element modulator,1390,1,Unique,Higher value associated with RD prediction
205344_at,1,0.0010768199107552524,0.0010768199107552524,0.1,CSPG5,chondroitin sulfate proteoglycan 5 (neuroglycan C),10675,1,Unique,Higher value associated with pCR prediction
210036_s_at,1,-0.0010695331295330762,0.0010695331295330762,0.1,KCNH2,"potassium voltage-gated channel, subfamily H (eag-related), member 2",3757,1,Unique,Higher value associated with RD prediction
211399_at,1,0.0010404704951054989,0.0010404704951054989,0.1,FGFR2,fibroblast growth factor receptor 2,2263,1,Unique,Higher value associated with pCR prediction
202740_at,1,-0.001027618853559311,0.001027618853559311,0.1,ABHD14A-ACY1 /// ACY1,ABHD14A-ACY1 readthrough (NMD candidate) /// aminoacylase 1,95 /// 100526760,2,Multiple genes,Higher value associated with RD prediction
204201_s_at,1,-0.0010211200247291635,0.0010211200247291635,0.1,PTPN13,"protein tyrosine phosphatase, non-receptor type 13 (APO-1/CD95 (Fas)-associated phosphatase)",5783,1,Unique,Higher value associated with RD prediction
209114_at,1,-0.0009528167102092212,0.0009528167102092212,0.1,TSPAN1,tetraspanin 1,10103,1,Unique,Higher value associated with RD prediction
220793_at,1,-0.000922047404204551,0.000922047404204551,0.1,SAGE1,sarcoma antigen 1,55511,1,Unique,Higher value associated with RD prediction
215480_at,1,0.0008412817963181426,0.0008412817963181426,0.1,KIAA0509,uncharacterized LOC57242,57242,1,Unique,Higher value associated with pCR prediction
207579_at,1,-0.0008370021581718141,0.0008370021581718141,0.1,MAGEB3,"melanoma antigen family B, 3",4114,1,Unique,Higher value associated with RD prediction
214644_at,1,0.0008273730003677601,0.0008273730003677601,0.1,HIST1H2AK,"histone cluster 1, H2ak",8330,1,Unique,Higher value associated with pCR prediction
205510_s_at,1,0.0008063539480812508,0.0008063539480812508,0.1,FLJ10038,uncharacterized protein FLJ10038,55056,1,Unique,Higher value associated with pCR prediction
211921_x_at,1,0.0008045358525632764,0.0008045358525632764,0.1,LOC100506248 /// LOC728026 /// MIR1244-1 /// MIR1244-2 /// MIR1244-3 /// PTMA,"prothymosin alpha-like /// prothymosin alpha-like /// microRNA 1244-1 /// microRNA 1244-2 /// microRNA 1244-3 /// prothymosin, alpha",5757 /// 728026 /// 100302285 /// 100422872 /// 100422885 /// 100506248,6,Multiple genes,Higher value associated with pCR prediction
207654_x_at,1,-0.0007877975405872974,0.0007877975405872974,0.1,DR1,"down-regulator of transcription 1, TBP-binding (negative cofactor 2)",1810,1,Unique,Higher value associated with RD prediction
202964_s_at,1,-0.0007836601529976062,0.0007836601529976062,0.1,RFX5,"regulatory factor X, 5 (influences HLA class II expression)",5993,1,Unique,Higher value associated with RD prediction
216707_at,1,0.0007731095720561977,0.0007731095720561977,0.1,,,,0,No gene symbol,Higher value associated with pCR prediction
209029_at,1,-0.000760782598551918,0.000760782598551918,0.1,COPS7A,COP9 signalosome subunit 7A,50813,1,Unique,Higher value associated with RD prediction
216358_at,1,0.0007294924706073057,0.0007294924706073057,0.1,SMARCE1P2 /// SMARCE1P2,"SWI/SNF related, matrix associated, actin dependent regulator of chromatin, subfamily e, member 1 pseudogene 2 ///",,2,Multiple genes,Higher value associated with pCR prediction
206593_s_at,1,0.0006702625473433248,0.0006702625473433248,0.1,MED22,mediator complex subunit 22,6837,1,Unique,Higher value associated with pCR prediction
217512_at,1,0.0006364322759121964,0.0006364322759121964,0.1,KNG1,kininogen 1,3827,1,Unique,Higher value associated with pCR prediction
220736_at,1,-0.0006048896806312721,0.0006048896806312721,0.1,SLC19A3,"solute carrier family 19 (thiamine transporter), member 3",80704,1,Unique,Higher value associated with RD prediction
212132_at,1,0.000584668001142789,0.000584668001142789,0.1,LSM14A,"LSM14A, SCD6 homolog A (S. cerevisiae)",26065,1,Unique,Higher value associated with pCR prediction
214018_at,1,0.0005603287980560805,0.0005603287980560805,0.1,GRIP1,glutamate receptor interacting protein 1,23426,1,Unique,Higher value associated with pCR prediction
213472_at,1,-0.0005564319450606799,0.0005564319450606799,0.1,HNRNPH1,heterogeneous nuclear ribonucleoprotein H1 (H),3187,1,Unique,Higher value associated with RD prediction
215491_at,1,0.0005239921755610101,0.0005239921755610101,0.1,MYCL,v-myc avian myelocytomatosis viral oncogene lung carcinoma derived homolog,4610,1,Unique,Higher value associated with pCR prediction
205599_at,1,0.0004883944165846674,0.0004883944165846674,0.1,TRAF1,TNF receptor-associated factor 1,7185,1,Unique,Higher value associated with pCR prediction
204989_s_at,1,0.00046417487709144584,0.00046417487709144584,0.1,ITGB4,"integrin, beta 4",3691,1,Unique,Higher value associated with pCR prediction
219427_at,1,0.0004417687132873107,0.0004417687132873107,0.1,FAT4,FAT atypical cadherin 4,79633,1,Unique,Higher value associated with pCR prediction
208129_x_at,1,0.00044156043200207357,0.00044156043200207357,0.1,LOC100506403 /// LOC101928269 /// RUNX1,uncharacterized LOC100506403 /// uncharacterized LOC101928269 /// runt-related transcription factor 1,861 /// 100506403 /// 101928269,3,Multiple genes,Higher value associated with pCR prediction
221802_s_at,1,-0.00043431799733866726,0.00043431799733866726,0.1,KIAA1598,KIAA1598,57698,1,Unique,Higher value associated with RD prediction
216107_at,1,-0.0003625734701427437,0.0003625734701427437,0.1,PP13,uncharacterized LOC100129503,100129503,1,Unique,Higher value associated with RD prediction
215035_at,1,0.000300256609446041,0.000300256609446041,0.1,IGLV6-57,immunoglobulin lambda variable 6-57,28778,1,Unique,Higher value associated with pCR prediction
208608_s_at,1,-0.00019566410755730108,0.00019566410755730108,0.1,SNTB1,"syntrophin, beta 1 (dystrophin-associated protein A1, 59kDa, basic component 1)",6641,1,Unique,Higher value associated with RD prediction
203926_x_at,1,-0.00016152785308749112,0.00016152785308749112,0.1,ATP5D,"ATP synthase, H+ transporting, mitochondrial F1 complex, delta subunit",513,1,Unique,Higher value associated with RD prediction
204027_s_at,1,-0.00015781325957924281,0.00015781325957924281,0.1,METTL1,methyltransferase like 1,4234,1,Unique,Higher value associated with RD prediction
202620_s_at,1,0.0001531690516643266,0.0001531690516643266,0.1,PLOD2,"procollagen-lysine, 2-oxoglutarate 5-dioxygenase 2",5352,1,Unique,Higher value associated with pCR prediction
212500_at,1,-0.00013525005678589042,0.00013525005678589042,0.1,ADO,2-aminoethanethiol (cysteamine) dioxygenase,84890,1,Unique,Higher value associated with RD prediction
210521_s_at,1,-0.000130641275762883,0.000130641275762883,0.1,FETUB,fetuin B,26998,1,Unique,Higher value associated with RD prediction
220889_s_at,1,0.000128166464529407,0.000128166464529407,0.1,CA10,carbonic anhydrase X,56934,1,Unique,Higher value associated with pCR prediction
220714_at,1,-5.908584342327952e-05,5.908584342327952e-05,0.1,PRDM14,PR domain containing 14,63978,1,Unique,Higher value associated with RD prediction
200997_at,1,-5.300025110036246e-05,5.300025110036246e-05,0.1,RBM14-RBM4 /// RBM4,RBM14-RBM4 readthrough /// RNA binding motif protein 4,5936 /// 100526737,2,Multiple genes,Higher value associated with RD prediction
201545_s_at,1,-5.182978767886721e-05,5.182978767886721e-05,0.1,BCL2L2-PABPN1 /// PABPN1,"BCL2L2-PABPN1 readthrough /// poly(A) binding protein, nuclear 1",8106 /// 100529063,2,Multiple genes,Higher value associated with RD prediction
201801_s_at,1,3.523762204340336e-05,3.523762204340336e-05,0.1,SLC29A1,"solute carrier family 29 (equilibrative nucleoside transporter), member 1",2030,1,Unique,Higher value associated with pCR prediction
220719_at,1,-2.863036765195573e-05,2.863036765195573e-05,0.1,,,,0,No gene symbol,Higher value associated with RD prediction
