fold,PROBEID,coefficient
1,200011_s_at,-0.11217425381194313
1,200934_at,0.01226597556691366
1,201802_at,0.10339146724307754
1,202652_at,-0.0169121308364516
1,202922_at,-0.015134628494279385
1,203001_s_at,-0.01728386000066083
1,203200_s_at,-0.019106710523319286
1,204001_at,0.13993548294517733
1,204012_s_at,-0.16830815763906157
1,204568_at,-0.13163250760069187
1,204764_at,0.013500401264727608
1,204775_at,0.10454650168639917
1,205163_at,-0.0015403686933708925
1,205193_at,0.012716047068016028
1,205347_s_at,0.1305282363549374
1,205379_at,0.013473047066894454
1,205602_x_at,0.010528135906125089
1,205867_at,0.013112182559027548
1,205963_s_at,-0.03216975656340173
1,206075_s_at,-0.032330355559086484
1,206229_x_at,-0.023371986831601025
1,206373_at,0.20825582757061947
1,206459_s_at,-0.03274387579375784
1,206487_at,0.037793500824397315
1,206695_x_at,0.037674951872079344
1,207015_s_at,-0.03302751368832857
1,207134_x_at,-0.043527992110821555
1,207481_at,-0.0030371179014505338
1,207695_s_at,0.004667409149154397
1,207707_s_at,0.01768510917126066
1,208338_at,0.024472371071811883
1,208854_s_at,0.04241328870371957
1,208926_at,0.030151404642509122
1,208993_s_at,0.011282365652859649
1,209474_s_at,-0.08978757024872107
1,209498_at,0.10246522860336013
1,209601_at,-0.06546115335935156
1,209686_at,0.06989999533519854
1,209838_at,-0.02202086286574083
1,209860_s_at,-0.027578699629766484
1,210084_x_at,-0.11787653513972111
1,211425_x_at,-0.04087105674008287
1,211620_x_at,0.06339732682078614
1,212431_at,-0.05684285494240387
1,212711_at,0.07300771283121395
1,212837_at,-0.00480114676494422
1,213838_at,0.016110766780632394
1,214231_s_at,-0.07072905414346718
1,214960_at,0.04952328662266336
1,215233_at,0.10328249569496226
1,215240_at,-0.0037588852381127955
1,215324_at,0.038289107715162946
1,215339_at,0.009734631093284844
1,215742_at,-0.002838510667552476
1,215746_at,-0.02241442084907239
1,215943_at,-0.014783709881380386
1,216167_at,-0.0045956104055074835
1,216313_at,0.07771907521191676
1,216740_at,-0.004886751407510058
1,216786_at,0.061342542021762106
1,217352_at,0.10792881885390711
1,217609_at,-0.01827216574210515
1,218390_s_at,-0.02743073730903003
1,218399_s_at,0.005133511949386477
1,219005_at,0.06464657878097514
1,219051_x_at,-0.20450578591276594
1,219730_at,-0.058822164665105765
1,219951_s_at,-0.12211851998189001
1,220281_at,0.028412048255097674
1,220527_at,0.011564299227176356
1,220907_at,0.06077013153484963
1,221363_x_at,0.021264313417896634
1,221383_at,0.12448586168074598
1,222228_s_at,-0.0918300921658929
2,200011_s_at,-0.12618060075239548
2,200052_s_at,0.007337089526208265
2,200072_s_at,0.1149238238780946
2,200092_s_at,-0.09494291570867777
2,200654_at,0.016329228001469256
2,200656_s_at,0.10668461715422829
2,200663_at,-0.005456623775243336
2,200684_s_at,0.005184905608817738
2,200708_at,-0.06746684212298215
2,200709_at,-0.027298125743513674
2,200723_s_at,0.02351320571684348
2,200737_at,0.06525139354236247
2,200862_at,-0.0054343137096932274
2,200920_s_at,0.03381294604684758
2,200921_s_at,0.020052871905795674
2,200945_s_at,-0.031003927516609377
2,200997_at,-5.300025110036246e-05
2,201123_s_at,-0.009378595133660381
2,201148_s_at,-0.056364987375912654
2,201218_at,-0.002861509861472108
2,201249_at,-0.023184720080918715
2,201261_x_at,-0.0033951996554836324
2,201269_s_at,0.011850359365100385
2,201313_at,0.019550074146952128
2,201374_x_at,0.01717513719891196
2,201398_s_at,-0.01933967956428969
2,201519_at,0.08118641635057264
2,201563_at,-0.11841916064957134
2,201613_s_at,-0.002884171876254963
2,201696_at,0.005766734285939066
2,201736_s_at,-0.03928158974684949
2,201763_s_at,0.004936810989145163
2,201779_s_at,0.11296126549738447
2,201802_at,0.029860659450153666
2,201855_s_at,-0.01390512016478277
2,201876_at,-0.05260546995601822
2,201904_s_at,0.05221734335000708
2,201915_at,0.09059319207585088
2,201936_s_at,-0.1533270464888653
2,201956_s_at,-0.12415028428458727
2,202007_at,-0.04944753082466295
2,202027_at,-0.003021350965819229
2,202031_s_at,0.025093940613139708
2,202045_s_at,0.03029155392419354
2,202048_s_at,-0.0001539976709930504
2,202107_s_at,0.006035805180575485
2,202252_at,-0.0009854896629597218
2,202273_at,-0.03532031861393781
2,202274_at,-0.023628206256940544
2,202279_at,0.0027554268166168545
2,202311_s_at,-0.0002990159526341622
2,202355_s_at,0.009873959831457203
2,202359_s_at,-0.06563872006622863
2,202401_s_at,-0.015102950859815908
2,202545_at,-0.07556604168784817
2,202583_s_at,0.17890392430343138
2,202589_at,0.017188942777905163
2,202620_s_at,0.0001531690516643266
2,202633_at,0.021006926019954065
2,202652_at,-0.10145746919678239
2,202696_at,0.0009469366599954239
2,202754_at,-0.09631203748891817
2,202757_at,0.03592162003582016
2,202859_x_at,0.07817875055168721
2,202864_s_at,0.09940492636217332
2,202868_s_at,0.01359401510115078
2,202871_at,-0.003161275000598886
2,202872_at,-0.04715173263224114
2,202882_x_at,0.08397983956562018
2,202912_at,0.0024443262999471124
2,202922_at,-0.0560280145635262
2,202944_at,-0.06647491280672785
2,202956_at,-0.13865960557507695
2,202991_at,0.01708200892659309
2,203001_s_at,-0.037831935601512504
2,203007_x_at,-0.0426499975954202
2,203038_at,0.0399786421148745
2,203136_at,-0.006400969964472578
2,203267_s_at,0.02019420643981662
2,203303_at,-0.018819583473687576
2,203314_at,-0.015396025070739531
2,203375_s_at,0.18015515610722366
2,203400_s_at,0.035720267358882764
2,203409_at,0.03176291077370483
2,203432_at,0.006484520260827138
2,203504_s_at,-0.004882615201133983
2,203505_at,-0.06799373802594667
2,203570_at,-0.03381666110959358
2,203589_s_at,0.005530059481697818
2,203613_s_at,0.09023155622820067
2,203692_s_at,0.1100374519511409
2,203696_s_at,0.011553152083593747
2,203736_s_at,-0.017343541778672686
2,203752_s_at,0.09135725060633397
2,203778_at,-0.10217299571874108
2,203780_at,0.3811435409476154
2,203849_s_at,0.0413109245889773
2,203851_at,-0.041539448366526656
2,203860_at,0.012611840354602421
2,203862_s_at,-0.12585721592325114
2,203906_at,-0.0051185531160564575
2,203916_at,-0.0572719741038132
2,203955_at,0.030225335378238027
2,204001_at,0.04943308417742237
2,204012_s_at,-0.2048573499728324
2,204096_s_at,-0.09745442513577349
2,204141_at,-0.05321344143687537
2,204149_s_at,-0.011727830126521283
2,204169_at,-0.014665973748789158
2,204171_at,0.0037895482813999817
2,204195_s_at,0.047283360490724895
2,204246_s_at,0.02700179631677388
2,204290_s_at,0.03131299912846657
2,204351_at,-0.13386960241498905
2,204414_at,-0.055743899483843
2,204499_at,-0.051072874180179625
2,204516_at,0.007479046743460529
2,204544_at,0.1543976564599166
2,204553_x_at,-0.001609043521933131
2,204568_at,-0.2100998965901296
2,204610_s_at,-0.04187331731396273
2,204710_s_at,0.011897936058984935
2,204726_at,0.03697513451556283
2,204736_s_at,-0.1094128157762036
2,204751_x_at,0.0015192456505157994
2,204754_at,0.031239357065387517
2,204764_at,0.05082576146389319
2,204771_s_at,0.03284988437392853
2,204775_at,0.10817773094722824
2,204830_x_at,-0.004668080655123702
2,204851_s_at,0.011347956263538805
2,204886_at,0.0014109040935035683
2,204945_at,0.025089844546364242
2,204958_at,0.07062755396217052
2,205042_at,0.09177053250632164
2,205071_x_at,0.04307598607897529
2,205163_at,-0.19630525372672264
2,205199_at,0.009174171626529986
2,205217_at,0.17948868055287207
2,205229_s_at,0.07502533832039057
2,205244_s_at,-0.0684732995859341
2,205298_s_at,0.03297648391015043
2,205301_s_at,0.013980760557844963
2,205329_s_at,0.0011891018602059088
2,205344_at,0.0010768199107552524
2,205347_s_at,0.09467183852434846
2,205368_at,0.17286031264201598
2,205379_at,0.1672589132991669
2,205432_at,-0.032658268794124506
2,205445_at,-0.014873172672979591
2,205501_at,-0.13459282437232936
2,205510_s_at,0.0008063539480812508
2,205635_at,-0.0691108863331597
2,205695_at,-0.027937901116822608
2,205739_x_at,0.06930362784313363
2,205756_s_at,-0.06342844348268378
2,205760_s_at,0.018453741000143655
2,205766_at,0.010565658121970384
2,205801_s_at,0.00314766390455239
2,205833_s_at,0.04807991305540063
2,205868_s_at,-0.03754513548552811
2,205932_s_at,-0.004898970860268758
2,205951_at,0.006727300627250012
2,205963_s_at,-0.3007253434991165
2,205985_x_at,-0.0007249770221701569
2,205992_s_at,-0.11140534613596692
2,206065_s_at,0.016633326856967102
2,206075_s_at,-0.15716622922374848
2,206108_s_at,-0.08710482576432443
2,206154_at,-0.0689418311275334
2,206182_at,-0.0416163089057049
2,206189_at,0.06992891199457994
2,206194_at,-0.0001981031557373549
2,206200_s_at,-0.04157250216384199
2,206229_x_at,-0.030114571766925016
2,206265_s_at,0.00993670351273074
2,206270_at,0.023694164319710723
2,206300_s_at,0.004161054665399601
2,206312_at,-0.012005106774646411
2,206315_at,0.0004590322755706911
2,206340_at,0.054505360943416147
2,206367_at,-0.0438292600938245
2,206373_at,0.20275631732930388
2,206410_at,-0.057100779109859244
2,206444_at,-0.0719976808381188
2,206458_s_at,0.0005470897410888194
2,206459_s_at,-0.2144561234421693
2,206462_s_at,0.0014653767082565888
2,206466_at,-0.11376284350173889
2,206487_at,0.12325762530082687
2,206506_s_at,-0.04589327369949053
2,206517_at,-0.11003121687911592
2,206526_at,0.004935377789508571
2,206540_at,-0.043110075813717126
2,206672_at,0.028626802410572066
2,206830_at,-0.005039017238301266
2,206865_at,-0.015695613746447658
2,206886_x_at,-0.04555347973370298
2,206918_s_at,-0.05165471083448839
2,206952_at,-0.16113442777853193
2,206971_at,-0.05310011433506472
2,206977_at,-0.014038457579680377
2,206984_s_at,-0.001203482425173574
2,207014_at,0.1494487234415365
2,207015_s_at,-0.16950960930829867
2,207022_s_at,0.05378497052136806
2,207039_at,0.1716799948061097
2,207073_at,-0.07342610713281184
2,207134_x_at,-0.04112380514937789
2,207168_s_at,-0.05877577464954184
2,207182_at,0.14296976767404598
2,207267_s_at,0.0017496182731381107
2,207337_at,0.10564655528373751
2,207346_at,0.05633345801821425
2,207387_s_at,0.020729409705912655
2,207433_at,0.07344725428266868
2,207454_at,0.04693847300640703
2,207456_at,-0.012915128528359007
2,207467_x_at,-0.013332651444823604
2,207479_at,-0.010288421024275688
2,207481_at,-0.16299805318098792
2,207516_at,0.045389740035487895
2,207556_s_at,0.006769016098297449
2,207695_s_at,0.15313020665489252
2,207706_at,0.05955209881614366
2,207803_s_at,0.08435567538344772
2,207810_at,0.007682817526937219
2,207864_at,-0.02360714087735792
2,207981_s_at,0.007284985982136578
2,208022_s_at,0.03897948666162729
2,208060_at,0.058686156938423106
2,208063_s_at,-0.16679690697898497
2,208080_at,0.00017320064217898884
2,208107_s_at,0.04637839670414464
2,208130_s_at,-0.04223294812498889
2,208165_s_at,0.026238650745065498
2,208247_at,0.07629168101489561
2,208338_at,0.02993465514369217
2,208363_s_at,-0.04746108175332791
2,208413_at,0.018231782130645587
2,208428_at,-0.02836137372615261
2,208437_at,-0.02041927676936126
2,208495_at,-0.042674458694883045
2,208549_x_at,0.037757490566346454
2,208586_s_at,0.05709128436838727
2,208629_s_at,0.008886497576884464
2,208640_at,0.07368363929500625
2,208641_s_at,0.0991980262748766
2,208642_s_at,0.023952757028858043
2,208678_at,0.06462568071407472
2,208696_at,-0.05962563164281303
2,208711_s_at,-0.030060677529647372
2,208731_at,-0.004301930643271843
2,208732_at,-0.05316979084799282
2,208734_x_at,-0.11657543491197739
2,208800_at,0.02905998697566036
2,208807_s_at,-0.04195144700080625
2,208818_s_at,0.04852699200840764
2,208854_s_at,0.14899898025647385
2,208855_s_at,0.04479652814545965
2,208878_s_at,-0.1882584525069569
2,208908_s_at,-0.096309041486582
2,208909_at,0.005494391601002511
2,208921_s_at,-0.2222254461338017
2,208926_at,0.04746348444458187
2,208993_s_at,0.040308339980632726
2,208999_at,-0.009711948911744185
2,209050_s_at,0.005862569148581166
2,209060_x_at,0.1340814742200973
2,209070_s_at,-0.05077126072561912
2,209122_at,0.08750716090996424
2,209212_s_at,0.009689128214511723
2,209272_at,0.08299126888065711
2,209289_at,0.03631285053324146
2,209292_at,0.012003632559721037
2,209309_at,0.04633930033181068
2,209338_at,-0.030592450912558397
2,209356_x_at,-0.0056074363771404494
2,209404_s_at,-0.01917344482074481
2,209415_at,0.051357007094303776
2,209498_at,0.07543660253480988
2,209507_at,0.09041740982233568
2,209518_at,-0.0973396408273173
2,209597_s_at,-0.09325809074376384
2,209617_s_at,-0.016159035907501607
2,209621_s_at,0.01559663961683394
2,209644_x_at,0.12072501707031404
2,209645_s_at,-0.02607525392874495
2,209651_at,-0.0028485739840475345
2,209678_s_at,0.11951409742541999
2,209740_s_at,-0.10254248241044486
2,209743_s_at,-0.027661092915172478
2,209818_s_at,-0.06245338228815122
2,209832_s_at,0.013043705138247812
2,209838_at,-0.05388134238608944
2,209847_at,-0.031181120974314747
2,209849_s_at,0.00985624251994414
2,209924_at,0.0173612879709135
2,209980_s_at,0.05488989924348246
2,209989_at,0.026825085745206197
2,210016_at,0.09676291054964846
2,210029_at,0.029749160727650284
2,210045_at,0.03576239597401238
2,210084_x_at,-0.021969298132133015
2,210118_s_at,0.1279144697130808
2,210121_at,0.037346684346090515
2,210123_s_at,-0.02723466788568039
2,210161_at,-0.024977095542937828
2,210196_s_at,-0.002818829645801324
2,210229_s_at,0.03293649952003716
2,210278_s_at,0.21478901053456637
2,210286_s_at,0.03488070165930987
2,210298_x_at,-0.0026823744916984246
2,210368_at,-0.008808753208782348
2,210377_at,0.07126309010726106
2,210425_x_at,-0.017453711424187605
2,210429_at,0.08185079949731668
2,210450_at,0.0036337575742902643
2,210456_at,-0.04254629729463777
2,210491_at,-0.06215199747449781
2,210519_s_at,-0.004334964668070616
2,210550_s_at,-0.0865026476011746
2,210554_s_at,-0.010596258315141232
2,210557_x_at,-0.006791325474856167
2,210578_at,-0.010825390653202378
2,210625_s_at,0.03313004798324009
2,210639_s_at,0.03949937974186247
2,210661_at,0.07116969598488618
2,210669_at,-0.11511045340877003
2,210678_s_at,0.1046307292179673
2,210701_at,-0.002495893038975598
2,210709_at,-0.005166037680625407
2,210710_at,-0.05983522046921564
2,210771_at,0.1715662178881767
2,210832_x_at,-0.1810747716970632
2,210838_s_at,0.09328538598871394
2,210869_s_at,-0.08051037078354073
2,210871_x_at,0.002911033163224451
2,210893_at,0.020175913910779317
2,210965_x_at,0.010795927897340107
2,210979_at,0.0026737105993178533
2,211065_x_at,0.04576839633908006
2,211103_at,-0.05594742487246372
2,211276_at,0.021472948263725342
2,211338_at,-0.06572196332434307
2,211359_s_at,-0.1395104918164319
2,211412_at,-0.0012790221442232326
2,211419_s_at,-0.05488609693418457
2,211425_x_at,-0.12506604379636252
2,211466_at,0.1596714958903669
2,211490_at,0.011109632810852218
2,211506_s_at,0.08320239183566436
2,211523_at,0.031168869648325673
2,211553_x_at,0.008091496826449107
2,211575_s_at,-0.006806990736395479
2,211588_s_at,0.057021049336895384
2,211620_x_at,0.3085142975605434
2,211627_x_at,-0.027925184140499496
2,211650_x_at,0.029239656398627908
2,211674_x_at,0.0058477714889441056
2,211702_s_at,0.04509957836264783
2,211789_s_at,0.14611723333343535
2,211814_s_at,0.004834226225695373
2,211825_s_at,-0.0006209769153941015
2,211845_at,-0.04083957068940711
2,211892_s_at,0.11730186407985015
2,211901_s_at,-0.148926633925476
2,211924_s_at,0.009958773320147777
2,212082_s_at,-0.024850395753391978
2,212088_at,0.13919757647473255
2,212135_s_at,-0.04371057073688034
2,212148_at,-0.030669207673508385
2,212221_x_at,-0.04265350584216655
2,212257_s_at,0.13842786294628143
2,212286_at,0.01590580480084904
2,212287_at,0.015734188165765037
2,212294_at,-0.04663032427268886
2,212308_at,0.007383322336187888
2,212315_s_at,0.06833673557273205
2,212330_at,0.00960266505393838
2,212334_at,-0.021714066409830673
2,212375_at,-0.01625916456689482
2,212394_at,-0.04097203430511487
2,212399_s_at,0.04459722442564011
2,212431_at,-0.29698770513895895
2,212449_s_at,-0.004956937929234869
2,212471_at,0.002557423806741466
2,212544_at,0.011484050842209572
2,212584_at,-0.039830557194663024
2,212628_at,-0.08437319556998099
2,212682_s_at,0.11063859716159276
2,212689_s_at,0.010452340619047986
2,212690_at,-0.043417673213999905
2,212707_s_at,0.06006078664129952
2,212757_s_at,-0.010785248910063218
2,212799_at,-0.03324225584467223
2,212837_at,-0.016487137496869916
2,212887_at,-0.030436066372201385
2,213015_at,0.026097314433382982
2,213016_at,0.0023344592262161765
2,213029_at,0.070298737131154
2,213032_at,0.004740755821493894
2,213081_at,-0.01831760093699473
2,213091_at,-0.18466462594731287
2,213100_at,-0.0066960492853423625
2,213117_at,0.014295121408254022
2,213137_s_at,0.027220833310741162
2,213139_at,-0.004565275140557943
2,213147_at,-0.07792863510851748
2,213176_s_at,0.034408240205179
2,213177_at,0.010015170871488534
2,213192_at,-0.012315371873957634
2,213195_at,-0.021071814890138263
2,213233_s_at,0.21827257793006974
2,213316_at,-0.0703576536364973
2,213339_at,0.048451453620385616
2,213407_at,-0.012748233064732585
2,213416_at,-0.07719182956582712
2,213448_at,0.14400727183941542
2,213472_at,-0.0005564319450606799
2,213516_at,0.007339941650568015
2,213543_at,-0.0447940871074654
2,213546_at,0.09805746496587894
2,213724_s_at,-0.040393840017573554
2,213757_at,0.04696854147199861
2,213769_at,-0.22380608950935862
2,213803_at,0.02647286360296679
2,213805_at,0.03690318623302209
2,213808_at,-0.0230652830373426
2,213834_at,-0.01534983375698695
2,213838_at,0.20114822346232325
2,213870_at,0.003043818610585424
2,213947_s_at,0.06824332434438916
2,214003_x_at,-0.0027087874787492068
2,214086_s_at,0.023682374745869705
2,214126_at,0.12693190650790942
2,214130_s_at,-0.0032617156213744013
2,214160_at,0.08442285506646537
2,214231_s_at,-0.28961085669714015
2,214279_s_at,0.038282911228031166
2,214353_at,0.05856272240416225
2,214379_at,-0.006542081757539965
2,214389_at,-0.04792073289563416
2,214400_at,-0.08155597134076545
2,214447_at,-0.05684320031641099
2,214488_at,-0.07694542618450892
2,214502_at,0.025169154210065603
2,214508_x_at,-0.0011048144393301232
2,214518_at,-0.035636467619276774
2,214566_at,0.017766975242109292
2,214571_at,0.010898600592843513
2,214605_x_at,0.003458272084426846
2,214638_s_at,0.01825185871272377
2,214697_s_at,0.011262986313004271
2,214735_at,-0.028325501706204605
2,214746_s_at,-0.01712228601849467
2,214798_at,-0.010595562281065798
2,214826_at,-0.03321934806722786
2,214832_at,-0.05627624429385548
2,214861_at,0.003300635668572848
2,214864_s_at,0.14170496789628584
2,214865_at,-0.008774491534157358
2,214900_at,0.00034993892472302227
2,214960_at,0.20556539112225644
2,214979_at,-0.011001546046487185
2,215035_at,0.000300256609446041
2,215080_s_at,0.11192320621735166
2,215081_at,-0.03518475642537899
2,215099_s_at,0.07159325641448468
2,215137_at,-0.030676380699614002
2,215172_at,-0.052185885931521916
2,215201_at,0.07633308726276605
2,215216_at,0.014694453276212532
2,215233_at,0.09965653909767691
2,215239_x_at,0.030446288654385038
2,215240_at,-0.012313274787589522
2,215265_at,0.05959016493783141
2,215302_at,0.04308091294812757
2,215324_at,0.014869611610502178
2,215328_at,0.027936886106840732
2,215339_at,0.07064504820227016
2,215348_at,-0.026737103328338934
2,215365_at,0.04869202116436736
2,215403_at,0.005455092310457891
2,215441_at,-0.05371360541669688
2,215461_at,0.05768560089647614
2,215495_s_at,-0.11171909851908583
2,215522_at,-0.16928981223816114
2,215574_at,0.22554656366059053
2,215598_at,-0.07914898822950789
2,215635_at,-0.059727779896595584
2,215663_at,-0.06514906593094567
2,215674_at,-0.020592008165751973
2,215695_s_at,0.07679257029983089
2,215705_at,-0.07239785400792367
2,215718_s_at,0.004464955965344868
2,215722_s_at,0.10334052688270563
2,215724_at,0.073590222192882
2,215733_x_at,0.07148300667692364
2,215746_at,-0.022699553500056185
2,215805_at,0.050257376702882786
2,215825_at,-0.06832597632023923
2,215879_at,0.02209472515745255
2,215900_at,0.124875955971049
2,215923_s_at,-0.03258503438497615
2,215932_at,0.0008750613926174575
2,215943_at,-0.1756166404082753
2,216014_s_at,-0.027026599850885777
2,216024_at,0.06459731322827998
2,216039_at,0.11518473416180944
2,216127_at,0.03159776377211099
2,216140_at,0.016501006561746256
2,216145_at,0.02783089309018221
2,216167_at,-0.03574331881760341
2,216186_at,0.057276564779091994
2,216214_at,-0.0572087150643348
2,216241_s_at,-0.08696221104826458
2,216284_at,0.007768513007920001
2,216303_s_at,-0.1433828730106523
2,216313_at,0.17669822806832555
2,216318_at,0.10022632442139699
2,216322_at,-0.06503856813753617
2,216370_s_at,0.1685867847667766
2,216456_at,-0.012750342331296734
2,216489_at,-0.02209364336476255
2,216511_s_at,0.005694657350759414
2,216569_at,0.016402059766410782
2,216594_x_at,-0.01950223484096271
2,216618_at,0.12957378552703194
2,216632_at,-0.009393345588053843
2,216651_s_at,0.10037440760505391
2,216652_s_at,-0.01999605510586923
2,216654_at,0.015028760545786831
2,216660_at,-0.006587686155445231
2,216688_at,9.951031996128026e-05
2,216720_at,-0.026353450154504
2,216786_at,0.1691409845719433
2,216831_s_at,0.0517070661600623
2,216844_at,0.035939782565497715
2,216962_at,-0.00031441785866711397
2,217014_s_at,0.01741476644718616
2,217027_x_at,0.0010298988545123199
2,217039_x_at,0.06795836153771168
2,217083_at,0.010914442754253849
2,217094_s_at,-0.16303464898615894
2,217129_at,0.019766949865595608
2,217145_at,-0.015435906799580925
2,217160_at,0.19083966847187858
2,217254_s_at,-0.23078623087508424
2,217258_x_at,0.008488178899917707
2,217328_at,-0.07591754215622934
2,217340_at,0.04786092278084724
2,217349_s_at,-0.09285684112650465
2,217352_at,0.16153443725700833
2,217358_at,0.032373601053216544
2,217363_x_at,-0.013699729623155297
2,217372_at,0.017919029453059072
2,217380_s_at,-0.1144129062011193
2,217389_s_at,0.1514139998668924
2,217404_s_at,-0.016813778490625424
2,217415_at,0.042901222756151526
2,217416_x_at,-0.07588900619921364
2,217422_s_at,0.07153994945863859
2,217434_at,-0.10476393375284525
2,217493_x_at,-0.023655008990513423
2,217506_at,0.05980880567447215
2,217622_at,-0.03356948660737151
2,217629_at,-0.0816378044983813
2,217656_at,0.015543278448741888
2,217667_at,0.06486577154425412
2,217710_x_at,-0.06112388728625688
2,217736_s_at,0.0744439034536835
2,217744_s_at,0.012758693931800801
2,217753_s_at,-0.029229682467914405
2,217806_s_at,-0.05128693278970705
2,217814_at,0.00029701233475857685
2,217820_s_at,-0.01218462082915311
2,217828_at,-0.007822497065939377
2,217837_s_at,-0.0006305721758623071
2,217853_at,-0.015857595847026163
2,217932_at,0.017746040305704813
2,217949_s_at,0.06938809108953191
2,217951_s_at,0.007727981378402499
2,217952_x_at,0.08071420560710622
2,217962_at,-0.00492823456493668
2,217987_at,0.0013783339347140588
2,217996_at,0.10800525138705229
2,217997_at,0.12474600211802415
2,217999_s_at,0.006221397755035265
2,218029_at,-0.04503638546638217
2,218031_s_at,-0.031097033446446227
2,218034_at,-0.0010781678367005954
2,218044_x_at,-0.13667540585599663
2,218120_s_at,-0.06208702673975426
2,218142_s_at,0.08749706925583968
2,218185_s_at,-0.16187525111626347
2,218210_at,0.04317993329356136
2,218248_at,0.05722977394292372
2,218274_s_at,0.019880151195775204
2,218347_at,0.016939257833734796
2,218350_s_at,0.08613439139762397
2,218373_at,-0.07451204822851458
2,218399_s_at,0.025652394527816983
2,218446_s_at,-0.06722581609156712
2,218489_s_at,-0.09241245408557246
2,218503_at,0.06204373694970666
2,218528_s_at,0.16550458513383248
2,218555_at,0.12926082058204552
2,218634_at,-0.01567642488743763
2,218644_at,-0.04352957397221312
2,218649_x_at,-0.02734680720450485
2,218651_s_at,-0.006645165411808486
2,218657_at,0.02874987174599314
2,218709_s_at,-0.02795541747779074
2,218716_x_at,0.005164205190652232
2,218725_at,-0.034643425100382146
2,218730_s_at,-0.014835780773770759
2,218739_at,0.003386752194269576
2,218761_at,-0.0005301582109493173
2,218792_s_at,0.003847408365778581
2,218842_at,-0.04928827676536571
2,218882_s_at,-0.032029998882543646
2,218902_at,0.15140743514744293
2,218956_s_at,-0.06824555392155243
2,219005_at,0.2332160130383866
2,219051_x_at,-0.15061104223421026
2,219076_s_at,0.05408531148620335
2,219093_at,-0.08729238556773779
2,219116_s_at,0.03399494443575633
2,219185_at,0.10768232106552916
2,219216_at,0.08233493275362044
2,219229_at,-0.0012794753246911912
2,219230_at,0.08700270697115457
2,219231_at,-0.009841933185946606
2,219276_x_at,0.025511551766916402
2,219284_at,-0.06296507772399357
2,219288_at,0.007324954124486694
2,219305_x_at,-0.030909577449175746
2,219354_at,0.006719542327416004
2,219369_s_at,0.016676586404790215
2,219512_at,0.04842697517764976
2,219526_at,-0.11755097380053198
2,219529_at,-0.020919308004712905
2,219539_at,-0.0696086897234473
2,219631_at,0.10405008826150373
2,219655_at,-0.014603167076379849
2,219663_s_at,-0.0767757886511794
2,219683_at,0.02548214312063894
2,219719_at,0.006336372818603827
2,219726_at,0.008353830628795245
2,219730_at,-0.2750473566174134
2,219803_at,-0.04205578105421222
2,219815_at,-0.0325446636435165
2,219841_at,-0.050104237841724776
2,219842_at,-0.027712037421407848
2,219850_s_at,0.11135477691956233
2,219860_at,-0.020605933528870832
2,219862_s_at,0.015925118346826743
2,219951_s_at,-0.08880230654629628
2,219967_at,0.016132438154613668
2,220055_at,-0.012174661507492798
2,220095_at,0.09338510182059712
2,220123_at,-0.07548465513053147
2,220125_at,-0.027669842771570616
2,220172_at,-0.0037136097716937815
2,220184_at,-0.028578157927794185
2,220238_s_at,0.19082394975918868
2,220242_x_at,0.08605582253136468
2,220247_at,-0.07634058282906318
2,220284_at,-0.0001178902936405015
2,220364_at,-0.0009402918729900398
2,220396_at,-0.2697312039128273
2,220493_at,0.0991002191258181
2,220495_s_at,-0.025770528863883854
2,220503_at,-0.06563302609216097
2,220507_s_at,-0.0610158515468955
2,220523_at,0.04082891138510692
2,220527_at,0.12026050971898342
2,220576_at,-0.01874907590600741
2,220695_at,0.0666501591216668
2,220760_x_at,0.05856059570746329
2,220769_s_at,-0.12515270052033337
2,220784_s_at,-0.0371817503202805
2,220811_at,-0.10784949989094007
2,220830_at,-0.013998470291407054
2,220837_at,0.06609079628919402
2,220882_at,-0.004328013757164076
2,220884_at,-0.010100905716927304
2,220889_s_at,0.000128166464529407
2,220896_at,0.09981384385857625
2,220898_at,-0.04742503944075094
2,220907_at,0.17462599427476333
2,220955_x_at,0.08426484662288011
2,221051_s_at,-0.06650710909469723
2,221068_at,0.10282331822480127
2,221111_at,-0.009360400545575291
2,221144_at,-0.03761042756667934
2,221150_at,-0.03315030211283274
2,221177_at,0.05663332045699325
2,221178_at,0.09763168266590715
2,221186_at,-0.01901482283348831
2,221202_at,0.0028274300172890982
2,221237_s_at,0.07447077767345237
2,221239_s_at,0.01237731200215613
2,221260_s_at,-0.18189790020831448
2,221264_s_at,0.015381803295306782
2,221285_at,-0.029760284605254796
2,221363_x_at,0.24926073470772728
2,221383_at,0.18956802330812855
2,221384_at,-0.08887235788780191
2,221424_s_at,0.17832943794137243
2,221441_at,0.20167211536335258
2,221452_s_at,0.05841801108339309
2,221524_s_at,0.03668061228299602
2,221650_s_at,-0.06293354520917704
2,221677_s_at,0.028840713061811497
2,221679_s_at,-0.019691569481161388
2,221825_at,-0.02298880926909785
2,221828_s_at,0.006379324935183804
2,221851_at,0.1408295687448803
2,221968_s_at,0.06230315199963775
2,221973_at,0.15342197091028115
2,222014_x_at,0.0698103419110063
2,222025_s_at,-0.055941085026518275
2,222052_at,0.024640969613001426
2,222096_x_at,-0.04472639258367672
2,222105_s_at,0.08011222812229132
2,222115_x_at,-0.0199155633394396
2,222177_s_at,-0.039455576487545205
2,222197_s_at,0.0920024792716334
2,222228_s_at,-0.10863110184726399
2,222234_s_at,-0.04694207464780473
2,222256_s_at,-0.03667418484948064
2,222312_s_at,-0.014999694910435247
2,222332_at,-0.0213645954675423
2,33304_at,0.027970827537621402
2,36742_at,0.022382920806286233
2,47069_at,-0.004527153127486215
2,47553_at,0.0366756960829842
2,52837_at,-0.0030012405647868987
2,55692_at,-0.03213639418932973
2,56821_at,-0.0052358815585406004
2,59644_at,0.030780016445707506
2,60084_at,-0.001241154244303596
2,64488_at,-0.013994769265862367
2,64900_at,-0.017019574624360337
2,89948_at,-0.15674614936701026
2,AFFX-r2-Bs-dap-3_at,0.033973511577490956
2,AFFX-r2-Bs-lys-3_at,-0.05059166498661046
2,AFFX-r2-Bs-thr-M_s_at,0.07469417614449553
3,200011_s_at,-0.12045233990907912
3,200737_at,0.04380019088227363
3,201663_s_at,0.007747934184782389
3,202204_s_at,-0.00020414288522561128
3,202703_at,-0.01969138107198547
3,203001_s_at,-0.05316933375076654
3,203303_at,-0.018807477146928604
3,203447_at,0.03849684663038003
3,203456_at,-0.023399662576771344
3,203778_at,-0.17436505292019755
3,204001_at,0.06572247838098585
3,204012_s_at,-0.11956558017858877
3,204400_at,0.06649442217909186
3,204544_at,0.07323707051878565
3,204568_at,-0.16621493707458607
3,204775_at,0.013587108716942863
3,205042_at,0.006937241534071331
3,205163_at,-0.005503558387491585
3,205347_s_at,0.11713871071765262
3,205379_at,0.06620869642901807
3,206373_at,0.006932227179660869
3,206459_s_at,-0.01429644080461659
3,206487_at,0.09543033233718562
3,206695_x_at,0.023568303655840606
3,207168_s_at,-0.023721592048007237
3,207707_s_at,0.029820780094848183
3,208030_s_at,-0.041112136042706186
3,208642_s_at,0.026794061152202734
3,208711_s_at,-0.031050116902758176
3,208807_s_at,-0.032215174415051236
3,208854_s_at,0.06897881809510789
3,208926_at,0.023067686852443557
3,209644_x_at,0.07071179710601722
3,209686_at,0.05554109785258551
3,209838_at,-0.11907565972169877
3,210029_at,0.009644953242640818
3,210084_x_at,-0.09612856755602037
3,210107_at,-0.010546157527449074
3,210771_at,0.05173126806935335
3,211620_x_at,0.02965426816227282
3,212220_at,0.03417453759025509
3,212315_s_at,0.001281688406088916
3,212431_at,-0.11222965649360919
3,212586_at,-0.022114986403007554
3,212682_s_at,0.0408148101283227
3,212711_at,0.008125216455779696
3,213233_s_at,0.030362323054090434
3,214231_s_at,-0.08714513928482716
3,214279_s_at,0.028033720722854958
3,214960_at,0.046741960002452274
3,215233_at,0.2735846017302579
3,215339_at,0.04569998125111493
3,215348_at,-0.018335312921700427
3,215461_at,0.04234635249227639
3,215733_x_at,0.018226798021749806
3,215746_at,-0.009215963254757455
3,215825_at,-0.020228398861349972
3,215943_at,-0.03500783042707764
3,216313_at,0.07355686186565695
3,216831_s_at,0.06416156392993179
3,216896_at,-0.01989189095084842
3,217254_s_at,-0.029372926426025504
3,217352_at,0.002883951005671144
3,217363_x_at,-0.05872878909489485
3,217996_at,0.019664458702417408
3,218651_s_at,-0.0524275785370745
3,218902_at,0.10943480216740663
3,219005_at,0.03800289196445895
3,219051_x_at,-0.15255408926919933
3,219230_at,0.034011557310568374
3,220281_at,0.023743730315343763
3,220497_at,-0.11722347547911838
3,220507_s_at,-0.00420396234674254
3,220820_at,-0.04623392965765707
3,220955_x_at,0.0051448057740741
3,221315_s_at,0.00555441153049184
3,221363_x_at,0.023900101446420564
4,200011_s_at,-0.1363067073871794
4,200072_s_at,0.13625468356042902
4,200092_s_at,-0.07492925670036454
4,200654_at,0.047427815349617215
4,200656_s_at,0.1500884532968548
4,200708_at,-0.08430684461234156
4,200734_s_at,-0.1455706251020268
4,200844_s_at,-0.005952029533517509
4,200870_at,-0.05845655015284849
4,200920_s_at,0.014680507953127314
4,200973_s_at,-0.004861952622187936
4,201078_at,0.019235661831757393
4,201101_s_at,0.05820725728345528
4,201177_s_at,0.031856251199226124
4,201202_at,0.003924699379903976
4,201398_s_at,-0.08608644624067842
4,201405_s_at,-0.04546960431187788
4,201581_at,0.006747488495172288
4,201687_s_at,0.005140891378022844
4,201696_at,0.003979552524752184
4,201779_s_at,0.09581590398765219
4,201780_s_at,0.0544179299805172
4,201802_at,0.07920229760755396
4,201855_s_at,-0.08947233644445889
4,201915_at,0.003448674679767458
4,201923_at,0.008829266115995552
4,201936_s_at,-0.13457852386702604
4,201988_s_at,-0.04933704551536846
4,202047_s_at,-0.021056825794754805
4,202048_s_at,-0.08769778807057918
4,202247_s_at,0.038796344323622424
4,202274_at,-0.013072436055529893
4,202359_s_at,-0.07771144671469657
4,202467_s_at,-0.07625464470899092
4,202479_s_at,-0.0014482293397865059
4,202487_s_at,0.025862479262116572
4,202583_s_at,0.10131691152965717
4,202633_at,0.010680109463199115
4,202740_at,-0.001027618853559311
4,202754_at,-0.07096826391972788
4,202825_at,0.0020721154069175828
4,202858_at,0.007182041301994754
4,202864_s_at,0.2305840637984108
4,202891_at,-0.13441600873525214
4,202922_at,-0.004149364805534545
4,202944_at,-0.1259058730662032
4,202956_at,-0.11593857417138206
4,203004_s_at,-0.031615444466109796
4,203025_at,-0.0036838015761568666
4,203038_at,0.048130815307912175
4,203130_s_at,-0.0036661228058107254
4,203161_s_at,0.012513432794762948
4,203200_s_at,-0.026525746384236357
4,203244_at,-0.055578233477439024
4,203274_at,-0.10796584029899176
4,203303_at,-0.0027696562834694017
4,203314_at,-0.051847986223137736
4,203375_s_at,0.03399247061694608
4,203398_s_at,0.10086573484569503
4,203456_at,-0.18718702056905706
4,203504_s_at,-0.022760666291771956
4,203505_at,-0.045672748048639286
4,203538_at,-0.006426092440548653
4,203613_s_at,0.03421035974489491
4,203618_at,-0.004959846861522011
4,203692_s_at,0.0587326128671586
4,203728_at,-0.049872198496666784
4,203750_s_at,0.12232680713082167
4,203778_at,-0.04780494744404959
4,203780_at,0.46161258386934245
4,203792_x_at,-0.042908626501843614
4,203806_s_at,0.05004060707560552
4,203851_at,-0.005196928244250644
4,203862_s_at,-0.2803711957190752
4,203872_at,-0.06965115216781742
4,203906_at,-0.01276649338995748
4,203916_at,-0.1902325166960069
4,203921_at,-0.0036920718344384054
4,204001_at,0.03247546885858231
4,204009_s_at,-0.018443009130458477
4,204012_s_at,-0.28543937175169987
4,204096_s_at,-0.07008523932056432
4,204126_s_at,0.007831964678111777
4,204149_s_at,-0.040574548880998096
4,204195_s_at,0.015621225046187796
4,204246_s_at,0.015484011876982437
4,204351_at,-0.07604512525428869
4,204414_at,-0.004837377586695918
4,204499_at,-0.12173343866316827
4,204516_at,0.02265087012929752
4,204544_at,0.2899990209944384
4,204553_x_at,-0.08928432574850512
4,204568_at,-0.1145185193304207
4,204585_s_at,-0.010112630489055632
4,204631_at,0.024593416338238354
4,204710_s_at,0.020002208627334903
4,204764_at,0.1535965640295845
4,204775_at,0.2624295047716055
4,204802_at,-0.004851958054121942
4,204851_s_at,0.08216231924367662
4,204854_at,-0.0673233128136444
4,204945_at,0.022525513601141158
4,204947_at,0.05347949923769876
4,204958_at,0.05021429965990853
4,205001_s_at,0.019196844784551186
4,205006_s_at,-0.00355711349878304
4,205042_at,0.07836609663218405
4,205074_at,-0.09216600243799342
4,205082_s_at,-0.14181520861359365
4,205163_at,-0.08373213922002148
4,205217_at,0.5203777681325821
4,205292_s_at,0.03903813502466462
4,205298_s_at,0.03653725378501134
4,205328_at,0.014009599051562597
4,205347_s_at,0.10720648237685376
4,205368_at,0.08830555987921987
4,205424_at,-0.09022029922976482
4,205432_at,-0.005906569146273688
4,205501_at,-0.021263242928254166
4,205602_x_at,0.10056865424759925
4,205617_at,0.014793298792323157
4,205635_at,-0.003665618137625131
4,205665_at,-0.03206508006752856
4,205690_s_at,-0.11726946404848371
4,205695_at,-0.11696832951783573
4,205703_at,0.008604947310448264
4,205751_at,-0.03295937812839209
4,205774_at,-0.06069394042903146
4,205783_at,-0.030987401638410603
4,205833_s_at,0.006023328717226436
4,205868_s_at,-0.05495478598234231
4,205910_s_at,0.06042194303474398
4,205963_s_at,-0.22228370336867995
4,205972_at,0.04704327160619669
4,206000_at,-0.0575596488936539
4,206008_at,-0.09306988186810049
4,206029_at,0.0183323038833947
4,206057_x_at,-0.037813175363482256
4,206065_s_at,0.060384551642866297
4,206066_s_at,0.0026893141404943253
4,206075_s_at,-0.07455314711762275
4,206096_at,-0.01376937334648205
4,206108_s_at,-0.027158071352776612
4,206137_at,0.006505013935464217
4,206189_at,0.04572711356246745
4,206194_at,-0.03248748154341195
4,206228_at,-0.01440717724626783
4,206229_x_at,-0.05187454625405015
4,206239_s_at,0.04268729171899975
4,206245_s_at,0.03309009555510689
4,206265_s_at,0.06081988346012603
4,206278_at,0.01707509997770341
4,206279_at,0.011715642564566755
4,206312_at,-0.05552906528442697
4,206340_at,0.03807053973000088
4,206355_at,-0.17646254274507064
4,206367_at,-0.011369522559840743
4,206373_at,0.17532996338010895
4,206393_at,0.06144915449720719
4,206422_at,0.05825580229059527
4,206433_s_at,-0.02034124942418535
4,206444_at,-0.027491760281255703
4,206449_s_at,0.0019127554396528466
4,206459_s_at,-0.13085031581835121
4,206462_s_at,0.051817530849635196
4,206466_at,-0.20028770288049044
4,206480_at,-0.02245644696953508
4,206487_at,0.11434138689279137
4,206506_s_at,-0.08209986699800191
4,206515_at,-0.013286859768238509
4,206518_s_at,0.01804908209839427
4,206566_at,-0.05973832587426409
4,206568_at,-0.028044312671520327
4,206603_at,0.068117155900148
4,206749_at,-0.0074780875942490315
4,206784_at,-0.001985237199703775
4,206786_at,-0.001236023330675444
4,206800_at,-0.009316510790494344
4,206830_at,-0.09260418754728628
4,206886_x_at,-0.1483816816186098
4,206911_at,-0.052324246782279434
4,206918_s_at,-0.12914375593587601
4,206952_at,-0.33530564556020087
4,206954_at,0.012118235953614491
4,206957_at,0.037427343650199174
4,206971_at,-0.07480359798036068
4,207015_s_at,-0.10374116161208806
4,207039_at,0.10165323803529297
4,207060_at,-0.005588141911428875
4,207068_at,-0.06749471157662325
4,207073_at,-0.07351621199441155
4,207081_s_at,0.025699345342744956
4,207117_at,0.04696088254881418
4,207119_at,-0.11016121688919478
4,207235_s_at,0.007133403824568895
4,207240_s_at,-0.011114664239314424
4,207252_at,0.010601778300351281
4,207314_x_at,0.004267863209190221
4,207346_at,0.08502416686388824
4,207454_at,0.24874135378097792
4,207510_at,0.08727088827209993
4,207530_s_at,-0.02508320680391326
4,207536_s_at,0.033345353773558004
4,207579_at,-0.0008370021581718141
4,207586_at,0.094258213384115
4,207609_s_at,-0.03900301103713093
4,207657_x_at,-0.00869384173995213
4,207678_s_at,0.010885030209367399
4,207692_s_at,0.031362975320335135
4,207695_s_at,0.21630538152825649
4,207706_at,0.09508282538944776
4,207744_at,-0.007497468900881744
4,207758_at,0.014210395014027979
4,207823_s_at,-0.020619861729604186
4,207829_s_at,-0.006233477507885841
4,207837_at,0.008257413751717246
4,207864_at,-0.040230409978890644
4,207872_s_at,-0.10560227521714871
4,207899_at,0.05924938335360743
4,208022_s_at,0.13647826656479017
4,208063_s_at,-0.13219170832396546
4,208080_at,0.04163315058454082
4,208123_at,-0.03266625607073387
4,208130_s_at,-0.03192951684102177
4,208142_at,-0.03147898535441676
4,208163_s_at,0.037892154971579266
4,208165_s_at,0.010691895980238942
4,208202_s_at,-0.04285119798643889
4,208251_at,0.035389238977381256
4,208288_at,-0.1596579556721658
4,208338_at,0.06430713299073965
4,208346_at,-0.014225863427236578
4,208363_s_at,-0.1244200358923747
4,208459_s_at,0.005891169085868364
4,208493_at,-0.031667900679990875
4,208549_x_at,0.1611100751830364
4,208564_at,-0.07460603200289678
4,208586_s_at,0.07295185063000534
4,208629_s_at,0.0038688245398239285
4,208640_at,0.05575749741174205
4,208641_s_at,0.16881338226180487
4,208678_at,0.07213349102675656
4,208711_s_at,-0.1032051159949293
4,208731_at,-0.07920548651708954
4,208732_at,-0.004535575770820912
4,208734_x_at,-0.09040483584227818
4,208798_x_at,-0.0003494795519751707
4,208800_at,0.004464448771544444
4,208815_x_at,-0.007672608472862842
4,208854_s_at,0.16577735907405666
4,208878_s_at,-0.1395099061394728
4,208888_s_at,0.005825030344157999
4,208908_s_at,-0.11994141297131504
4,208921_s_at,-0.20825351296853642
4,208922_s_at,0.016335988659573152
4,208926_at,0.05639355087954443
4,209005_at,-0.022598942848135285
4,209035_at,0.0025917461845168847
4,209050_s_at,0.249793560086428
4,209051_s_at,0.0005047694216099748
4,209060_x_at,0.026840148523353192
4,209070_s_at,-0.004339619887616598
4,209097_s_at,0.11550555001137487
4,209122_at,0.07546623959247431
4,209201_x_at,0.009256553292743754
4,209338_at,-0.013908067222096135
4,209507_at,0.0170659016234727
4,209518_at,-0.09328471982195422
4,209597_s_at,-0.005552979290385729
4,209601_at,-0.04448355669826266
4,209635_at,-0.045817167969021376
4,209644_x_at,0.1185198928992932
4,209658_at,0.057554897698470386
4,209678_s_at,0.007530347664059371
4,209686_at,0.16075625960549614
4,209727_at,-0.06010171490858046
4,209740_s_at,-0.04796448079128546
4,209797_at,-0.012028986243381588
4,209805_at,0.1061031261332868
4,209819_at,0.0069596460501339
4,209821_at,-0.05419935707129485
4,209838_at,-0.07085167870639343
4,209849_s_at,0.00809881402025122
4,209860_s_at,-0.016667427763703536
4,209924_at,0.03709601115031145
4,209931_s_at,0.010097107280245815
4,210016_at,0.05243833046400474
4,210045_at,0.0006125486364876474
4,210063_at,-0.03824478712954301
4,210084_x_at,-0.07582212537179991
4,210107_at,-0.014567195609149253
4,210118_s_at,0.11239627762825415
4,210128_s_at,0.004321853885198342
4,210138_at,-0.05042444243429087
4,210161_at,-0.03520245975968342
4,210170_at,0.02067135965447764
4,210173_at,-0.06383349481751042
4,210196_s_at,-0.007956076605025016
4,210213_s_at,-0.07114176383563349
4,210277_at,0.02703008856723307
4,210298_x_at,-0.09459162541985895
4,210368_at,-0.15709503463343805
4,210377_at,0.002963364618155029
4,210389_x_at,0.05380650308678724
4,210432_s_at,-0.030783531967454675
4,210456_at,-0.02630365955295246
4,210461_s_at,-0.09865737895741827
4,210564_x_at,0.025915924047215416
4,210588_x_at,0.015329662434094548
4,210596_at,0.015690285659335883
4,210605_s_at,0.06376724564499761
4,210625_s_at,0.00336776280854199
4,210639_s_at,0.022332100519235832
4,210643_at,-0.10300062923512185
4,210661_at,0.016486170510676617
4,210678_s_at,0.07545369173494515
4,210709_at,-0.10926731387154558
4,210745_at,-0.01051787767138319
4,210771_at,0.05212521972089861
4,210832_x_at,-0.13348883940984185
4,210834_s_at,-0.0011767096278268944
4,210843_s_at,0.002661864263938727
4,210845_s_at,0.028821106515114915
4,210862_s_at,-0.004935191269460049
4,210870_s_at,0.03984494845896205
4,210907_s_at,0.035541601131923076
4,210996_s_at,0.004170068120049972
4,211065_x_at,0.1047255024823568
4,211071_s_at,-0.03853546654380997
4,211103_at,-0.07717856203351246
4,211113_s_at,-0.03130513489949089
4,211261_at,0.043391837283864275
4,211276_at,0.05845540145675168
4,211312_s_at,-0.03274780408444192
4,211338_at,-0.009229871494171444
4,211343_s_at,0.013325502069663505
4,211359_s_at,-0.10400822752683517
4,211425_x_at,-0.09430907076844806
4,211551_at,0.019695107626784166
4,211588_s_at,0.00858209912741692
4,211620_x_at,0.18145273744491197
4,211627_x_at,-0.012799474897278193
4,211650_x_at,0.004273797579559167
4,211670_x_at,-0.023520800452524658
4,211780_x_at,-0.04495772820922539
4,211789_s_at,0.014839322196456388
4,211837_s_at,-0.05916038314299258
4,211883_x_at,0.04395069684163666
4,211892_s_at,0.20494078402968324
4,211901_s_at,-0.31047534316275116
4,211919_s_at,6.22642443798289e-05
4,211924_s_at,0.02696450549847064
4,211931_s_at,0.00623641552480754
4,212021_s_at,0.004763221538086708
4,212102_s_at,-0.0003676120797862
4,212132_at,0.000584668001142789
4,212135_s_at,-0.006364030179744455
4,212136_at,-0.02692085693275281
4,212148_at,-0.06387289016663195
4,212149_at,-0.04528078020983766
4,212150_at,-0.004184198498992155
4,212155_at,-0.07659095895374819
4,212221_x_at,-0.027033032763588087
4,212257_s_at,0.01748121767888904
4,212259_s_at,-0.019520595031675934
4,212287_at,0.006106684440622611
4,212317_at,-0.09042714921047554
4,212330_at,0.055220969521769914
4,212358_at,-0.06415505590474006
4,212375_at,-0.1568615528975972
4,212421_at,-0.018252762732194422
4,212431_at,-0.4308625077497821
4,212466_at,0.03871348791118282
4,212490_at,-0.011100243810902657
4,212584_at,-0.035387283740649485
4,212670_at,0.03964492168280946
4,212682_s_at,0.13733105485905636
4,212711_at,0.012307192261223492
4,212791_at,-0.026547630847777892
4,212799_at,-0.022413527917871916
4,212852_s_at,-0.04173594982346385
4,212883_at,0.0487413454592888
4,212909_at,-0.038804073055724364
4,213029_at,0.001027140419937206
4,213071_at,-0.006663609532580196
4,213091_at,-0.20752432366619
4,213120_at,-0.09057322957385994
4,213148_at,0.062067945192870545
4,213176_s_at,0.027391385911812755
4,213178_s_at,-0.0016125449574859044
4,213203_at,-0.0546894970191435
4,213233_s_at,0.194498730642506
4,213345_at,-0.07345292389205704
4,213407_at,-0.0355314868207034
4,213448_at,0.07011853520887276
4,213462_at,-0.08388705549369935
4,213633_at,-0.07994820831515405
4,213637_at,0.03612793116202124
4,213641_at,0.043672835607393046
4,213655_at,0.036575531321856355
4,213689_x_at,-0.013164149810159618
4,213734_at,0.0927017443933723
4,213757_at,0.019859147679858337
4,213769_at,-0.028888824178148854
4,213776_at,-0.030126140588003232
4,213803_at,0.0008656596631692864
4,213808_at,-0.07173911362299498
4,213810_s_at,0.0037192733685882193
4,213834_at,-0.013249808506422463
4,213838_at,0.09711331341914609
4,213872_at,0.045788789098398563
4,213877_x_at,0.05136657709596587
4,213896_x_at,-0.017120943686745587
4,213971_s_at,0.02609599843714021
4,214071_at,-0.056036496397984005
4,214076_at,-0.10957151153751958
4,214162_at,0.0657754037693934
4,214220_s_at,-0.015942525130238507
4,214231_s_at,-0.2562885836188577
4,214237_x_at,-0.043775342012985004
4,214279_s_at,0.038601498167229256
4,214353_at,0.2002978938130026
4,214400_at,-0.037594773987002
4,214425_at,-0.019127633213442644
4,214474_at,-0.035459196699259135
4,214501_s_at,-0.013669892264749857
4,214502_at,0.02225520068563655
4,214638_s_at,0.06489893809215462
4,214723_x_at,0.016310562766629143
4,214746_s_at,-0.07067157455530373
4,214776_x_at,0.0405719266236883
4,214826_at,-0.04990146515677764
4,214832_at,-0.21564697415293727
4,214908_s_at,-0.06091135254473644
4,214960_at,0.2775581708588041
4,214979_at,-0.005285252517144681
4,215025_at,0.019178184139915042
4,215080_s_at,0.005739992385887946
4,215081_at,-0.05119579473945669
4,215103_at,-0.02972394349622134
4,215120_s_at,0.02278299216337777
4,215177_s_at,0.021076547506327592
4,215188_at,0.0984139859935565
4,215189_at,0.06276771284457396
4,215233_at,0.1766279930726392
4,215240_at,-0.04321906401734732
4,215305_at,-0.14030298393032856
4,215311_at,0.014457065491408736
4,215319_at,0.09273034122236803
4,215328_at,0.023484760292401097
4,215339_at,0.07420853810188505
4,215348_at,-0.0153518151369973
4,215365_at,0.06213407948508284
4,215424_s_at,0.006418000306102692
4,215441_at,-0.048687460558593354
4,215448_at,-0.022257888852180517
4,215461_at,0.08527665176293009
4,215481_s_at,-0.015332055029399565
4,215495_s_at,-0.06722807690772212
4,215572_at,0.08881517019429483
4,215574_at,0.042417322066294394
4,215583_at,-0.017317240266968167
4,215611_at,-0.011003001185864532
4,215621_s_at,-0.09593945070973872
4,215663_at,-0.0365344087384601
4,215695_s_at,0.04512674619096947
4,215696_s_at,0.0049009619698233
4,215704_at,-0.04406465755297166
4,215722_s_at,0.10527432909286172
4,215724_at,0.020775923704724156
4,215733_x_at,0.007708480492678369
4,215734_at,-0.06052901852177186
4,215746_at,-0.046621814889079786
4,215767_at,-0.037008597283402195
4,215769_at,-0.0014994567632411679
4,215818_at,-0.09675354127859472
4,215825_at,-0.08706465716206023
4,215863_at,0.036930402025623414
4,215900_at,0.08660227983021854
4,215943_at,-0.04429579223349235
4,215969_at,-0.08755360816390684
4,215981_at,-0.01680947380553753
4,216023_at,-0.033324497144796766
4,216140_at,0.06386929039341296
4,216148_at,-0.020131139692571944
4,216167_at,-0.049658035647729526
4,216171_at,0.017278172187544447
4,216186_at,0.019517963118222105
4,216241_s_at,-0.008593574419593608
4,216258_s_at,-0.029041739947742187
4,216313_at,0.07274007798141688
4,216318_at,0.13908480303515938
4,216319_at,-0.07595006826423278
4,216353_s_at,0.10548910334528594
4,216370_s_at,0.035592295393200496
4,216386_at,0.01199072371917751
4,216426_at,-0.002620426817696569
4,216443_at,-0.012224450891291934
4,216567_at,0.1595950306502748
4,216618_at,0.015034412030974519
4,216651_s_at,0.023028955646121285
4,216664_at,-0.02046909990155691
4,216667_at,0.02394127335742029
4,216674_at,-0.02718615365457921
4,216685_s_at,0.008563430421566948
4,216706_x_at,0.038412855783532145
4,216720_at,-0.005939233751166922
4,216740_at,-0.13549924874860986
4,216780_at,0.01781410799454399
4,216786_at,0.14471784256146458
4,216817_s_at,0.0014016082275070097
4,216831_s_at,0.1089275584015291
4,216896_at,-0.033527143348258306
4,216941_s_at,-0.08675951659837239
4,216958_s_at,-0.08583398901324625
4,216995_x_at,-0.07539531651585252
4,217083_at,0.08004740808905629
4,217118_s_at,-0.0713115046043788
4,217126_at,0.016355139788741372
4,217129_at,0.046227178036793444
4,217136_at,-0.061427905516544395
4,217145_at,-0.0586018678230467
4,217160_at,0.028044556407447102
4,217251_x_at,0.01414076551288105
4,217254_s_at,-0.3320869523814163
4,217328_at,-0.049506544190484066
4,217340_at,0.08357600081598957
4,217349_s_at,-0.09647028916754956
4,217352_at,0.1823889342077915
4,217380_s_at,-0.10613387296801155
4,217389_s_at,0.027290234097326158
4,217416_x_at,-0.15942728747970175
4,217422_s_at,0.01006794694869433
4,217426_at,-0.041713620062050774
4,217434_at,-0.05659941025006498
4,217447_at,0.06043973195848763
4,217450_at,0.06636928616782745
4,217458_at,0.06296703693555364
4,217493_x_at,-0.05919519338979711
4,217498_at,0.013121556638726477
4,217504_at,0.047565553144822366
4,217506_at,0.02355768081012523
4,217584_at,-0.020206882630064777
4,217612_at,0.013941320997153676
4,217667_at,0.044047777933314325
4,217696_at,0.07355651833889418
4,217736_s_at,0.021921547577389188
4,217744_s_at,0.251071555306201
4,217781_s_at,-0.017823351299831692
4,217814_at,0.005851807299245795
4,217820_s_at,-0.03137491892987464
4,217858_s_at,0.061898227871441176
4,217911_s_at,-0.002676517565262457
4,217935_s_at,-0.0320061992709178
4,217949_s_at,0.031575160003360234
4,217951_s_at,0.003107778149870328
4,217968_at,-0.0007157906584740158
4,217996_at,0.07428367074620687
4,217997_at,0.012323830339456603
4,217999_s_at,0.09475714772790568
4,218029_at,-0.019728391798708153
4,218034_at,-0.049923226145670366
4,218066_at,-0.11087661963421867
4,218185_s_at,-0.047257629582362994
4,218248_at,0.019839534573383624
4,218273_s_at,-0.0018611175000222621
4,218274_s_at,0.060795746995498154
4,218347_at,0.021336988648353244
4,218350_s_at,0.03058447418439592
4,218362_s_at,0.09396287513755323
4,218373_at,-0.005746337157103661
4,218375_at,-0.024066414441497416
4,218390_s_at,-0.19364572583909073
4,218399_s_at,0.017406494230071817
4,218419_s_at,0.07544991170045448
4,218427_at,0.004211504682427827
4,218435_at,-0.005370550996586208
4,218489_s_at,-0.1273790799580908
4,218501_at,-0.0054557225779623825
4,218511_s_at,-0.016982282558195415
4,218528_s_at,0.0015120643584456564
4,218604_at,-0.012547451961636246
4,218611_at,-0.050438163938257
4,218657_at,0.0026839965654876364
4,218693_at,-0.001162857128304549
4,218708_at,0.024798895842679476
4,218730_s_at,-0.12593228752841773
4,218739_at,0.038685675737688344
4,218761_at,-0.004511907560845614
4,218773_s_at,-0.007380233211130115
4,218833_at,0.016672871776025784
4,218835_at,0.08702996466445335
4,218863_s_at,-0.0947344921081182
4,218902_at,0.10321412984175495
4,218905_at,-0.07596590181416052
4,218953_s_at,-0.009318398271639446
4,218956_s_at,-0.04839525282760619
4,219005_at,0.16305415865522255
4,219045_at,-0.022970817042491137
4,219051_x_at,-0.12642390597456454
4,219095_at,-0.0003706170238433528
4,219185_at,0.01847387448305117
4,219230_at,0.0443734107914867
4,219251_s_at,-0.012216916412695024
4,219276_x_at,0.013135662622066951
4,219284_at,-0.06133168085693888
4,219305_x_at,-0.11236552525944589
4,219369_s_at,0.018943727691183652
4,219443_at,0.2062732886756069
4,219467_at,-0.05080955105173952
4,219499_at,-0.01320142237679765
4,219512_at,0.019586232862674254
4,219529_at,-0.009652070671123614
4,219539_at,-0.07835896843531154
4,219586_at,-0.01799729039300381
4,219615_s_at,0.06527257309862626
4,219638_at,0.020658729885192052
4,219683_at,0.01178988907973094
4,219700_at,0.008879891177034237
4,219719_at,0.10579709592605639
4,219726_at,0.14396799613796366
4,219730_at,-0.19731566394131064
4,219742_at,-0.007876765748472198
4,219744_at,0.010511447813228738
4,219800_s_at,-0.11865669341998399
4,219841_at,-0.0017845092455693705
4,219847_at,-0.024443599687303922
4,219860_at,-0.10781447195196066
4,219915_s_at,0.009539916358531731
4,219951_s_at,-0.015015567494401656
4,219987_at,-0.04206969467901996
4,220077_at,-0.11587052724053908
4,220126_at,0.07146750594472559
4,220131_at,0.003523989734498175
4,220238_s_at,0.03104971353559537
4,220242_x_at,0.0440724708018525
4,220262_s_at,0.03721986994001377
4,220281_at,0.012019099144213997
4,220284_at,-0.06878975656604504
4,220295_x_at,0.0072985492403668225
4,220364_at,-0.039862051170737545
4,220396_at,-0.1643603398977231
4,220400_at,-0.017639916597378492
4,220415_at,0.08326895646202039
4,220457_at,-0.012933636086825549
4,220493_at,0.009872350641929739
4,220495_s_at,-0.06464052506416289
4,220503_at,-0.0865385159895935
4,220507_s_at,-0.05487623377679242
4,220523_at,0.08606799784365196
4,220619_at,-0.09330799366996691
4,220647_s_at,-0.032386936834995605
4,220695_at,0.06404700939198828
4,220750_s_at,-0.015887431669653694
4,220760_x_at,0.012296827079596106
4,220769_s_at,-0.19738192226949655
4,220772_at,0.053172874402179215
4,220793_at,-0.000922047404204551
4,220809_at,-0.04954597968042706
4,220814_at,-0.03911293543229188
4,220820_at,-0.06298796507057598
4,220829_s_at,-0.06749365193047574
4,220830_at,-0.14139336319440712
4,220872_at,0.04504148455972197
4,220884_at,-0.0006205587419018284
4,220896_at,0.0025035792537131847
4,220907_at,0.2009315242598078
4,220935_s_at,0.06389104033696523
4,220955_x_at,0.02268736460583764
4,221037_s_at,0.10809984983072243
4,221046_s_at,0.08236473688120759
4,221068_at,0.0020415914763426825
4,221095_s_at,0.016488779545581173
4,221111_at,-0.011279467294729173
4,221144_at,-0.005338515904398012
4,221186_at,-0.054911171269912545
4,221207_s_at,-0.0749289680491342
4,221225_at,0.09404989637626028
4,221260_s_at,-0.056707528786028326
4,221315_s_at,0.039100285208418926
4,221327_s_at,-0.0485794785609495
4,221363_x_at,0.19481196457745953
4,221383_at,0.11989913060487421
4,221389_at,0.03377377908502455
4,221395_at,0.005600463167696711
4,221396_at,-0.06923029312485396
4,221424_s_at,0.06475180995639114
4,221441_at,0.20578086504344012
4,221452_s_at,0.0649767362320625
4,221524_s_at,0.03965491037901618
4,221566_s_at,-0.001039364903998476
4,221613_s_at,-0.06676920875393066
4,221650_s_at,-0.15987434438221668
4,221679_s_at,-0.07140472910263942
4,221685_s_at,0.0015138001096424013
4,221719_s_at,-0.11158878257111006
4,221736_at,-0.014403021441830755
4,221802_s_at,-0.00043431799733866726
4,221851_at,0.0034630779704067187
4,221907_at,0.016030155361555082
4,221973_at,0.11322022955628602
4,221974_at,-0.01682163275838472
4,222015_at,-0.0036279905102819575
4,222068_s_at,-0.006630534772998854
4,222076_at,-0.07509641472578588
4,222096_x_at,-0.13262057731377458
4,222115_x_at,-0.01562066406735989
4,222133_s_at,-0.03819751745322563
4,222153_at,-0.06960220940568677
4,222177_s_at,-0.10970868237326956
4,222184_at,-0.1617459896581822
4,222210_at,-0.06528982212627732
4,222228_s_at,-0.14041154782929624
4,222234_s_at,-0.09132215606132356
4,222253_s_at,-0.016575845535137475
4,222297_x_at,0.013891650115856065
4,222312_s_at,-0.014285227308866257
4,34868_at,0.05258174457826317
4,39966_at,0.020817121115206
4,47553_at,0.16366778854574363
4,59999_at,-0.039261331523021525
4,64488_at,-0.05062122528488471
4,64900_at,-0.16727405423952219
4,89948_at,-0.3204630399279106
4,AFFX-r2-Bs-lys-3_at,-0.04389541791183341
4,AFFX-r2-Bs-phe-3_at,0.0909991298385519
5,200011_s_at,-0.08617933034345275
5,200043_at,-0.0021568229903964095
5,200092_s_at,-0.028310733925243352
5,200654_at,0.019362396924517945
5,200656_s_at,0.09136690904012094
5,200708_at,-0.03219238726054202
5,200709_at,-0.14414747406057649
5,200723_s_at,0.11304728891763544
5,200844_s_at,-0.05415939741013816
5,200845_s_at,-0.09128346566149004
5,200876_s_at,0.021747049703372236
5,200920_s_at,0.012904660436079112
5,200921_s_at,0.033169642717664344
5,200934_at,0.0064670689976631095
5,200973_s_at,-0.07600356103456188
5,201177_s_at,0.01644613877673829
5,201231_s_at,0.07301305690310189
5,201244_s_at,0.000796930317829736
5,201269_s_at,0.043699906307343855
5,201374_x_at,0.04154046446788353
5,201375_s_at,0.023055245064521557
5,201398_s_at,-0.05922029758505141
5,201451_x_at,0.03289437254103637
5,201519_at,0.056166202331213506
5,201522_x_at,-0.0386209745001816
5,201545_s_at,-5.182978767886721e-05
5,201563_at,-0.08500238480914987
5,201613_s_at,-0.02069149754819265
5,201634_s_at,-0.0032896549747290535
5,201779_s_at,0.167002913646595
5,201780_s_at,0.019899022930594094
5,201787_at,0.08655917895378676
5,201802_at,0.07207790806670844
5,201832_s_at,-0.027723764684976268
5,201899_s_at,-0.029662790963928525
5,201915_at,0.04747519663614978
5,201936_s_at,-0.06644895101885372
5,201949_x_at,-0.03992924960135903
5,202007_at,-0.10917710266248055
5,202031_s_at,0.03165900098396269
5,202127_at,0.005964777257482644
5,202156_s_at,-0.07665083132604922
5,202204_s_at,-0.0028729224739445277
5,202479_s_at,-0.07089708979080885
5,202511_s_at,0.034748727963863704
5,202529_at,0.003918358059151028
5,202583_s_at,0.05239691897786642
5,202652_at,-0.19052117812379835
5,202703_at,-0.001360827086590275
5,202717_s_at,0.010844280899621894
5,202754_at,-0.12293246970857617
5,202864_s_at,0.008328692988950228
5,202882_x_at,0.045471892579439135
5,202891_at,-0.00815483976918086
5,202922_at,-0.11904133537849072
5,202944_at,-0.1575576392841221
5,202956_at,-0.0227104779886287
5,202989_at,0.03251152576446202
5,203001_s_at,-0.14797214556737157
5,203007_x_at,-0.0018417971526403548
5,203038_at,0.0888628087554173
5,203102_s_at,-0.01072299071592198
5,203136_at,-0.0004128097218699486
5,203161_s_at,0.16200277930488788
5,203162_s_at,-0.0736820259534598
5,203170_at,0.05880972332933179
5,203303_at,-0.01031840790662728
5,203314_at,-0.04902656149621258
5,203375_s_at,0.1910158850155918
5,203377_s_at,0.07869586081722543
5,203398_s_at,0.020246174020723026
5,203399_x_at,-0.00815059320890131
5,203456_at,-0.14118977200869895
5,203579_s_at,-0.07847853670620497
5,203611_at,-0.07278000121681827
5,203613_s_at,0.007285188094108714
5,203692_s_at,0.16535565483524992
5,203778_at,-0.07247758189884826
5,203780_at,0.13722542591209066
5,203782_s_at,-0.07938949011004597
5,203860_at,0.05757603909113128
5,203862_s_at,-0.08535672024616094
5,203872_at,-0.04609102599696151
5,203916_at,-0.24938579173908618
5,203930_s_at,-0.02521458664532191
5,204001_at,0.06832016934315312
5,204012_s_at,-0.2018527860715542
5,204096_s_at,-0.21284376506365948
5,204121_at,-0.04560023428754664
5,204141_at,-0.05721365933989142
5,204171_at,0.051153429161032785
5,204351_at,-0.031750645577220175
5,204352_at,-0.05895838575997127
5,204400_at,0.05940981908725381
5,204414_at,-0.029400400598251136
5,204472_at,-0.03531542965155521
5,204516_at,0.04582535129646395
5,204544_at,0.19087317063935733
5,204546_at,-0.029138320278299018
5,204553_x_at,-0.1906138530676178
5,204568_at,-0.1710689646537144
5,204610_s_at,-0.012911343982856425
5,204707_s_at,0.04954763620954634
5,204764_at,0.1675173560836441
5,204775_at,0.14191778036946023
5,204802_at,-0.028058971411159223
5,204830_x_at,-0.031834518206859355
5,204886_at,0.0009036409825630309
5,204901_at,-0.031564996880741034
5,204914_s_at,0.051064828658575256
5,204947_at,0.14317060081020333
5,204958_at,0.09645256957101868
5,204965_at,-0.014264487174839826
5,204998_s_at,-0.013463795612140872
5,205042_at,0.05957700837231625
5,205058_at,0.037613961389246844
5,205082_s_at,-0.012450958848465542
5,205163_at,-0.16245724326221953
5,205193_at,0.02571694364629737
5,205217_at,0.2617315237972985
5,205234_at,-0.030334632323982876
5,205244_s_at,-0.004927179337497578
5,205298_s_at,0.1573336755894963
5,205329_s_at,0.05559848414998621
5,205336_at,-0.035715832221917265
5,205337_at,-0.022064006169887473
5,205347_s_at,0.11358130867910939
5,205379_at,0.08568242162661426
5,205430_at,0.006239520456091257
5,205452_at,-0.003570525376375917
5,205466_s_at,0.02857864240343972
5,205501_at,-0.10916688013310512
5,205537_s_at,0.03154942274064757
5,205602_x_at,0.06311806862331373
5,205646_s_at,0.007979385345475156
5,205683_x_at,-0.0047386204125307325
5,205751_at,-0.1381203982949498
5,205910_s_at,0.014048249555337898
5,205963_s_at,-0.32224198263040826
5,205985_x_at,-0.025886747883219006
5,205992_s_at,-0.10227577615246128
5,206029_at,0.04120033242609717
5,206042_x_at,-0.019815029194386574
5,206065_s_at,0.1538462128217047
5,206075_s_at,-0.19489633345101676
5,206108_s_at,-0.012111367102125032
5,206142_at,0.027040490488438963
5,206154_at,-0.0034135919510246567
5,206189_at,0.10518411876373508
5,206190_at,-0.06179887014032881
5,206194_at,-0.04673459221706659
5,206198_s_at,0.03662441462339242
5,206229_x_at,-0.05079346918855701
5,206265_s_at,0.05106360421765662
5,206312_at,-0.05621218847116157
5,206340_at,0.1533532039948274
5,206367_at,-0.01834097421535659
5,206373_at,0.28281366710014944
5,206395_at,0.04425013380637621
5,206415_at,-0.001969649913755497
5,206422_at,0.0288997882576514
5,206433_s_at,-0.0017767510510387
5,206458_s_at,0.013757667298723873
5,206459_s_at,-0.18566825405396536
5,206466_at,-0.09036543065224621
5,206479_at,0.08593347699321616
5,206487_at,0.1655681640798277
5,206526_at,0.03532895827673271
5,206545_at,-0.006177112079750103
5,206580_s_at,-0.025987768260072014
5,206830_at,-0.02937360356568032
5,206865_at,-0.0012326924337828632
5,206886_x_at,-0.10581798089327035
5,206922_at,0.010713942473934993
5,206952_at,-0.1663506587024762
5,206971_at,-0.10523617166423387
5,206985_at,0.060755901078847166
5,206999_at,0.017595014192591
5,207015_s_at,-0.29033717415751653
5,207039_at,0.10415381562630902
5,207065_at,-0.0025740015423092156
5,207073_at,-0.049954481932522166
5,207134_x_at,-0.08858395629580279
5,207168_s_at,-0.00666288114395381
5,207237_at,-0.014482342055061966
5,207257_at,0.03827669090958076
5,207401_at,0.028190231441260927
5,207437_at,-0.004392575361863293
5,207454_at,0.2782033894884176
5,207456_at,-0.0020667890809798993
5,207481_at,-0.16741189829829248
5,207516_at,0.04133227997783313
5,207531_at,-0.06288344932405733
5,207695_s_at,0.18163525265899275
5,207706_at,0.0676722702463657
5,207707_s_at,0.02760250759774746
5,207803_s_at,0.09667029026230503
5,207826_s_at,-0.011471482988437892
5,207837_at,0.1508290594639726
5,207864_at,-0.060555177926146536
5,207872_s_at,-0.1740188463082806
5,207930_at,-0.03263472779578887
5,208022_s_at,0.21817618570702532
5,208056_s_at,-0.020884613365759613
5,208063_s_at,-0.111691156274497
5,208142_at,-0.025910429710119885
5,208165_s_at,0.01778353367137579
5,208215_x_at,-0.04202365929316015
5,208275_x_at,-0.059181014646026577
5,208288_at,-0.0965255227998666
5,208338_at,0.05223526946930925
5,208346_at,-0.03656837001091384
5,208363_s_at,-0.1438747878464059
5,208375_at,-0.040180752783014785
5,208380_at,0.0845309724644984
5,208495_at,-0.026272379259406266
5,208549_x_at,0.11491492551039234
5,208556_at,-0.05148751734548418
5,208564_at,-0.11081661873386923
5,208586_s_at,0.07802791675435476
5,208640_at,0.021792660457633586
5,208641_s_at,0.12392945353713379
5,208678_at,0.022982819970646527
5,208711_s_at,-0.11694694431725772
5,208731_at,-0.03249897307310229
5,208732_at,-0.05954413800690747
5,208734_x_at,-0.05403689005859215
5,208854_s_at,0.1911762716103705
5,208878_s_at,-0.03261840841656553
5,208921_s_at,-0.07039770331718635
5,208926_at,0.024846315230662375
5,208993_s_at,0.006383524168066541
5,209035_at,0.06565556526929545
5,209050_s_at,0.19197161623432685
5,209051_s_at,0.06939262743574451
5,209060_x_at,0.08850339115182354
5,209070_s_at,-0.015259741608201705
5,209188_x_at,-0.025264886218902795
5,209207_s_at,-0.043979713068883576
5,209338_at,-0.029936619876716485
5,209498_at,0.014054206277145587
5,209507_at,0.0005706890798010579
5,209518_at,-0.028996529632606658
5,209567_at,-0.012900755613396936
5,209597_s_at,-0.07618315396317443
5,209601_at,-0.041438649720180284
5,209612_s_at,-0.06429717550804874
5,209644_x_at,0.13864348345097338
5,209678_s_at,0.07207766969217674
5,209686_at,0.1862752499475168
5,209821_at,-0.01364345370412028
5,209832_s_at,0.03457344385930453
5,209838_at,-0.1034325741470583
5,209841_s_at,-0.004999895692974991
5,209972_s_at,0.060311938992805056
5,209979_at,-0.0024156005933518607
5,209989_at,0.08057769169388909
5,210025_s_at,-0.04802061920324482
5,210084_x_at,-0.22793352425761576
5,210097_s_at,0.07277815611753524
5,210109_at,-0.060043918533628275
5,210118_s_at,0.05987868610302358
5,210173_at,-0.02335953711475901
5,210179_at,0.08062620458292089
5,210203_at,-0.045344532551203486
5,210214_s_at,0.05752381542904728
5,210367_s_at,-0.10768877778979025
5,210389_x_at,0.027548119834089446
5,210392_x_at,-0.06745415342996801
5,210400_at,0.05166666458707026
5,210429_at,0.1114480077930685
5,210454_s_at,-0.09993812803004186
5,210456_at,-0.0038136706043384577
5,210484_s_at,-0.028543665050614384
5,210491_at,-0.004145891629648079
5,210498_at,0.01865259956962
5,210548_at,-0.003832604871051943
5,210588_x_at,0.0002213512415862715
5,210596_at,0.07278181838563744
5,210605_s_at,0.012653888167860824
5,210643_at,-0.006824974995532487
5,210654_at,-0.004772959302119219
5,210661_at,0.23224343601151845
5,210678_s_at,0.13049842040061438
5,210709_at,-0.08499115892515105
5,210745_at,-0.002892442504775817
5,210751_s_at,-0.057309560319201217
5,210771_at,0.10981397831194473
5,210862_s_at,-0.11044171518206095
5,210870_s_at,0.028272892868056634
5,210907_s_at,0.0360512029739764
5,210964_s_at,0.02335141733734939
5,211055_s_at,-0.1271349623118455
5,211083_s_at,0.019464752545263968
5,211103_at,-0.05605969684983105
5,211113_s_at,-0.0006000359103985661
5,211359_s_at,-0.18874933702670418
5,211425_x_at,-0.010573861111281016
5,211466_at,0.009674309066985073
5,211472_at,-0.003954464715007423
5,211490_at,0.010337961552003764
5,211620_x_at,0.20854594118220757
5,211627_x_at,-0.14296361656201861
5,211665_s_at,-0.013087029778195284
5,211728_s_at,-0.02857002226489983
5,211760_s_at,-0.008920381958425868
5,211789_s_at,0.05568432138268129
5,211825_s_at,-0.0648701863724809
5,211837_s_at,-0.026916687772832272
5,211892_s_at,0.12326979821509566
5,211901_s_at,-0.20715966609636716
5,212073_at,-0.040830210136494155
5,212088_at,0.04024184235672034
5,212148_at,-0.0275060258770791
5,212221_x_at,-0.03272976448534918
5,212244_at,-0.021354260633489858
5,212257_s_at,0.02943731776578181
5,212287_at,0.04169056376485693
5,212315_s_at,0.08071614467263967
5,212330_at,0.021326308907117487
5,212350_at,0.016988241008079902
5,212366_at,0.1251686210138393
5,212375_at,-0.01255142832950824
5,212431_at,-0.19545167037777034
5,212479_s_at,-0.013955539791295723
5,212497_at,-0.0020642125236136327
5,212583_at,-0.03423691135962403
5,212584_at,-0.005393054238102489
5,212682_s_at,0.14464897086511402
5,212689_s_at,0.07253028017789352
5,212690_at,-0.04319654192888558
5,212711_at,0.027879264400389348
5,212757_s_at,-0.11500837719466957
5,212818_s_at,0.009753817712064641
5,212837_at,-0.10439937352953806
5,212909_at,-0.012474623008282676
5,213015_at,0.0872153255676416
5,213081_at,-0.018404449286371822
5,213083_at,0.08176413083588117
5,213091_at,-0.11441422647944897
5,213100_at,-0.06534724651829098
5,213148_at,0.18677732137894415
5,213176_s_at,0.026601963905706717
5,213191_at,-0.05125156830084565
5,213233_s_at,0.10192353562442777
5,213253_at,0.009268712676823637
5,213316_at,-0.011224288723834516
5,213339_at,0.07254230238363411
5,213345_at,-0.034085195046358124
5,213407_at,-0.0376909389439805
5,213462_at,-0.042764408419953534
5,213480_at,-0.09874621171964698
5,213546_at,0.03650501262610663
5,213590_at,0.026661720422943073
5,213724_s_at,-0.1034062196662163
5,213734_at,0.07554744928880817
5,213776_at,-0.010014454855000111
5,213803_at,0.04416889443458715
5,213808_at,-0.06100870647195553
5,213810_s_at,0.07934652806619341
5,213832_at,-0.012897642803884883
5,213834_at,-0.026748442858584333
5,213838_at,0.14118764783817966
5,214000_s_at,-0.01743497985721275
5,214071_at,-0.030231414833338598
5,214076_at,-0.12214316460434665
5,214126_at,0.05077752907285939
5,214136_at,-0.09309321899872085
5,214220_s_at,-0.006081332791495872
5,214231_s_at,-0.26659116234267255
5,214237_x_at,-0.04155868659736568
5,214279_s_at,0.002031598631491608
5,214353_at,0.09250158992397418
5,214379_at,-0.008603317949225512
5,214388_at,0.011796654104668649
5,214476_at,0.006960358110399422
5,214488_at,-0.07197439662082526
5,214566_at,0.025264829681715638
5,214638_s_at,0.06344139024686142
5,214644_at,0.0008273730003677601
5,214652_at,0.15254121645733898
5,214683_s_at,0.013142090736891385
5,214826_at,-0.04350141739146216
5,214832_at,-0.29368325284186403
5,214874_at,0.00855930972896058
5,214878_at,-0.0024899209054756455
5,214908_s_at,-0.03303445889882492
5,214960_at,0.2044142941462069
5,215025_at,0.0056124106406044046
5,215074_at,-0.1173952979250689
5,215080_s_at,0.10952610939233798
5,215081_at,-0.025989849676392
5,215099_s_at,0.007409813673075359
5,215120_s_at,0.028598618088679712
5,215172_at,-0.010347465661645685
5,215185_at,-0.03311942692203755
5,215188_at,0.036699875833993735
5,215201_at,0.06694470838219868
5,215233_at,0.18596375878481428
5,215240_at,-0.061416319508686416
5,215242_at,-0.006951333209191206
5,215319_at,0.0625143640219881
5,215339_at,0.10997975030810019
5,215348_at,-0.01090958140657476
5,215441_at,-0.04255570440844071
5,215452_x_at,0.013415209893010469
5,215461_at,0.13856737040601236
5,215481_s_at,-0.015898918925624676
5,215484_at,-0.018972811115183535
5,215569_at,-0.00192949116059251
5,215572_at,0.13510459004918868
5,215574_at,0.09259238666533508
5,215583_at,-0.02712266975046646
5,215598_at,-0.06487191892277921
5,215621_s_at,-0.1150591781250019
5,215695_s_at,0.10173548262701519
5,215705_at,-0.012971288664296286
5,215724_at,0.0019569890303901506
5,215733_x_at,0.030673990746497983
5,215742_at,-0.04934130842073584
5,215746_at,-0.1417188739750681
5,215825_at,-0.18763963889681734
5,215863_at,0.0576416119687279
5,215879_at,0.046828318268338776
5,215900_at,0.030828284334470615
5,215913_s_at,0.0015728857528536776
5,215940_at,0.0687436361619258
5,215943_at,-0.011469451122375036
5,215969_at,-0.07307785279302331
5,215981_at,-0.005064630905016257
5,216014_s_at,-0.0008351153342264553
5,216020_at,0.012769471029481734
5,216078_at,-0.002780715465656357
5,216107_at,-0.0003625734701427437
5,216140_at,0.07606995719128484
5,216167_at,-0.17663132151947689
5,216186_at,0.04929755122818891
5,216241_s_at,-0.06411348499908973
5,216243_s_at,0.006565342299716912
5,216281_at,-0.028262817405556234
5,216284_at,0.03206010509194731
5,216300_x_at,0.041426911945171084
5,216313_at,0.251009621275564
5,216329_at,-0.039170910866381733
5,216353_s_at,0.07913665257728483
5,216370_s_at,0.2485630922217521
5,216489_at,-0.12571624918163987
5,216494_at,-0.006745276289485518
5,216504_s_at,-0.0137632199703326
5,216511_s_at,0.008717236013803604
5,216567_at,0.1470867934896095
5,216569_at,0.055887536649878826
5,216618_at,0.025243237920779184
5,216652_s_at,-0.07251086322619872
5,216679_at,-0.03400860822928861
5,216688_at,0.01421421137744636
5,216703_at,-0.08430396707119689
5,216706_x_at,0.003292002821096067
5,216707_at,0.0007731095720561977
5,216740_at,-0.11893086866418662
5,216763_at,0.01768859712870011
5,216786_at,0.1135516859562796
5,216831_s_at,0.11220549817130325
5,216887_s_at,-0.028943616333266923
5,216896_at,-0.025772527218020987
5,216941_s_at,-0.07056161221834181
5,216995_x_at,-0.09267252053263617
5,217039_x_at,0.09965301050155573
5,217083_at,0.07187599313833232
5,217127_at,0.025268740355648793
5,217129_at,0.05780755230905111
5,217145_at,-0.06420391441004557
5,217160_at,0.11928906690537931
5,217161_x_at,0.01898743560906801
5,217226_s_at,-0.07542952382349992
5,217254_s_at,-0.11623712206795546
5,217328_at,-0.003967989998062662
5,217340_at,0.09639501079297726
5,217349_s_at,-0.13621134847407593
5,217352_at,0.20670750956575365
5,217363_x_at,-0.21336578769620268
5,217380_s_at,-0.041794824261367235
5,217389_s_at,0.02572601314436176
5,217405_x_at,-0.032541048449294126
5,217415_at,0.003942052215967624
5,217416_x_at,-0.15114181946000896
5,217424_at,0.08075310154609523
5,217458_at,0.13716249668900773
5,217506_at,0.09373997134334174
5,217588_at,-0.008773265317027436
5,217609_at,-0.0629789025942059
5,217640_x_at,0.0009985226335834565
5,217667_at,0.13020965826462752
5,217793_at,0.008276890296236685
5,217911_s_at,-0.14415056725391595
5,217924_at,0.0012223932164703091
5,217932_at,0.03603160536227177
5,217952_x_at,0.02666403724448128
5,217968_at,-0.00697590740772043
5,217987_at,0.05030523392073442
5,217996_at,0.07100257777971675
5,217997_at,0.04521745557372768
5,218029_at,-0.015759433036703154
5,218034_at,-0.0035350502698119216
5,218055_s_at,-0.07401103929964924
5,218092_s_at,0.0032263312344314368
5,218099_at,0.028908722163019287
5,218120_s_at,-0.01850476694782586
5,218142_s_at,0.00845499645884978
5,218185_s_at,-0.10715905846054707
5,218234_at,0.01660003638243119
5,218274_s_at,0.031384101445634145
5,218350_s_at,0.022001261719955967
5,218373_at,-0.021571212751015548
5,218375_at,-0.025470455892505375
5,218390_s_at,-0.0561253277045002
5,218399_s_at,0.04265414742511298
5,218419_s_at,0.08938915839372721
5,218420_s_at,0.0011098127622217353
5,218435_at,-0.03652683625730311
5,218439_s_at,-0.0021210895738248766
5,218489_s_at,-0.03531702475091212
5,218511_s_at,-0.037010453560837306
5,218528_s_at,0.1088703859640714
5,218532_s_at,-0.017171289456514825
5,218555_at,0.010929089224285336
5,218623_at,-0.0004254135246010483
5,218626_at,-0.08658376424040408
5,218677_at,-0.0011934208922948497
5,218709_s_at,-0.011028062583155218
5,218713_at,-0.07858057746721184
5,218725_at,-0.01612271940713267
5,218730_s_at,-0.053503988732663925
5,218739_at,0.0916792748981348
5,218761_at,-0.033710834405368324
5,218827_s_at,0.013987251741051428
5,218863_s_at,-0.02207487572744458
5,218902_at,0.19663294052582747
5,218905_at,-0.2756448942377193
5,218949_s_at,0.005574027692528646
5,218953_s_at,-0.040913164309534136
5,218956_s_at,-0.006213489279937455
5,219005_at,0.21051336351948108
5,219051_x_at,-0.062422102026176124
5,219076_s_at,0.05759377087817026
5,219093_at,-0.11177855245707372
5,219095_at,-0.03463710341849088
5,219103_at,-0.048389915906861605
5,219126_at,0.004121892160742678
5,219230_at,0.022704691744876642
5,219257_s_at,0.01998839849980046
5,219284_at,-0.21717720061446955
5,219305_x_at,-0.033532497276806614
5,219408_at,-0.055376178860738645
5,219443_at,0.09056658049333807
5,219508_at,-0.006219945769347515
5,219512_at,0.02516401096014962
5,219539_at,-0.03399474523982492
5,219592_at,-0.01441314946072467
5,219655_at,-0.031113108788888004
5,219719_at,0.09525545387638877
5,219726_at,0.020174344576595275
5,219730_at,-0.20895203833875906
5,219800_s_at,-0.08816527036397552
5,219837_s_at,-0.009396434482192333
5,219841_at,-0.011793325499475002
5,219860_at,-0.03515604369128171
5,219951_s_at,-0.14664554105997873
5,219967_at,0.0136148408739562
5,220041_at,-0.06753058242597179
5,220108_at,-0.029118419080939935
5,220123_at,-0.009460421602554276
5,220125_at,-0.03565695154326204
5,220126_at,0.15641762325238656
5,220184_at,-0.08457171996942284
5,220217_x_at,0.029770215477473813
5,220238_s_at,0.11885972694460756
5,220262_s_at,0.0739382567936421
5,220281_at,0.05158600391789299
5,220285_at,-0.005063743343539444
5,220300_at,-0.1317516984625029
5,220307_at,-0.05011703496986027
5,220333_at,0.014170998669060197
5,220396_at,-0.08004448907069803
5,220457_at,-0.16610523415930026
5,220470_at,-0.12036052962601033
5,220493_at,0.0011209788979023305
5,220495_s_at,-0.02977404956656417
5,220497_at,-0.044898961317577174
5,220503_at,-0.04526911490131716
5,220507_s_at,-0.093773065410589
5,220527_at,0.011566847150428229
5,220638_s_at,-0.05927930277923968
5,220695_at,0.13482642391552646
5,220719_at,-2.863036765195573e-05
5,220769_s_at,-0.23297438882126137
5,220772_at,0.06133642173652927
5,220809_at,-0.01793675775508232
5,220811_at,-0.24423267747412855
5,220814_at,-0.03968194560194997
5,220815_at,0.013405405890642376
5,220820_at,-0.0818681238128016
5,220830_at,-0.10652455294889136
5,220837_at,0.10648470865753007
5,220884_at,-0.09531312730108325
5,220896_at,0.07312537320912565
5,220907_at,0.24652735642646437
5,220926_s_at,-0.005373602539645885
5,220928_s_at,-0.008290599579729642
5,220935_s_at,0.018680276680762244
5,221068_at,0.018693526854083826
5,221144_at,-0.1257094092852529
5,221177_at,0.03946531174278695
5,221186_at,-0.07516461018935394
5,221207_s_at,-0.011047838566734613
5,221234_s_at,-0.0219721531579314
5,221241_s_at,0.023476493504082145
5,221260_s_at,-0.008110837934831513
5,221363_x_at,0.13468682236342905
5,221383_at,0.2230849769129494
5,221384_at,-0.051309414581695176
5,221424_s_at,0.04183652527482988
5,221441_at,0.07005605099270881
5,221452_s_at,0.0019820472833136475
5,221524_s_at,0.06620825041508228
5,221540_x_at,-0.010071950159763268
5,221608_at,-0.03541922762884766
5,221613_s_at,-0.0073638792857697345
5,221650_s_at,-0.19745874279503223
5,221679_s_at,-0.03847014532627882
5,221736_at,-0.009948786597983254
5,221831_at,-0.041867838821311315
5,221973_at,0.056149534770679244
5,221991_at,0.040864287988204684
5,222012_at,-0.0036874225918967045
5,222014_x_at,0.06938884369960592
5,222076_at,-0.09839901309045389
5,222105_s_at,0.0396545434742741
5,222115_x_at,-0.12201620146336958
5,222153_at,-0.033640997252720954
5,222177_s_at,-0.06055789832074725
5,222184_at,-0.21031055928780135
5,222196_at,0.003072647032588593
5,222205_x_at,-0.03634952132985609
5,222210_at,-0.029355345215754197
5,222228_s_at,-0.07052783221198093
5,222256_s_at,-0.008899141738326783
5,222312_s_at,-0.05913238061587328
5,222315_at,-0.027806136743061264
5,222360_at,-0.00543357759490472
5,222367_at,0.09691908308257809
5,222377_at,0.006167985831361903
5,32625_at,-0.0048053395407373425
5,34868_at,0.024297830411437783
5,47553_at,0.04974414437184193
5,64488_at,-0.01103203324944097
5,64900_at,-0.012124925498583634
5,89948_at,-0.1122824528200233
5,AFFX-r2-Bs-lys-3_at,-0.04168090287278996
5,AFFX-r2-Bs-phe-3_at,0.06592790974489908
5,AFFX-r2-Bs-thr-M_s_at,0.028902774135991342
6,200011_s_at,-0.14849049867220743
6,200072_s_at,0.04871288338873559
6,200075_s_at,0.01082363999685583
6,200656_s_at,0.019241375180962708
6,200667_at,-0.0661018434493961
6,200708_at,-0.045269947168184506
6,200737_at,0.006919606857674268
6,200844_s_at,-0.03535380448634307
6,200920_s_at,0.03302867047571515
6,200921_s_at,0.038309122098182005
6,200973_s_at,-0.013171502485194457
6,201078_at,0.026308998398354325
6,201177_s_at,0.024359063141594535
6,201368_at,-0.04607574360277628
6,201398_s_at,-0.07987800285953553
6,201405_s_at,-0.09398739252937559
6,201494_at,-0.004288280496955833
6,201519_at,0.0025139841936775084
6,201563_at,-0.009068566657268191
6,201581_at,0.0590026412531688
6,201634_s_at,-0.03344004972189064
6,201779_s_at,0.10424426736330458
6,201780_s_at,0.0011324001122730936
6,201801_s_at,3.523762204340336e-05
6,201802_at,0.07480323507844132
6,201915_at,0.01777135270054635
6,201936_s_at,-0.17447840113538365
6,202007_at,-0.10956244784034704
6,202027_at,-0.0002586342594827825
6,202047_s_at,-0.06575130988588723
6,202048_s_at,-0.08039265703514847
6,202156_s_at,-0.01467808850615192
6,202279_at,0.011569012590307393
6,202422_s_at,-0.0809123323024421
6,202429_s_at,-0.006655266703834376
6,202487_s_at,0.013928013295230305
6,202529_at,0.0176803449455644
6,202577_s_at,-0.0014690235415243044
6,202583_s_at,0.06502286950887572
6,202652_at,-0.09284813126651839
6,202754_at,-0.0029566561113432937
6,202757_at,0.0196115668247481
6,202782_s_at,0.01924914658174192
6,202846_s_at,-0.011890086810503821
6,202859_x_at,0.0006089478383724846
6,202864_s_at,0.07378266707922874
6,202882_x_at,0.02306024302314885
6,202891_at,-0.017153690321222936
6,202922_at,-0.028745369702167244
6,202944_at,-0.19660296301873895
6,202956_at,-0.033088498951541034
6,202978_s_at,-0.021898325773506224
6,203001_s_at,-0.04646450251485305
6,203025_at,-0.012626049286446157
6,203038_at,0.10774774814444257
6,203072_at,-0.02464099496738163
6,203102_s_at,-0.02458029334188521
6,203170_at,0.07874294143204967
6,203314_at,-0.07779106066639317
6,203375_s_at,0.02999092776994239
6,203377_s_at,0.0017813919533628284
6,203398_s_at,0.055738086574741816
6,203401_at,0.011885428562937578
6,203456_at,-0.17241990806840155
6,203570_at,-0.07950495556342348
6,203579_s_at,-0.09084171776096278
6,203580_s_at,-0.018002360925279095
6,203613_s_at,0.03453005257105969
6,203660_s_at,0.005451445284459044
6,203692_s_at,0.020721440776168866
6,203698_s_at,-0.0010765663298570628
6,203713_s_at,0.01228425708046963
6,203736_s_at,-0.14860492683029117
6,203778_at,-0.13030751174081986
6,203780_at,0.5263152793750566
6,203782_s_at,-0.012998692211283351
6,203815_at,0.02731623784521608
6,203835_at,-0.051951585825095375
6,203860_at,0.019445945661400715
6,203870_at,0.03619111206398742
6,203879_at,-0.013102410287219337
6,203916_at,-0.23574204324501216
6,203926_x_at,-0.00016152785308749112
6,203966_s_at,-0.03840723692036735
6,204001_at,0.15625106198472227
6,204009_s_at,-0.1108817826752907
6,204012_s_at,-0.11402932316244647
6,204096_s_at,-0.25554984744343506
6,204171_at,0.04990133098031633
6,204195_s_at,0.00011824264247172222
6,204201_s_at,-0.0010211200247291635
6,204243_at,0.09695983366259621
6,204246_s_at,0.07593357555823775
6,204345_at,-0.05680901316447603
6,204351_at,-0.011089238726197291
6,204352_at,-0.052539019427399386
6,204472_at,-0.0430077866593435
6,204499_at,-0.04523896848750229
6,204509_at,-0.16168275394350112
6,204544_at,0.053822566941153546
6,204546_at,-0.0024614838429370786
6,204568_at,-0.19624150302980306
6,204605_at,-0.0022741442938357115
6,204669_s_at,-0.0032130824122989605
6,204679_at,0.01023836860530205
6,204707_s_at,0.019400724864952704
6,204736_s_at,-0.026606058705553742
6,204748_at,0.013110118263181179
6,204758_s_at,-0.003627633751723679
6,204764_at,0.21068756168046882
6,204775_at,0.02070995930362905
6,204802_at,-0.09506904741981989
6,204825_at,0.007272443889271113
6,204945_at,0.016037339768942727
6,204947_at,0.03951426868668271
6,204958_at,0.06391503138336632
6,204989_s_at,0.00046417487709144584
6,204990_s_at,0.040402207618857516
6,205008_s_at,0.007391600128855289
6,205042_at,0.015516436878224068
6,205079_s_at,0.026533007536955394
6,205082_s_at,-0.06422965409344093
6,205090_s_at,-0.027083018268670274
6,205132_at,-0.010913795581903477
6,205152_at,0.01865262369396555
6,205163_at,-0.21170025372567683
6,205193_at,0.07094749267662402
6,205217_at,0.26849931669877053
6,205229_s_at,0.012463831615887055
6,205244_s_at,-0.006886071565283312
6,205245_at,0.01986091086826337
6,205298_s_at,0.08466567050549165
6,205301_s_at,0.0600515078875183
6,205305_at,-0.0019081091446174776
6,205329_s_at,0.00856533646673932
6,205347_s_at,0.18904742485269682
6,205368_at,0.054430814942412205
6,205379_at,0.05706739959963747
6,205400_at,0.009546023878511029
6,205424_at,-0.15136904950664182
6,205466_s_at,0.07888014120741482
6,205501_at,-0.15441766261424075
6,205537_s_at,0.009519526013355022
6,205538_at,-7.445232827729353e-05
6,205555_s_at,-0.009711509473534406
6,205602_x_at,0.033459143882627065
6,205635_at,-0.03999882674295124
6,205646_s_at,0.06701040646653186
6,205665_at,-0.07136985509582201
6,205683_x_at,-0.023645142484858907
6,205690_s_at,-0.011049578396143962
6,205751_at,-0.07949418705356251
6,205766_at,0.05088887108375231
6,205810_s_at,-0.04991668565715904
6,205833_s_at,0.03327873967115031
6,205867_at,0.046383531009581376
6,205869_at,-0.01923565213984963
6,205878_at,-0.05581273261613949
6,205895_s_at,-0.007316088470246082
6,205910_s_at,0.06926425612218044
6,205963_s_at,-0.21392923030209138
6,205992_s_at,-0.008292442796376547
6,206060_s_at,-0.01738879901264906
6,206075_s_at,-0.014714515153469375
6,206108_s_at,-0.04534585471176248
6,206142_at,0.1413566883289011
6,206173_x_at,-0.009211837263537578
6,206189_at,0.1632665861413816
6,206194_at,-0.038921405111597994
6,206198_s_at,0.005499636291207531
6,206229_x_at,-0.045675078885410704
6,206239_s_at,0.1299913837261021
6,206245_s_at,0.001975250403368635
6,206278_at,0.13038110567958974
6,206279_at,0.07160669661962005
6,206306_at,-0.0536081167927645
6,206312_at,-0.04070689149480497
6,206340_at,0.01250307472449143
6,206367_at,-0.03605084625186411
6,206373_at,0.21139445722742034
6,206393_at,0.008559971532503092
6,206410_at,-0.053609800784322585
6,206415_at,-0.07971422538702602
6,206444_at,-0.002744442015562709
6,206447_at,0.03358544481081681
6,206458_s_at,0.027080112602056356
6,206459_s_at,-0.18092682560823478
6,206462_s_at,0.023263776681658542
6,206466_at,-0.05882422573666699
6,206487_at,0.02507180240667877
6,206526_at,0.00010739560100204992
6,206566_at,-0.0675886295218798
6,206580_s_at,-0.06509380289014773
6,206603_at,0.008029966761664552
6,206627_s_at,-0.020579533081878654
6,206634_at,0.02606279288876967
6,206664_at,-0.047348643933149165
6,206694_at,0.07116637790338104
6,206749_at,-0.00577586535187587
6,206809_s_at,-0.009241507122438174
6,206825_at,0.027360049766893407
6,206865_at,-0.012113977272779755
6,206918_s_at,-0.010294558165705271
6,206952_at,-0.15136072545081264
6,206985_at,0.05851341752413652
6,207015_s_at,-0.19826242379276032
6,207022_s_at,0.009833620947813822
6,207039_at,0.029708659951046705
6,207060_at,-0.0005576935594892585
6,207065_at,-0.03846315266005768
6,207067_s_at,-0.013984761936697681
6,207073_at,-0.018271945451501126
6,207218_at,0.01308267720220169
6,207237_at,-0.1077592489440431
6,207240_s_at,-0.019884052484252995
6,207252_at,0.0949103061826031
6,207379_at,-0.030782473623397113
6,207381_at,-0.008347783940155262
6,207385_at,0.032249087529804245
6,207433_at,0.05005563655221351
6,207437_at,-0.034680933597920745
6,207454_at,0.08526456146409278
6,207456_at,-0.007506900105323211
6,207462_at,-0.027756517859180384
6,207481_at,-0.17465312768293392
6,207516_at,0.0906924424816606
6,207587_at,-0.00967187030662104
6,207593_at,0.04977206603019728
6,207611_at,-0.031041121625015163
6,207631_at,-0.017229724816202212
6,207692_s_at,0.024278368057129067
6,207695_s_at,0.09968765566955089
6,207696_at,0.06515880036077573
6,207706_at,0.11361640448086495
6,207707_s_at,0.13705244446090922
6,207709_at,0.0029289742420589363
6,207715_at,0.028753890011398064
6,207754_at,0.030217784698509626
6,207757_at,-0.14290244621953224
6,207803_s_at,0.11993927253250686
6,207843_x_at,-0.04101369805280287
6,207864_at,-0.02108578463644741
6,207872_s_at,-0.0003232887039861107
6,207899_at,0.03581379166207519
6,207906_at,-0.0015629921708574315
6,207930_at,-0.02480361464644419
6,208022_s_at,0.09615295248901079
6,208030_s_at,-0.010029954661726613
6,208055_s_at,-0.03444345862259812
6,208056_s_at,-0.02029797589865966
6,208058_s_at,-0.006218994161818483
6,208063_s_at,-0.16199752865666087
6,208107_s_at,0.03831733213784112
6,208165_s_at,0.06865628346693416
6,208215_x_at,-0.013417016003311305
6,208257_x_at,0.04181435117000876
6,208275_x_at,-0.06586486748212603
6,208288_at,-0.23503036240864278
6,208346_at,-0.02600862253048708
6,208363_s_at,-0.041675257438947025
6,208375_at,-0.09067690681651458
6,208386_x_at,-0.001731332144269814
6,208402_at,-0.002981435379495607
6,208481_at,0.04527875563969042
6,208504_x_at,0.009648531401408401
6,208526_at,-0.08180555819029466
6,208549_x_at,0.17485999626931156
6,208556_at,-0.1388350080034822
6,208564_at,-0.11735541271941399
6,208566_at,0.06891508448203387
6,208586_s_at,0.0044305247050058765
6,208640_at,0.046732689410557526
6,208641_s_at,0.15094169849880779
6,208651_x_at,0.024803989405595653
6,208678_at,0.05198848398341096
6,208711_s_at,-0.005798791709674658
6,208731_at,-0.1438890264106536
6,208732_at,-0.08079609349026502
6,208798_x_at,-0.010425958942411145
6,208817_at,0.0458118024241091
6,208818_s_at,0.10128384852963807
6,208854_s_at,0.2686518661349272
6,208855_s_at,0.024824591839650887
6,208878_s_at,-0.05085380762994861
6,208888_s_at,0.07024204348897577
6,208909_at,0.027244092946698377
6,208921_s_at,-0.11059469163776979
6,208926_at,0.05071197981804425
6,208945_s_at,-0.0027027985834004436
6,208970_s_at,-0.03427919299605631
6,208993_s_at,0.019795320211400097
6,209023_s_at,0.010198573570688103
6,209035_at,0.06641430749753079
6,209050_s_at,0.22728769516830824
6,209051_s_at,0.1243639364363034
6,209070_s_at,-0.008812956650630819
6,209122_at,0.09346885170881622
6,209129_at,-0.004591278902692059
6,209189_at,0.008108354895227826
6,209338_at,-0.04705737141108828
6,209366_x_at,-0.016212450157725905
6,209452_s_at,-0.004975938426011384
6,209498_at,0.058795054056754975
6,209507_at,0.009136392016288079
6,209517_s_at,-0.014755763953214979
6,209550_at,-0.024707923248049206
6,209575_at,0.0006142036291049719
6,209597_s_at,-0.037477569198337855
6,209612_s_at,-0.01487323125652305
6,209621_s_at,0.06523370273231655
6,209635_at,-0.003104308004302031
6,209644_x_at,0.016489927498628362
6,209686_at,0.03272611284675537
6,209687_at,-0.0033107076744096856
6,209697_at,-0.0058749528524598875
6,209785_s_at,-0.05554579703552952
6,209818_s_at,-0.015728218699139488
6,209821_at,-0.0005531589675483572
6,209832_s_at,0.042709260734412426
6,209860_s_at,-0.03347856909353053
6,209946_at,-0.03625751208132581
6,209972_s_at,0.03458446690028007
6,210016_at,0.07484268102977372
6,210037_s_at,0.044298552453423116
6,210040_at,-0.0419168760381045
6,210045_at,0.05929070595636699
6,210073_at,-0.021099654674334153
6,210078_s_at,0.055166209414465005
6,210084_x_at,-0.12187424153503013
6,210097_s_at,0.02756335390405603
6,210118_s_at,0.1619566554212145
6,210123_s_at,-0.02464337424395884
6,210128_s_at,0.0819432800713938
6,210161_at,-0.10783333416151049
6,210170_at,0.04670767655474134
6,210173_at,-0.04907007183603526
6,210223_s_at,-0.12139896270961861
6,210298_x_at,-0.08146452612263003
6,210367_s_at,-0.16226607015601413
6,210389_x_at,0.10079092165486911
6,210394_x_at,-0.11175396403876245
6,210400_at,0.02288847494890041
6,210429_at,0.07523686536633899
6,210432_s_at,-0.038109748190653533
6,210454_s_at,-0.09162182760817988
6,210456_at,-0.02602077819992684
6,210484_s_at,-0.012094508381856276
6,210498_at,0.07579227681638014
6,210550_s_at,-0.07253472444977596
6,210567_s_at,-0.004665468640757616
6,210604_at,-0.008841921379349723
6,210639_s_at,0.0012648618608416928
6,210654_at,-0.03238320636434434
6,210661_at,0.012197973088155886
6,210664_s_at,-0.07676201801353331
6,210669_at,-0.061600573055006505
6,210678_s_at,0.004531013115350096
6,210697_at,0.05167128458135211
6,210701_at,-0.008780889709025063
6,210709_at,-0.07769527593974494
6,210745_at,-0.0970256271071074
6,210771_at,0.11636946717671869
6,210780_at,0.0013300520745026894
6,210788_s_at,-0.021227751625719576
6,210862_s_at,-0.01631398794097063
6,210870_s_at,0.02861479946584912
6,210889_s_at,-0.021988436707596332
6,210948_s_at,-0.024312496203347144
6,210996_s_at,0.003684639567273813
6,211029_x_at,0.023871459473472606
6,211055_s_at,-0.06353451677677766
6,211071_s_at,-0.08389790341585501
6,211088_s_at,0.003146247322232217
6,211159_s_at,0.04070485443426818
6,211276_at,0.09882364996558846
6,211312_s_at,-0.11207856428314945
6,211359_s_at,-0.07530587821528757
6,211425_x_at,-0.0027628894120964704
6,211459_at,0.036704248297452016
6,211490_at,0.011204710213646002
6,211536_x_at,0.013666059217936372
6,211613_s_at,0.003137170134627752
6,211620_x_at,0.3195471317742363
6,211638_at,-0.08277968179861121
6,211647_x_at,-0.0049175705079678575
6,211665_s_at,-0.03821575235890305
6,211789_s_at,0.051981590912916625
6,211869_at,0.005372045708075767
6,211883_x_at,0.032983595713383045
6,211892_s_at,0.021778587585156235
6,211901_s_at,-0.06877803453809882
6,211919_s_at,0.01895625606691874
6,211920_at,-0.018643836833864755
6,211924_s_at,0.05099369425019708
6,211990_at,0.19347157568218365
6,212102_s_at,-0.011885415421894823
6,212199_at,-0.011866759023462783
6,212244_at,-0.04219994734815654
6,212257_s_at,0.15300347145253346
6,212286_at,0.10827696087273712
6,212315_s_at,0.02674230721285975
6,212330_at,0.10322569882015926
6,212358_at,-0.06385186353610045
6,212366_at,0.015728848106149832
6,212375_at,-0.13102518961655885
6,212431_at,-0.4021672420151351
6,212466_at,0.04130891771293512
6,212500_at,-0.00013525005678589042
6,212544_at,0.04099514370287331
6,212583_at,-0.03159193046569163
6,212584_at,-0.15936318793834647
6,212628_at,-0.061956015961097906
6,212682_s_at,0.060599068722506186
6,212690_at,-0.007693016370915717
6,212757_s_at,-0.08052841088708373
6,212799_at,-0.07244478582306738
6,212883_at,0.11226471075718808
6,212912_at,0.02361705986209568
6,212971_at,-0.023910983748342215
6,213005_s_at,0.0019552392319854895
6,213030_s_at,-0.029279324701557044
6,213074_at,0.017680023635523984
6,213081_at,-0.039907967685444544
6,213083_at,0.004423977961460367
6,213091_at,-0.2084992245035469
6,213110_s_at,-0.003530028858497073
6,213148_at,0.11549290472393167
6,213177_at,0.057447685811094155
6,213191_at,-0.11145445760173665
6,213202_at,-0.056496411628409335
6,213233_s_at,0.13668429818348193
6,213253_at,0.013994891197609136
6,213316_at,-0.011202696335402327
6,213339_at,0.02843425650810745
6,213345_at,-0.015188897484782611
6,213369_at,-0.11051525895052267
6,213398_s_at,-0.02031268078036569
6,213448_at,0.06166640293219518
6,213480_at,-0.011262538698118952
6,213516_at,0.0333779093796521
6,213620_s_at,-0.13264406361121703
6,213641_at,0.028863963227325727
6,213655_at,0.008652236115856044
6,213769_at,-0.03225778435980046
6,213776_at,-0.0442692542841812
6,213810_s_at,0.007511127476293088
6,213834_at,-0.13798134981898552
6,213838_at,0.1473087081163009
6,213996_at,0.03078687542694026
6,214003_x_at,-0.042771237035360225
6,214010_s_at,-0.025454359225889067
6,214071_at,-0.05638541474215712
6,214076_at,-0.0657614387767552
6,214126_at,0.051431626465946706
6,214160_at,0.11830843014913994
6,214231_s_at,-0.19651548756586662
6,214279_s_at,0.09186659576131359
6,214353_at,0.07223924214987651
6,214379_at,-0.03129476868056437
6,214400_at,-0.21816064864528809
6,214488_at,-0.02048375748122715
6,214517_at,-0.01061327254551097
6,214633_at,0.02271098938628497
6,214637_at,0.05318528680568224
6,214638_s_at,0.08616030648325297
6,214652_at,0.059413644845643106
6,214723_x_at,0.07659469494240329
6,214776_x_at,0.11586996884101089
6,214832_at,-0.1354772175704719
6,214840_at,-0.003931833943231847
6,214864_s_at,0.13356689260928817
6,214874_at,0.027326117940707807
6,214908_s_at,-0.051803173129766136
6,214914_at,0.019066440162786764
6,214960_at,0.23830246881557263
6,214973_x_at,-0.007029691346508209
6,214982_at,0.022755749102490508
6,215080_s_at,0.11805769051477244
6,215099_s_at,0.04189011681768933
6,215201_at,0.08990241083263087
6,215216_at,0.11841588953182038
6,215233_at,0.2543454267736962
6,215242_at,-0.03633261893018797
6,215265_at,0.08080123446919031
6,215309_at,0.07163084587852221
6,215326_at,0.009839875661658913
6,215339_at,0.00039859297996362253
6,215348_at,-0.12298476894654672
6,215365_at,0.01733845806021922
6,215403_at,0.020067012236064864
6,215439_x_at,0.012365158318035224
6,215441_at,-0.0007040938064920973
6,215442_s_at,0.003307389323692034
6,215461_at,0.11114510070004505
6,215481_s_at,-0.0011949220697407672
6,215491_at,0.0005239921755610101
6,215495_s_at,-0.03116986681204681
6,215515_at,0.03786059153715419
6,215572_at,0.13315549879247018
6,215574_at,0.17246016599941477
6,215593_at,-0.09558926543183346
6,215598_at,-0.044821333411159625
6,215621_s_at,-0.04122857150407642
6,215652_at,-0.004978826735167337
6,215663_at,-0.12086232971137015
6,215670_s_at,0.01317627161425233
6,215674_at,-0.010167186827202187
6,215705_at,-0.028250596586065994
6,215724_at,0.05830389323465465
6,215746_at,-0.07801665894436004
6,215815_at,-0.1391390009609248
6,215818_at,-0.09718089515853041
6,215825_at,-0.12053832743596969
6,215846_at,-0.051745270350940835
6,215863_at,0.013427953150773747
6,215900_at,0.16039820933375193
6,215943_at,-0.05155528290596802
6,215948_x_at,-0.06372202270571241
6,216004_s_at,-0.03963104690365189
6,216014_s_at,-0.04326967594534762
6,216133_at,-0.00014208631631442364
6,216143_at,-0.01520194007793208
6,216148_at,-0.04992918198718902
6,216167_at,-0.11802541569608481
6,216186_at,0.034947387782383994
6,216214_at,-0.019491983662411796
6,216241_s_at,-0.013086172047824161
6,216243_s_at,0.11459050928205766
6,216274_s_at,0.006212696965719169
6,216281_at,-0.18092306282080983
6,216284_at,0.00866033324256845
6,216313_at,0.15234744320487054
6,216318_at,0.08242656330953799
6,216319_at,-0.018220267589143645
6,216329_at,-0.008471893900464413
6,216353_s_at,0.10720553060997454
6,216358_at,0.0007294924706073057
6,216370_s_at,0.13773649427455475
6,216394_x_at,-0.005946394719514338
6,216425_at,0.0872331937526156
6,216489_at,-0.01354312328746509
6,216527_at,0.02376362721928109
6,216567_at,0.18019270104409132
6,216588_at,0.003998985044872688
6,216618_at,0.04129903418342524
6,216651_s_at,0.025711654449744405
6,216664_at,-0.1193607909559656
6,216672_s_at,-0.009663777064990492
6,216720_at,-0.016849397178287158
6,216763_at,0.026970277793315275
6,216770_at,-0.016901333871779597
6,216780_at,0.0032042075571274563
6,216786_at,0.19659906339056424
6,216831_s_at,0.10674336325609303
6,216930_at,-0.011203023740437083
6,216941_s_at,-0.0054688681751411325
6,216995_x_at,-0.14461833713988498
6,217039_x_at,0.06323581821772878
6,217083_at,0.04972271431536975
6,217094_s_at,-0.018917993016613194
6,217121_at,-0.03202181900142711
6,217126_at,0.0717783594431489
6,217129_at,0.0193457109408981
6,217145_at,-0.04485221671513989
6,217160_at,0.12779613866672135
6,217175_at,-0.030805408090322783
6,217195_at,-0.032472596686547395
6,217226_s_at,-0.05982511802117145
6,217254_s_at,-0.0930857655275169
6,217328_at,-0.0905294039198216
6,217338_at,0.04156776506561777
6,217340_at,0.1208604497790665
6,217349_s_at,-0.04213572654130957
6,217352_at,0.17711796015315712
6,217363_x_at,-0.027507970917101415
6,217373_x_at,-0.013658772926574182
6,217380_s_at,-0.10297736375231738
6,217405_x_at,-0.06487634442487314
6,217416_x_at,-0.11028304176244184
6,217447_at,0.1236872311132173
6,217489_s_at,-0.0040775951507468254
6,217498_at,0.08280261860503119
6,217506_at,0.03403496490688571
6,217512_at,0.0006364322759121964
6,217524_x_at,0.1138015757434849
6,217609_at,-0.02460613174460316
6,217613_at,-0.01135748775699963
6,217623_at,0.01419441136389036
6,217656_at,0.0026763157241609017
6,217658_at,0.004215796527251012
6,217667_at,0.01791733571986419
6,217695_x_at,-0.055706492806846745
6,217736_s_at,0.030961322816646687
6,217814_at,0.013693905001794614
6,217820_s_at,-0.005288420734455243
6,217837_s_at,-0.043142832352596076
6,217911_s_at,-0.04803346148926759
6,217932_at,0.006123572892228832
6,217949_s_at,0.009770462452654064
6,217952_x_at,0.010538567055280198
6,217968_at,-0.030397304580047788
6,217981_s_at,-0.009162626836268659
6,217996_at,0.020445588932242017
6,218014_at,0.0011180596543099292
6,218029_at,-0.024473272876855776
6,218034_at,-0.040664362767519696
6,218055_s_at,-0.014709058010654717
6,218065_s_at,-0.012705458627545529
6,218120_s_at,-0.09176873552782938
6,218240_at,0.07978106266744703
6,218248_at,0.0017342859199653664
6,218274_s_at,0.07087189398280216
6,218337_at,0.015946629723658547
6,218350_s_at,0.0024189123285195107
6,218390_s_at,-0.12939723674251286
6,218399_s_at,0.025473545835091933
6,218419_s_at,0.13756554746652283
6,218446_s_at,-0.07663240670955702
6,218456_at,-0.026252120551854597
6,218489_s_at,-0.03417281820735139
6,218503_at,0.0014063914216842814
6,218511_s_at,-0.11389480802351346
6,218528_s_at,0.016816013933520387
6,218532_s_at,-0.007039329428667406
6,218544_s_at,0.003265970515190388
6,218555_at,0.041003287265963174
6,218623_at,-0.0077915338109604375
6,218651_s_at,-0.1695558207411131
6,218739_at,0.08296036768926122
6,218761_at,-0.023191504581894614
6,218835_at,0.009099932759729425
6,218863_s_at,-0.07948404257881714
6,218882_s_at,-0.012490382338076346
6,218902_at,0.0419736922902288
6,218905_at,-0.1071595459610722
6,218906_x_at,-0.030134047821171822
6,218937_at,-0.08553470870252236
6,218953_s_at,-0.0717173771581446
6,218956_s_at,-0.13221981640479294
6,219005_at,0.17501167346228608
6,219045_at,-0.044946314021408765
6,219046_s_at,-0.06022937273553114
6,219051_x_at,-0.08702042370427106
6,219071_x_at,-0.09459805191179074
6,219076_s_at,0.007043976419964994
6,219116_s_at,0.008903185571442157
6,219126_at,0.06373046193799921
6,219185_at,0.10410453107304435
6,219215_s_at,-0.03726436453275679
6,219229_at,-0.01439287395627548
6,219230_at,0.07415155862479696
6,219255_x_at,0.011518288450073251
6,219276_x_at,0.042922096559618234
6,219284_at,-0.13209416834499485
6,219305_x_at,-0.09846736871706832
6,219369_s_at,0.006861260020133651
6,219408_at,-0.14984948454538652
6,219471_at,-0.01617427406316009
6,219512_at,0.11234681467544755
6,219527_at,-0.13009584533440022
6,219539_at,-0.14584280470812927
6,219621_at,-0.04493419836723102
6,219638_at,0.0019075620143710684
6,219719_at,0.15082049792641586
6,219726_at,0.040473105665765445
6,219730_at,-0.1553099482344389
6,219797_at,0.042332019405118104
6,219800_s_at,-0.014400147749389148
6,219805_at,-0.0043630202990091495
6,219841_at,-0.059699959023541846
6,219847_at,-0.03046767836833794
6,219860_at,-0.02827678496390217
6,219882_at,0.04110512065960096
6,219955_at,-0.09076466197373464
6,219987_at,-0.0026322696487869786
6,220077_at,-0.08640612901917932
6,220095_at,0.04556977241715211
6,220108_at,-0.01183348343114388
6,220123_at,-0.010274610980973726
6,220129_at,-0.009606461186650482
6,220140_s_at,-0.0379107679901354
6,220184_at,-0.08079654209652196
6,220221_at,-0.05405589444796943
6,220237_at,0.05010128477959282
6,220242_x_at,0.006728168412918973
6,220247_at,-0.11664754381374147
6,220266_s_at,-0.010549221379138024
6,220281_at,0.08944907556978128
6,220285_at,-0.024605806921826342
6,220295_x_at,0.020106921545430916
6,220300_at,-0.11515126117311376
6,220307_at,-0.019038797596080924
6,220333_at,0.03644963232848189
6,220382_s_at,-0.013491868127788326
6,220396_at,-0.16073604733931668
6,220461_at,-0.010432178254925093
6,220503_at,-0.012469969799149983
6,220507_s_at,-0.1250100973001387
6,220516_at,0.0052932566751631716
6,220527_at,0.04219209899186945
6,220553_s_at,-0.006368448748598994
6,220638_s_at,-0.03701810795825562
6,220695_at,0.006955424688042201
6,220697_at,0.007108229380294918
6,220714_at,-5.908584342327952e-05
6,220760_x_at,0.008454973041794918
6,220766_at,-0.013793473647038375
6,220769_s_at,-0.1459003467195264
6,220772_at,0.05746150135976489
6,220809_at,-0.05703168794993382
6,220811_at,-0.011106724467058338
6,220820_at,-0.1554164985190377
6,220837_at,0.04701283788660329
6,220872_at,0.004536321064655624
6,220884_at,-0.010623025410125579
6,220896_at,0.018337118146805727
6,220907_at,0.23222948813675004
6,220926_s_at,-0.03760513073612072
6,220933_s_at,-0.010277133910900203
6,221031_s_at,-0.04880565332754041
6,221046_s_at,0.02122464615521759
6,221059_s_at,-0.0036142781300251463
6,221068_at,0.04558913246866549
6,221111_at,-0.01810544211055698
6,221144_at,-0.0032578706438008594
6,221186_at,-0.15218691598225856
6,221201_s_at,0.016658582641633224
6,221207_s_at,-0.07847962854415332
6,221225_at,0.0006380448350814102
6,221260_s_at,-0.028611764762734953
6,221264_s_at,0.05369277369519555
6,221276_s_at,-0.03699854310666192
6,221326_s_at,0.09363271973647454
6,221363_x_at,0.3085536196531556
6,221383_at,0.1358455116051536
6,221389_at,0.021755262888146585
6,221410_x_at,0.0020461882969534436
6,221424_s_at,0.15040382796852797
6,221439_at,-0.02160903182986456
6,221622_s_at,-0.15872473957594957
6,221650_s_at,-0.1682228163975879
6,221679_s_at,-0.0727137499109361
6,221703_at,0.06461668364398455
6,221723_s_at,0.0066419944874277995
6,221736_at,-0.04553177212313467
6,221828_s_at,0.050240880700955615
6,221973_at,0.10440757505652122
6,221991_at,0.00875005534742252
6,222012_at,-0.00590423890791331
6,222025_s_at,-0.035486085741366254
6,222184_at,-0.07949293019882957
6,222196_at,0.020743992328059718
6,222210_at,-0.061455218546407016
6,222228_s_at,-0.13676894073275317
6,222242_s_at,0.03166795437280294
6,222256_s_at,-0.008829846343667715
6,222272_x_at,0.03923897259277128
6,222286_at,0.04130442026271577
6,222287_at,-0.0009614868039155358
6,222312_s_at,-0.0750609614682114
6,222360_at,-0.02639974970579726
6,222375_at,0.039346331805388234
6,222384_at,-0.023062743478279864
6,33304_at,0.020269439993345684
6,34225_at,-0.034109117992598414
6,34868_at,0.1268663476542252
6,36711_at,0.03624348686528937
6,36936_at,-0.01935062706261251
6,37226_at,-0.023995970760244303
6,39966_at,0.05712703548892223
6,47553_at,0.13657807160777696
6,56821_at,-0.02858470546106867
6,64488_at,-0.04887986251863837
6,64900_at,-0.05448224297087033
6,89948_at,-0.07633581595107523
6,AFFX-r2-Bs-lys-3_at,-0.0736369893366372
6,AFFX-r2-Bs-phe-3_at,0.12987776422221398
7,200011_s_at,-0.13378466504342182
7,200656_s_at,0.04127293480887194
7,200708_at,-0.056605001506929334
7,200709_at,-0.08727987116525557
7,200737_at,0.03974796345162672
7,200750_s_at,0.0822324210831752
7,200876_s_at,0.13710660202823022
7,200881_s_at,0.003655721436267808
7,200920_s_at,0.004931572316813725
7,200927_s_at,0.020517935406605594
7,200934_at,0.0115482408717353
7,200973_s_at,-0.05516066529997498
7,201078_at,0.08555039739591402
7,201177_s_at,0.07376949794104738
7,201244_s_at,0.005778628140948434
7,201345_s_at,-0.00951029984676334
7,201374_x_at,0.07811884588572858
7,201581_at,0.032590880469470056
7,201592_at,-0.034888385911796806
7,201613_s_at,-0.0013078192873833185
7,201663_s_at,0.017360404825961302
7,201687_s_at,0.020156909830273222
7,201779_s_at,0.20743038357841723
7,201802_at,0.023976949502393118
7,201915_at,0.09615428336535085
7,201923_at,0.00013824207338585583
7,201936_s_at,-0.06997826676822666
7,201988_s_at,-0.010125978583906287
7,202070_s_at,-0.0036718809703225577
7,202156_s_at,-0.08065640872582353
7,202204_s_at,-0.018734837199399956
7,202252_at,-0.008164577022589681
7,202300_at,-0.019822323129728262
7,202359_s_at,-0.01183756201635936
7,202379_s_at,0.0023604969135412415
7,202481_at,-0.026216365441096966
7,202583_s_at,0.04320599293645281
7,202696_at,0.10571464012411702
7,202754_at,-0.013453961161173714
7,202864_s_at,0.1670288015614407
7,202882_x_at,0.03188472185155142
7,202891_at,-0.006592587176783822
7,202944_at,-0.17446284352597724
7,202956_at,-0.0741938321683782
7,202989_at,0.004584467261511824
7,203001_s_at,-0.05211622010639771
7,203004_s_at,-0.030794408584392464
7,203038_at,0.030810155356381364
7,203170_at,0.05503267228191797
7,203314_at,-0.014444496445074409
7,203375_s_at,0.17048667951036853
7,203398_s_at,0.17065792137626812
7,203456_at,-0.18633353728176236
7,203538_at,-0.02855508025708732
7,203611_at,-0.05356943536445952
7,203613_s_at,0.005979197775329177
7,203649_s_at,0.0025335455598521975
7,203692_s_at,0.16236251296848353
7,203698_s_at,-0.017501632002559813
7,203736_s_at,-0.020594489782694504
7,203750_s_at,0.00665539944273328
7,203778_at,-0.11149338888949213
7,203780_at,0.033318663772148746
7,203792_x_at,-0.02965825359545022
7,203815_at,0.021377413279124277
7,203862_s_at,-0.09486836029869075
7,203872_at,-0.0076035002173557575
7,203916_at,-0.1613891956942848
7,203955_at,0.0019992921153879992
7,204001_at,0.16947678643721056
7,204009_s_at,-0.059097062502749154
7,204012_s_at,-0.24010878314174938
7,204096_s_at,-0.12298845441016183
7,204188_s_at,-0.009060577932638165
7,204351_at,-0.049357067123957946
7,204400_at,0.0028324835387512556
7,204499_at,-0.0389256059038069
7,204523_at,0.036792276079231724
7,204544_at,0.0621685354588926
7,204546_at,-0.01491503004808457
7,204553_x_at,-0.022668348201227588
7,204568_at,-0.2962796345998186
7,204610_s_at,-0.006690112577237953
7,204706_at,0.00358946990800073
7,204750_s_at,0.008709886462867552
7,204764_at,0.10280624782309442
7,204771_s_at,0.01436022822513825
7,204775_at,0.08347973911211495
7,204802_at,-0.029123103862418134
7,204825_at,0.005040774397018086
7,204958_at,0.04193123192954488
7,204965_at,-0.00617724957321907
7,204973_at,-0.008155485822988064
7,204998_s_at,-0.0029255727160254416
7,205006_s_at,-0.01170586862764066
7,205035_at,0.0050679669195228365
7,205163_at,-0.3012120727858044
7,205217_at,0.10411935465342431
7,205234_at,-0.12161942337575687
7,205239_at,0.037991513331857005
7,205244_s_at,-0.08205921325421721
7,205292_s_at,0.03979321495011282
7,205296_at,0.017467933491969182
7,205298_s_at,0.2607121433785379
7,205337_at,-0.0061564270965646095
7,205347_s_at,0.08324048245534206
7,205368_at,0.10726868693959732
7,205379_at,0.03416244428089915
7,205501_at,-0.1166645454700312
7,205538_at,-0.0037440299444757713
7,205599_at,0.0004883944165846674
7,205602_x_at,0.11705012784538542
7,205646_s_at,0.01882482358536341
7,205665_at,-0.029835839823023468
7,205672_at,-0.06119517335968749
7,205684_s_at,0.0024244638582403832
7,205756_s_at,-0.004195008978747467
7,205783_at,-0.02858400340816685
7,205793_x_at,-0.05213993530911423
7,205797_s_at,0.012841855622931862
7,205801_s_at,0.05674208868144112
7,205810_s_at,-0.04925370424418799
7,205867_at,0.05485347070728861
7,205868_s_at,-0.12271399551984896
7,205910_s_at,0.21315088046195882
7,205963_s_at,-0.28460166177728236
7,205985_x_at,-0.007724063846996023
7,205992_s_at,-0.07058783640531593
7,206000_at,-0.0475373714913937
7,206060_s_at,-0.026423424245051504
7,206065_s_at,0.10272693896396684
7,206075_s_at,-0.2251079073597781
7,206142_at,0.005408084815413817
7,206172_at,0.0366208861378792
7,206189_at,0.10437769187614047
7,206194_at,-0.06359133755029171
7,206198_s_at,0.01905388714103587
7,206200_s_at,-0.010763574274236895
7,206223_at,0.08470943577573473
7,206265_s_at,0.05503148665669022
7,206290_s_at,-0.0014079076314203408
7,206312_at,-0.04693005447910714
7,206340_at,0.11127684001537873
7,206373_at,0.33973779928711856
7,206410_at,-0.05249443837624496
7,206433_s_at,-0.048553585208053904
7,206444_at,-0.041925729752489774
7,206447_at,0.0391272411942249
7,206459_s_at,-0.11536089415915039
7,206466_at,-0.08773896175870426
7,206479_at,0.13311244759614313
7,206487_at,0.0712162735553112
7,206506_s_at,-0.09957047798173045
7,206524_at,-0.03465480957067925
7,206593_s_at,0.0006702625473433248
7,206603_at,0.024328659028119235
7,206604_at,0.11524783407620769
7,206618_at,0.05813022129315212
7,206695_x_at,0.018752485570500427
7,206749_at,-0.004709898533167623
7,206758_at,-0.05265168885841547
7,206786_at,-0.0935797675186641
7,206801_at,0.0024839128580120794
7,206806_at,-0.06325327199825351
7,206830_at,-0.0033120496581793674
7,206865_at,-0.10597367199097807
7,206886_x_at,-0.12799370667208163
7,206918_s_at,-0.05696509277688254
7,206952_at,-0.14860433279705124
7,206957_at,0.12650696536576703
7,206971_at,-0.04788538950296328
7,207015_s_at,-0.1706003949849374
7,207039_at,0.046872770298747264
7,207043_s_at,-0.03632627938779097
7,207065_at,-0.005987293738962667
7,207067_s_at,-0.11954432600347546
7,207117_at,0.07368600632133485
7,207134_x_at,-0.000826809351393943
7,207168_s_at,-0.10013850232347174
7,207337_at,0.0038071970816410733
7,207353_s_at,0.019011223523700535
7,207379_at,-0.20190771853943568
7,207385_at,0.031140174368429648
7,207433_at,0.02447280589848258
7,207438_s_at,-0.09275632764964538
7,207443_at,-0.07848137663305291
7,207449_s_at,-0.08890410931258233
7,207454_at,0.3034157611597294
7,207456_at,-0.0540215850734249
7,207481_at,-0.10403202715595193
7,207499_x_at,-0.0024453198243028704
7,207516_at,0.045527870970602194
7,207531_at,-0.049150619579055935
7,207611_at,-0.05739380529974466
7,207642_at,-0.045409704277832086
7,207654_x_at,-0.0007877975405872974
7,207678_s_at,0.029079915652709586
7,207692_s_at,0.015012854063299332
7,207695_s_at,0.13723245331407558
7,207696_at,0.04837488897662607
7,207706_at,0.07016485611030367
7,207707_s_at,0.10166888944892338
7,207872_s_at,-0.07370775327320879
7,207981_s_at,0.005301476972318364
7,208022_s_at,0.13935209694654072
7,208063_s_at,-0.04366244582121602
7,208165_s_at,0.13221328231138252
7,208215_x_at,-0.15580300436733352
7,208288_at,-0.05161324805840182
7,208338_at,0.007835342554413403
7,208363_s_at,-0.12070825806624164
7,208375_at,-0.09837055550988053
7,208413_at,0.05526759635285208
7,208475_at,-0.04282243703670839
7,208549_x_at,0.1465466854394723
7,208564_at,-0.02772551183102603
7,208566_at,0.02627157226769087
7,208586_s_at,0.005723421473089093
7,208609_s_at,0.03596029427483933
7,208641_s_at,0.024773744478048455
7,208678_at,0.03529064454373613
7,208711_s_at,-0.04798326299747959
7,208731_at,-0.18064004720304352
7,208732_at,-0.12099607593040111
7,208734_x_at,-0.09271857284075667
7,208800_at,0.12548024299685312
7,208807_s_at,-0.0738992426096605
7,208818_s_at,0.08615862803846396
7,208854_s_at,0.2076395765904206
7,208878_s_at,-0.05723019360819741
7,208888_s_at,0.051694538488974706
7,208921_s_at,-0.06360125865726492
7,208926_at,0.0887766213239333
7,208970_s_at,-0.08326850957287421
7,208993_s_at,0.007482548085692844
7,209035_at,0.021330909400392756
7,209050_s_at,0.05689988634959173
7,209051_s_at,0.10868527002740208
7,209060_x_at,0.038206958468601095
7,209070_s_at,-0.06973886075673107
7,209114_at,-0.0009528167102092212
7,209159_s_at,-0.0062345531968618206
7,209327_s_at,-0.024006810763318488
7,209529_at,0.0489479848392676
7,209601_at,-0.0016129290255137557
7,209608_s_at,0.013258850796638817
7,209644_x_at,0.20621853537759063
7,209645_s_at,-0.01558169689242982
7,209658_at,0.1530596276313747
7,209686_at,0.1384792619718169
7,209700_x_at,-0.06355873705100219
7,209740_s_at,-0.029445604845929303
7,209838_at,-0.03811946435682677
7,209934_s_at,-0.03032193083730467
7,209989_at,0.051874435607724215
7,210016_at,0.010517830274780511
7,210034_s_at,-0.038668711164713654
7,210036_s_at,-0.0010695331295330762
7,210078_s_at,0.0047852181459194666
7,210082_at,-0.08240245557345498
7,210084_x_at,-0.16118344517604197
7,210097_s_at,0.08584529665630551
7,210118_s_at,0.10734018097339612
7,210125_s_at,-0.03651219376964608
7,210138_at,-0.022246963422580153
7,210161_at,-0.03441070929225229
7,210173_at,-0.05591537202760867
7,210179_at,0.01465126377312068
7,210223_s_at,-0.007841182739004629
7,210298_x_at,-0.030568119056576436
7,210333_at,0.01240903976890745
7,210377_at,0.0024104990351300195
7,210389_x_at,0.004858419839586708
7,210400_at,0.05963162150476666
7,210429_at,0.05056905152426127
7,210449_x_at,-0.0073896139866784505
7,210454_s_at,-0.10124844976044244
7,210456_at,-0.049168043550390304
7,210484_s_at,-0.09936899681324236
7,210491_at,-0.04660402422458658
7,210493_s_at,0.007362476044366922
7,210536_s_at,-0.014678365595667512
7,210550_s_at,-0.006172550446980002
7,210578_at,-0.05016378165073064
7,210588_x_at,0.004851758534202888
7,210596_at,0.06106145041429915
7,210618_at,-0.005113184528192465
7,210625_s_at,0.07426814416059847
7,210639_s_at,0.04924467220959067
7,210661_at,0.023928635147456665
7,210664_s_at,-0.036430427105034115
7,210678_s_at,0.0078052398960140835
7,210709_at,-0.10024208533300091
7,210751_s_at,-0.005031314330719645
7,210771_at,0.03893164532179803
7,210780_at,0.07222119953068071
7,210834_s_at,-0.016102869838383584
7,210862_s_at,-0.08642763313085515
7,210870_s_at,0.00479493966091143
7,210889_s_at,-0.04352190239067856
7,211055_s_at,-0.0956506652940885
7,211071_s_at,-0.0460794007700823
7,211088_s_at,0.051774730761454946
7,211103_at,-0.10789903969722686
7,211165_x_at,0.007630428615062211
7,211181_x_at,-0.0023469952986096745
7,211219_s_at,0.0094389432077911
7,211276_at,0.0018379606502727727
7,211359_s_at,-0.0750333948451581
7,211379_x_at,0.013982748338724791
7,211412_at,-0.15304182404183622
7,211425_x_at,-0.2593618278681304
7,211437_at,0.0337600789736517
7,211466_at,0.0019003674284093213
7,211553_x_at,0.05133235557461992
7,211617_at,-0.030885365977314214
7,211620_x_at,0.22178406712859394
7,211627_x_at,-0.12008540946147943
7,211647_x_at,-0.0363855001462792
7,211665_s_at,-0.0002487183250248154
7,211817_s_at,0.012643840331029197
7,211825_s_at,-0.03791247590328205
7,211892_s_at,0.04299074441541016
7,211901_s_at,-0.10766615205207891
7,211924_s_at,0.05985074633860418
7,212020_s_at,0.004032191553777713
7,212182_at,0.11538350210660878
7,212244_at,-0.0319330383439645
7,212257_s_at,0.05046374561025738
7,212294_at,-0.004886186102560336
7,212315_s_at,0.0843644369006619
7,212330_at,0.05263993176151608
7,212350_at,0.00996098532850029
7,212358_at,-0.09030931944508451
7,212366_at,0.06642274378583303
7,212375_at,-0.03718009566748097
7,212416_at,-0.044118535405430585
7,212431_at,-0.5084807326253907
7,212583_at,-0.07296711176961575
7,212584_at,-0.04877549336400698
7,212670_at,0.04712352268053736
7,212682_s_at,0.04475464738621527
7,212711_at,0.11556010877573719
7,212757_s_at,-0.056830296021921974
7,212799_at,-0.03790434696972054
7,212818_s_at,0.007955825603262452
7,212909_at,-0.06825206345939956
7,213005_s_at,0.07395415173103961
7,213015_at,0.006671671895551177
7,213060_s_at,0.005658247166747229
7,213091_at,-0.20147966011953508
7,213148_at,0.1266263616301721
7,213191_at,-0.08349351587923934
7,213233_s_at,0.16009740643628548
7,213300_at,0.023205584496997285
7,213303_x_at,-0.016186427137701936
7,213339_at,0.07342966947800858
7,213345_at,-0.003267864564189513
7,213369_at,-0.042315913760152334
7,213448_at,0.011923016104255644
7,213516_at,0.0555805840170995
7,213611_at,0.06420648809102816
7,213724_s_at,-0.043549399229352505
7,213734_at,0.0971649691367596
7,213769_at,-0.13713145456826825
7,213776_at,-0.009851477953846381
7,213803_at,0.01310781373265875
7,213805_at,0.048228140826729646
7,213808_at,-0.12851302923662494
7,213831_at,-0.022423125147225585
7,213832_at,-0.0015344774890686148
7,213834_at,-0.0659419250808227
7,213838_at,0.07612963503692388
7,214076_at,-0.07093199403686316
7,214160_at,0.039570193686730405
7,214231_s_at,-0.26072132555483024
7,214279_s_at,0.019745824777401836
7,214344_at,0.06447691829867355
7,214353_at,0.007118489490584889
7,214400_at,-0.029351947103822763
7,214430_at,0.015614231041518802
7,214444_s_at,-0.04396409740378124
7,214501_s_at,-0.10437353598504398
7,214638_s_at,0.04445223902651105
7,214652_at,0.02606884900249841
7,214745_at,0.038085252395969466
7,214776_x_at,0.026280932855943195
7,214826_at,-0.032411766319122126
7,214832_at,-0.21586196435285213
7,214840_at,-0.09506002213707751
7,214864_s_at,0.01878329212596387
7,214908_s_at,-0.04928087624643039
7,214914_at,0.0002789568906320164
7,214960_at,0.3079405263563255
7,215074_at,-0.05382668516076563
7,215080_s_at,0.198439023126985
7,215120_s_at,0.0024803651854500815
7,215137_at,-0.03252241704453874
7,215188_at,0.05785666760604374
7,215212_at,0.03307287038977482
7,215216_at,0.07428304523826174
7,215229_at,0.057917473471354
7,215233_at,0.23750538589508302
7,215239_x_at,0.083064982927752
7,215240_at,-0.01643920768244208
7,215242_at,-0.03926323291769656
7,215265_at,0.006871979389927381
7,215302_at,0.05068151773259664
7,215305_at,-0.026352342481613847
7,215321_at,-0.14394492170093864
7,215339_at,0.08014678787459206
7,215348_at,-0.11256005837101538
7,215403_at,0.08718307118295558
7,215432_at,-0.01936137840311139
7,215441_at,-0.0448684961482355
7,215442_s_at,0.0494248481681731
7,215461_at,0.1452987822117199
7,215481_s_at,-0.23511610461643925
7,215484_at,-0.020254902431469254
7,215547_at,0.09791288354901678
7,215564_at,0.0016563786874238466
7,215574_at,0.012439191358767202
7,215593_at,-0.014782995098165618
7,215615_x_at,0.048694793714861816
7,215621_s_at,-0.09908467380843859
7,215635_at,-0.0129297132254267
7,215705_at,-0.1299027156620061
7,215718_s_at,0.019718074760378863
7,215722_s_at,0.04913816302926777
7,215746_at,-0.09697568204202414
7,215805_at,0.03922336325836621
7,215815_at,-0.09089764692170477
7,215825_at,-0.18588407739796325
7,215860_at,0.07631097939458754
7,215900_at,0.19959242309149935
7,215940_at,0.00392920483920022
7,215943_at,-0.07347337734881669
7,215969_at,-0.062929999643327
7,215981_at,-0.1633870272447499
7,216020_at,0.02420661227166883
7,216078_at,-0.007925962203100764
7,216133_at,-0.006137601332610833
7,216140_at,0.09773464338967912
7,216167_at,-0.08418985546805545
7,216214_at,-0.12451412833835167
7,216224_s_at,-0.011565082489344812
7,216241_s_at,-0.0948895174090012
7,216280_s_at,0.003635932110342393
7,216281_at,-0.004478283275497305
7,216313_at,0.26709462536753964
7,216370_s_at,0.21466672741436668
7,216419_at,0.06688032437506632
7,216462_at,-0.030296303066901592
7,216489_at,-0.06564942343039776
7,216494_at,-0.002413650427974684
7,216567_at,0.0721273983991871
7,216588_at,0.024515493961116422
7,216610_at,0.027875368961392512
7,216651_s_at,0.01666752578123095
7,216660_at,-0.0069079624714578035
7,216685_s_at,7.732987148406624e-05
7,216688_at,0.011852512099936712
7,216740_at,-0.07990079194143372
7,216763_at,0.07261215320799758
7,216768_x_at,0.14569031230861965
7,216786_at,0.050465990547703836
7,216831_s_at,0.023006414439152106
7,216896_at,-0.0568167489938233
7,216930_at,-0.02143170040606492
7,216958_s_at,-0.0326438447881999
7,217027_x_at,0.011199221058492866
7,217094_s_at,-0.05546021990407283
7,217124_at,0.00033395442631745467
7,217129_at,0.030579826239342838
7,217145_at,-0.015763536908584813
7,217160_at,0.08365511807448778
7,217182_at,-0.008969100732897573
7,217222_at,0.014527614906885306
7,217254_s_at,-0.2847176835595496
7,217257_at,0.001963278562870324
7,217319_x_at,-0.011679261357522687
7,217328_at,-0.15538237365774077
7,217340_at,0.15731297608883985
7,217349_s_at,-0.03511982811535983
7,217352_at,0.27368379408148363
7,217363_x_at,-0.05575544389922274
7,217380_s_at,-0.06141479773744188
7,217389_s_at,0.02393623175995753
7,217405_x_at,-0.04047582317870413
7,217415_at,0.007643946418514024
7,217416_x_at,-0.1433372471461419
7,217447_at,0.044387745714883936
7,217498_at,0.029499664316303763
7,217506_at,0.04120138468809964
7,217517_x_at,-0.010181125154955752
7,217524_x_at,0.024419097437562036
7,217535_at,0.034206102251784526
7,217609_at,-0.029555536475033346
7,217695_x_at,-0.10001550464297435
7,217805_at,0.0020660994076657445
7,217806_s_at,-0.012223844678276998
7,217911_s_at,-0.13893003435011791
7,217935_s_at,-0.005533362495659704
7,217987_at,0.05670608522472589
7,217996_at,0.10514889195706291
7,217997_at,0.04762632172188694
7,218005_at,-0.016731333215402905
7,218025_s_at,-0.006689162144639622
7,218029_at,-0.01695781634077624
7,218082_s_at,0.10587665947495366
7,218099_at,0.004232009930915456
7,218109_s_at,0.06994056803125238
7,218185_s_at,-0.07599656297309519
7,218248_at,0.06982236387637578
7,218274_s_at,0.06527759052398034
7,218350_s_at,0.06022885954845068
7,218358_at,0.045130950419727554
7,218375_at,-0.00702322508201622
7,218390_s_at,-0.0322496283617668
7,218399_s_at,0.05925738753355647
7,218419_s_at,0.18699233082934008
7,218435_at,-0.13932999052809622
7,218439_s_at,-0.009953237858543
7,218463_s_at,-0.007606065166457595
7,218503_at,0.00972498117012923
7,218528_s_at,0.10000627425505051
7,218555_at,0.04953993784662293
7,218651_s_at,-0.03881756878721908
7,218657_at,0.0025103565205269185
7,218709_s_at,-0.012388952589604138
7,218725_at,-0.05676524264370172
7,218739_at,0.2458709529937103
7,218761_at,-0.055141844924825045
7,218842_at,-0.005538641264808625
7,218902_at,0.10405835346723025
7,218905_at,-0.03246036395493561
7,218956_s_at,-0.07402581164168559
7,219005_at,0.2054382432864147
7,219046_s_at,-0.050888966414839004
7,219051_x_at,-0.14455136338359242
7,219093_at,-0.11795395686522123
7,219126_at,0.1652959191740961
7,219185_at,0.04752045055103207
7,219215_s_at,-0.022518539635512147
7,219229_at,-0.10347632455428443
7,219230_at,0.03027872485106429
7,219276_x_at,0.07350912010747258
7,219305_x_at,-0.0668277308398879
7,219408_at,-0.052250554655729156
7,219443_at,0.01261894302143547
7,219512_at,0.07091538625420392
7,219539_at,-0.06335376227608608
7,219570_at,0.007530140372833331
7,219604_s_at,-0.026493007592812222
7,219631_at,0.01467645590920411
7,219719_at,0.0786888603053404
7,219730_at,-0.13112899483389232
7,219797_at,0.022616227168178717
7,219800_s_at,-0.03974103624987682
7,219809_at,-0.06691721374368274
7,219841_at,-0.01910705776814291
7,219850_s_at,0.04221894182252049
7,219860_at,-0.21740920202077077
7,219869_s_at,-0.015319866391244368
7,219951_s_at,-0.20425968227461172
7,219967_at,0.010892640950380889
7,220024_s_at,-0.02765927092196384
7,220041_at,-0.013116753051510428
7,220108_at,-0.0034352188750862134
7,220116_at,0.06477244945687782
7,220123_at,-0.14112189982976317
7,220154_at,0.05138559200650867
7,220160_s_at,-0.0018413212538340336
7,220184_at,-0.0005675898057197236
7,220221_at,-0.07379049991253872
7,220238_s_at,0.08781288276030644
7,220242_x_at,0.004739022688268875
7,220246_at,-0.013336842557912397
7,220281_at,0.0958864622065635
7,220285_at,-0.034958500905987254
7,220300_at,-0.021964357550191008
7,220307_at,-0.013673995337999142
7,220366_at,0.011491311837095758
7,220470_at,-0.08381438944586277
7,220493_at,0.014175376382979998
7,220495_s_at,-0.032280984936139547
7,220497_at,-0.06598023379939814
7,220523_at,0.019659237207967868
7,220527_at,0.01934785814001094
7,220619_at,-0.05388488525700637
7,220695_at,0.20949737025644138
7,220809_at,-0.04597927211414874
7,220811_at,-0.09789511290080741
7,220812_s_at,0.16222435043111286
7,220820_at,-0.09346123979662249
7,220830_at,-0.021479696215595433
7,220837_at,0.2425486375645409
7,220896_at,0.0813142150372061
7,220907_at,0.18120764598820432
7,220955_x_at,0.06188634074748924
7,221022_s_at,-0.01525159644868581
7,221031_s_at,-0.0030273591197821827
7,221046_s_at,0.0050284306133043175
7,221111_at,-0.02667812437339452
7,221177_at,0.09367355791084467
7,221201_s_at,0.04193815917275675
7,221202_at,0.001613874245459292
7,221207_s_at,-0.025650681670859727
7,221225_at,0.05444017708555989
7,221260_s_at,-0.07143313538373322
7,221309_at,0.06709458532284056
7,221363_x_at,0.11710094285866204
7,221383_at,0.25248974703784555
7,221384_at,-0.00023487803690909698
7,221424_s_at,0.06760721736157851
7,221441_at,0.060161505976203025
7,221506_s_at,0.006179642381882873
7,221613_s_at,-0.091919252674384
7,221650_s_at,-0.15556125282614952
7,221679_s_at,-0.03950160276802933
7,221736_at,-0.10202929246853365
7,221831_at,-0.036259362460928216
7,221872_at,0.0074790208212507005
7,222031_at,0.05916608376614656
7,222076_at,-0.22039716551478508
7,222096_x_at,-0.005876752803597686
7,222105_s_at,0.05235204693256057
7,222179_at,0.08333249893466829
7,222184_at,-0.15756077143803077
7,222205_x_at,-0.020355025366041384
7,222230_s_at,-0.0307081470862251
7,222312_s_at,-0.005438518287260059
7,222332_at,-0.011816353207935644
7,222360_at,-0.10130010885074076
7,222367_at,0.010254227571991452
7,222384_at,-0.03092286189879865
7,34868_at,0.038438828773374026
7,39966_at,0.0070235322420388185
7,40524_at,0.01014567033295326
7,47553_at,0.060325314509436734
7,59644_at,0.014495504863682954
7,60084_at,-0.04138787074163266
7,89948_at,-0.24708452076187823
7,AFFX-r2-Bs-lys-3_at,-0.04123718426673371
7,AFFX-r2-Bs-thr-M_s_at,0.14173874992510188
8,1438_at,0.0246613928256871
8,200011_s_at,-0.09851133020062272
8,200052_s_at,0.0039109189217616264
8,200057_s_at,0.020277335952513853
8,200072_s_at,0.08957146989252963
8,200092_s_at,-0.001243565240630831
8,200656_s_at,0.014253681540147538
8,200708_at,-0.1581288529195441
8,200709_at,-0.0191852187565484
8,200723_s_at,0.11476833010344868
8,200737_at,0.07127200828860016
8,200738_s_at,0.0276433407323798
8,200844_s_at,-0.11392897076232676
8,200845_s_at,-0.10810704711579637
8,200853_at,0.008814468654165637
8,200930_s_at,0.02911768763607598
8,200934_at,0.09905233234101063
8,200948_at,-0.04821613004836336
8,200949_x_at,-0.0014598811350041083
8,200965_s_at,-0.02553480746421363
8,200982_s_at,-0.01352001162084127
8,200983_x_at,0.00125699431182989
8,200984_s_at,0.0015202083429894481
8,201003_x_at,-0.07345452425566665
8,201136_at,-0.0061977005316561015
8,201148_s_at,-0.03894516963891227
8,201184_s_at,-0.019285506582739365
8,201249_at,-0.003938276055742512
8,201375_s_at,0.060016974410735405
8,201398_s_at,-0.09327238508702548
8,201467_s_at,-0.003659279029237343
8,201494_at,-0.015261568586466604
8,201522_x_at,-0.0021111717969586248
8,201539_s_at,-0.010392156472056805
8,201566_x_at,-0.02406669226886271
8,201687_s_at,0.008873843183891771
8,201779_s_at,0.15976063764142834
8,201802_at,0.08334035857178873
8,201879_at,-0.040848719999838384
8,201915_at,0.08082101732239473
8,201917_s_at,0.035880884495621726
8,201956_s_at,-0.0024671275456991833
8,201967_at,0.009420689155406942
8,202031_s_at,0.04827232349339614
8,202070_s_at,-0.014399479916804476
8,202132_at,0.003751311433009656
8,202204_s_at,-0.009944314430602348
8,202228_s_at,-0.009318740947799834
8,202311_s_at,-0.028912161540801208
8,202483_s_at,0.023155594819062795
8,202492_at,0.01792729170295132
8,202583_s_at,0.13941060054946675
8,202592_at,-0.0039544534128227405
8,202652_at,-0.01974472523626147
8,202680_at,0.03131882865526864
8,202696_at,0.059006600384813875
8,202703_at,-0.11824804720819868
8,202717_s_at,0.0341613633211024
8,202726_at,0.005969261335715036
8,202754_at,-0.06971037075197331
8,202757_at,0.04383584623528971
8,202864_s_at,0.004028394992011009
8,202866_at,-0.029728488812377322
8,202885_s_at,-0.013143897155740377
8,202891_at,-0.018382443195706265
8,202912_at,0.03575844742617428
8,202956_at,-0.05899341435905142
8,202983_at,0.009280909285792453
8,202989_at,0.014256507809298463
8,203001_s_at,-0.011164058363630174
8,203072_at,-0.09144542090287307
8,203161_s_at,0.010497622374641207
8,203164_at,0.005228405059417609
8,203170_at,0.2173185852470502
8,203200_s_at,-0.014640947688907035
8,203297_s_at,0.033339338239115966
8,203303_at,-0.020004222668413667
8,203314_at,-0.05274912134484781
8,203375_s_at,0.0548028903683514
8,203401_at,0.06831655382200098
8,203456_at,-0.18666903061049991
8,203538_at,-0.0030309124936292
8,203570_at,-0.046629415616088396
8,203589_s_at,0.01040811050213309
8,203611_at,-0.011123528010181925
8,203613_s_at,0.12696848302982572
8,203692_s_at,0.09214486418391038
8,203778_at,-0.09438375692557904
8,203780_at,0.4021341259386827
8,203815_at,0.012298766770308656
8,203835_at,-0.011075416872721114
8,203851_at,-0.0350350220295626
8,203862_s_at,-0.16919847222780182
8,203916_at,-0.11754192465233726
8,203977_at,-0.02561828112242614
8,204001_at,0.2014959564306872
8,204009_s_at,-0.026617297860562963
8,204012_s_at,-0.22228581042613996
8,204027_s_at,-0.00015781325957924281
8,204096_s_at,-0.16032806738247185
8,204120_s_at,-0.07074577511543073
8,204149_s_at,-0.036315380179061725
8,204290_s_at,0.021002427047390398
8,204341_at,-0.002503586589292675
8,204351_at,-0.03759056689192215
8,204352_at,-0.002681727551028245
8,204400_at,0.07216590161823214
8,204406_at,-0.049888748048833184
8,204523_at,0.1084959532836198
8,204544_at,0.08152448418386121
8,204553_x_at,-0.05941607196815761
8,204568_at,-0.13203074057210634
8,204764_at,0.16176962741449588
8,204771_s_at,0.030933197600887613
8,204775_at,0.010980937034314107
8,204802_at,-0.10129530989165583
8,204826_at,-0.0061048906438953
8,204835_at,0.013445706231747295
8,204851_s_at,0.017109983608383623
8,204895_x_at,0.009694381672803152
8,204958_at,0.06271254434075939
8,204965_at,-0.012396373953721574
8,205023_at,-0.028733414377351982
8,205042_at,0.09721971788905018
8,205090_s_at,-0.05844692418939989
8,205163_at,-0.07911759161393235
8,205217_at,0.3253399287597747
8,205229_s_at,0.09792570885924505
8,205234_at,-0.03521967989564208
8,205292_s_at,0.06050391457821001
8,205298_s_at,0.14272989841331843
8,205301_s_at,0.03384706170156334
8,205329_s_at,0.019507038657429875
8,205347_s_at,0.21419713328282589
8,205368_at,0.10863735775541958
8,205379_at,0.0706255303395474
8,205384_at,-0.00606568062851481
8,205424_at,-0.10075154228545584
8,205439_at,-0.02616452419241958
8,205452_at,-0.017296617637453916
8,205466_s_at,0.03114308890114602
8,205473_at,0.03746302786965351
8,205501_at,-0.02365855704709409
8,205524_s_at,-0.01916831908655972
8,205538_at,-0.03430748357770684
8,205602_x_at,0.12759551890139043
8,205665_at,-0.09534618115994911
8,205684_s_at,0.01041260315363617
8,205703_at,0.007654429851248035
8,205739_x_at,0.030127384590167682
8,205751_at,-0.015275724201909181
8,205756_s_at,-0.08418877295887639
8,205774_at,-0.06044081834544151
8,205784_x_at,0.005212234452718942
8,205797_s_at,0.005714260897999103
8,205910_s_at,0.04182957053097103
8,205939_at,-0.029288051943947725
8,205963_s_at,-0.26419100598090717
8,205992_s_at,-0.02296345314022456
8,206000_at,-0.052807049573931994
8,206057_x_at,-0.011915519800076439
8,206065_s_at,0.09397791125421359
8,206075_s_at,-0.14011722376298716
8,206085_s_at,0.031191596203314277
8,206096_at,-0.004328568629662733
8,206140_at,0.04422739793045094
8,206142_at,0.21705795057609806
8,206172_at,0.020725633220778895
8,206189_at,0.03869189855107102
8,206194_at,-0.12643212040465154
8,206198_s_at,0.006197136855851049
8,206245_s_at,0.11053113460116722
8,206265_s_at,0.042656107733037144
8,206278_at,0.0013033170955234832
8,206290_s_at,-0.006667747515026117
8,206340_at,0.09908652031970758
8,206367_at,-0.07834858533033665
8,206373_at,0.17995377556832173
8,206379_at,0.002043282400449856
8,206395_at,0.04020737061491531
8,206410_at,-0.08753412108054674
8,206415_at,-0.04948179719788528
8,206449_s_at,0.01873198304657498
8,206459_s_at,-0.15757206895641906
8,206462_s_at,0.054961872236785766
8,206466_at,-0.08296532908771531
8,206479_at,0.07589677738007451
8,206487_at,0.13363643776280096
8,206526_at,0.1115000281480272
8,206542_s_at,0.0063949367679217205
8,206634_at,0.02360997675695837
8,206694_at,0.13578340611997813
8,206758_at,-0.0098177001360068
8,206830_at,-0.09952958508159132
8,206886_x_at,-0.01527970081563956
8,206907_at,0.011155290334181734
8,206922_at,0.022491615978347687
8,206952_at,-0.31886700153821573
8,206957_at,0.003826210548219331
8,206985_at,0.057618771720682506
8,207015_s_at,-0.09998796341745467
8,207022_s_at,0.008597953015650809
8,207039_at,0.008613711513379514
8,207065_at,-0.026112290126948413
8,207073_at,-0.09783738610248516
8,207134_x_at,-0.0565920345973526
8,207168_s_at,-0.05355914542865883
8,207182_at,0.011074583933678946
8,207200_at,0.021826322048586696
8,207214_at,-0.10465364791285156
8,207240_s_at,-0.018319669402709716
8,207257_at,0.07332841445504659
8,207343_at,-0.009297373833398967
8,207353_s_at,0.03780183983050379
8,207381_at,-0.016499235034934417
8,207437_at,-0.012891093706028953
8,207443_at,-0.0007932029962279541
8,207449_s_at,-0.01037540116599663
8,207454_at,0.17210407183560314
8,207456_at,-0.05204588721329493
8,207481_at,-0.05678761847755054
8,207495_at,0.003264002151080211
8,207516_at,0.01778900824155201
8,207531_at,-0.050116075632424144
8,207566_at,-0.006711292048703504
8,207648_at,0.006816893974181762
8,207666_x_at,-0.058810194367073985
8,207692_s_at,0.11852329215388066
8,207695_s_at,0.3027103198278879
8,207696_at,0.08875918466473898
8,207706_at,0.13019990514032126
8,207707_s_at,0.016857790781645038
8,207709_at,0.0015591506716312671
8,207710_at,-0.007878805844360234
8,207747_s_at,-0.00440735307063634
8,207837_at,0.003426640576617436
8,207864_at,-0.0644011814554896
8,207872_s_at,-0.0364864205360773
8,207875_at,-0.0011405542213842874
8,207906_at,-0.022702856490827945
8,207909_x_at,-0.06501592979320073
8,207912_s_at,0.04568205671854751
8,208022_s_at,0.09052911583205189
8,208063_s_at,-0.016176975789248337
8,208115_x_at,-0.020159754219440305
8,208129_x_at,0.00044156043200207357
8,208130_s_at,-0.06134312701365558
8,208165_s_at,0.10137563449158547
8,208215_x_at,-0.07875479433639199
8,208225_at,0.002589441133950868
8,208275_x_at,-0.0006643796163210407
8,208338_at,0.004553041057176331
8,208351_s_at,0.0025099305734185683
8,208363_s_at,-0.07610073277496543
8,208365_s_at,-0.006494759561014221
8,208375_at,-0.008178361033194451
8,208380_at,0.13871657671507695
8,208435_s_at,0.03528611051813111
8,208437_at,-0.04290932339367377
8,208487_at,0.010626570276337007
8,208549_x_at,0.23739391952788363
8,208556_at,-0.005598768166489515
8,208566_at,0.007708379476434478
8,208586_s_at,0.0471471806786928
8,208608_s_at,-0.00019566410755730108
8,208641_s_at,0.15928769997009828
8,208642_s_at,0.013514797211035646
8,208651_x_at,0.01595827442640306
8,208678_at,0.03059477171890321
8,208711_s_at,-0.0362427280479213
8,208731_at,-0.06344840039346468
8,208732_at,-0.09281595572562126
8,208734_x_at,-0.02200403663431826
8,208773_s_at,0.005903813581763362
8,208815_x_at,-0.08235976953487142
8,208854_s_at,0.22480788391463924
8,208878_s_at,-0.0719329960373356
8,208921_s_at,-0.1660894312551474
8,208996_s_at,-0.01603008284311535
8,208998_at,-0.005984804329281829
8,209029_at,-0.000760782598551918
8,209032_s_at,0.09506598783026121
8,209035_at,0.04301353739877409
8,209050_s_at,0.18846588508678563
8,209051_s_at,0.005352635695893205
8,209060_x_at,0.053505386036932376
8,209070_s_at,-0.048189571111426216
8,209122_at,0.11035526295701223
8,209123_at,-0.004775825464245585
8,209129_at,-0.03284408232068485
8,209157_at,-0.006188529521186115
8,209189_at,0.01958328241055269
8,209327_s_at,-0.0604101962728385
8,209338_at,-0.08831287531411715
8,209352_s_at,0.08317808993398057
8,209358_at,0.0066853780565293945
8,209415_at,0.05370575202960551
8,209452_s_at,-0.035418290590823964
8,209480_at,-0.03352494888684736
8,209489_at,0.0016932481588505938
8,209507_at,0.013898615530314067
8,209590_at,0.0034633780108847506
8,209612_s_at,-0.012319436529644743
8,209644_x_at,0.11939569813071492
8,209686_at,0.1464782714684415
8,209700_x_at,-0.06976999968901812
8,209740_s_at,-0.12517714870143923
8,209805_at,0.033389204758545954
8,209821_at,-0.06142572167406381
8,209832_s_at,0.12476401149513917
8,209838_at,-0.09944235137474086
8,209847_at,-0.022926471613067552
8,209849_s_at,0.04930222570375396
8,209985_s_at,-0.02524526487094468
8,209988_s_at,-0.009796782336851346
8,210016_at,0.03498564915248786
8,210025_s_at,-0.000677870063915776
8,210084_x_at,-0.16588723375231834
8,210097_s_at,0.06085162536165076
8,210118_s_at,0.12076843805752444
8,210123_s_at,-0.0670830551607499
8,210128_s_at,0.007270224965343183
8,210150_s_at,-0.022817073042526302
8,210223_s_at,-0.05781367128778589
8,210244_at,0.007148264565393546
8,210298_x_at,-0.04474958826144073
8,210313_at,0.0016188876966841165
8,210367_s_at,-0.002875145238916358
8,210389_x_at,0.014090338773072773
8,210390_s_at,-0.0034177932860284775
8,210392_x_at,-0.022774517465951313
8,210400_at,0.12004809307456014
8,210410_s_at,0.002599200789854299
8,210425_x_at,-0.018941168265353622
8,210429_at,0.04721975940287769
8,210449_x_at,-0.08518976960777938
8,210454_s_at,-0.07133771521258389
8,210491_at,-0.07661511720676409
8,210513_s_at,0.011803597641630147
8,210519_s_at,-0.016419436766267077
8,210528_at,-0.002368170635034396
8,210550_s_at,-0.09766234745155902
8,210578_at,-0.026302398411305647
8,210596_at,0.024493240062371607
8,210639_s_at,0.04048458378778315
8,210661_at,0.2191101028952248
8,210669_at,-0.07369184510710516
8,210678_s_at,0.01979827391775863
8,210701_at,-0.019895090223685442
8,210709_at,-0.07782295777881788
8,210745_at,-0.1563501804511419
8,210792_x_at,0.05899913285361959
8,210832_x_at,-0.06358042981944972
8,210862_s_at,-0.07528921193143889
8,210869_s_at,-0.03540642172774386
8,210871_x_at,0.04196831053896928
8,210910_s_at,0.01163547588075132
8,210964_s_at,0.02386465045755903
8,211003_x_at,-0.003440824913797318
8,211029_x_at,0.009356333798727967
8,211106_at,0.021847842661349298
8,211276_at,0.006692496743006246
8,211301_at,-0.03913659563887801
8,211338_at,-0.018300432303165574
8,211359_s_at,-0.10561997923542342
8,211425_x_at,-0.07231271003609879
8,211437_at,0.04658980851677948
8,211466_at,0.0894777239017465
8,211473_s_at,0.0011588436428541776
8,211492_s_at,-0.03320956423185098
8,211533_at,-0.0165480124892981
8,211620_x_at,0.16350608637298752
8,211662_s_at,-0.03674706743965474
8,211728_s_at,-0.0044051545305442
8,211814_s_at,0.03174514101880635
8,211837_s_at,-0.08510749508537849
8,211892_s_at,0.007761098163952887
8,211901_s_at,-0.15357617405160406
8,211920_at,-0.00184807613151311
8,211921_x_at,0.0008045358525632764
8,211965_at,0.01840600140719236
8,211990_at,0.03426220655619237
8,212021_s_at,0.017960444155714093
8,212135_s_at,-0.08501443126760422
8,212136_at,-0.0031285377118975633
8,212155_at,-0.007887353867689932
8,212182_at,0.01083097052235433
8,212210_at,-0.018885492993310337
8,212257_s_at,0.16897023776035558
8,212287_at,0.018990404404436854
8,212294_at,-0.024367576241395062
8,212350_at,0.0004331640437305242
8,212366_at,0.07038697361691158
8,212375_at,-0.09062710547410678
8,212431_at,-0.29894184792934025
8,212444_at,-0.045690812969244904
8,212471_at,0.10078746776326597
8,212486_s_at,-0.009724702771364594
8,212583_at,-0.04580553182170342
8,212584_at,-0.11353986219296217
8,212624_s_at,0.08689445178447167
8,212670_at,0.03924878928263701
8,212681_at,0.02915854212550263
8,212682_s_at,0.08517753709114974
8,212689_s_at,0.010611982928134844
8,212727_at,0.013670583526853004
8,212739_s_at,-0.026079895129513066
8,212757_s_at,-0.10112069419027181
8,212791_at,-0.014884397248942558
8,212799_at,-0.08746412144626992
8,212818_s_at,0.03967134809687687
8,212845_at,-0.0037763233430224545
8,212883_at,0.009458539827915587
8,213015_at,0.09288607802662027
8,213019_at,0.012623907358118249
8,213029_at,0.0019198040829593178
8,213053_at,0.0068720839154500155
8,213091_at,-0.1466723292764209
8,213100_at,-0.014726586308660285
8,213148_at,0.18015649580816645
8,213191_at,-0.011525652112395507
8,213192_at,-0.03506966278931449
8,213202_at,-0.016934172513415613
8,213233_s_at,0.06868389635229191
8,213305_s_at,0.022286680906594924
8,213316_at,-0.058266002048147345
8,213339_at,0.12189956704690547
8,213345_at,-0.025090984116535816
8,213448_at,0.03979932861056244
8,213484_at,0.004565629470196576
8,213546_at,0.07893266073549325
8,213549_at,0.036683803661866576
8,213724_s_at,-0.03994064240884791
8,213734_at,0.039662118080207746
8,213769_at,-0.05607672266612541
8,213777_s_at,-0.038531672350268324
8,213831_at,-0.003909400784821768
8,213838_at,0.06337855955510652
8,213959_s_at,-0.035119657647162746
8,213996_at,0.018681726676142995
8,214003_x_at,-0.03789169788546437
8,214018_at,0.0005603287980560805
8,214076_at,-0.1252560255787623
8,214126_at,0.04486112506243072
8,214130_s_at,-0.0006444662853256468
8,214131_at,0.10435034525587761
8,214160_at,0.08272931100649841
8,214231_s_at,-0.05603909534485042
8,214279_s_at,0.16526415200249117
8,214341_at,0.014438443716537202
8,214353_at,0.12659309374925054
8,214400_at,-0.1142734011507354
8,214502_at,0.11691441712977171
8,214566_at,0.1757945553286242
8,214577_at,-0.025872506656063637
8,214636_at,-0.062428049367180945
8,214638_s_at,0.09949790996251871
8,214652_at,0.033947462287705496
8,214661_s_at,-0.015108881554967674
8,214683_s_at,0.025968530277652824
8,214697_s_at,0.0033466625007376877
8,214723_x_at,0.05070458517664869
8,214746_s_at,-0.0410960928245701
8,214776_x_at,0.101218752502759
8,214830_at,-0.021426140865565088
8,214832_at,-0.05338395233712828
8,214837_at,-0.06654526792215712
8,214878_at,-0.1534691520509109
8,214900_at,0.01564111037604933
8,214908_s_at,-0.14389127156174839
8,214960_at,0.20437168441353368
8,214970_s_at,-0.023087268746612877
8,215025_at,0.02131427193542043
8,215074_at,-0.03204133785029356
8,215103_at,-0.05582524244852309
8,215120_s_at,0.06344611595563163
8,215171_s_at,-0.022334285778936123
8,215172_at,-0.04738922908780988
8,215187_at,0.03769926258411291
8,215188_at,0.0035987224878140708
8,215210_s_at,-0.004223931153777822
8,215212_at,0.010005771021013708
8,215216_at,0.16033290319691
8,215233_at,0.1511051798268087
8,215238_s_at,-0.0282961484319405
8,215240_at,-0.09955503214158144
8,215302_at,0.03289088003386829
8,215311_at,0.007992708919268298
8,215339_at,0.06705458326401703
8,215348_at,-0.07182289852381513
8,215441_at,-0.20386554808142276
8,215461_at,0.06547765012051866
8,215480_at,0.0008412817963181426
8,215481_s_at,-0.08982453239625846
8,215495_s_at,-0.08669397094635597
8,215547_at,0.21870226724633945
8,215570_s_at,-0.0761607140208469
8,215574_at,0.019072812353640372
8,215580_at,0.04685712261100769
8,215593_at,-0.0671746613212223
8,215598_at,-0.029570596690410997
8,215621_s_at,-0.07058077930398213
8,215663_at,-0.15049416247133185
8,215674_at,-0.0753047810475892
8,215712_s_at,-0.09237033742214812
8,215718_s_at,0.10251548358849268
8,215722_s_at,0.1207977555527173
8,215733_x_at,0.019701568666005167
8,215735_s_at,-0.022188653191929066
8,215742_at,-0.05332125713391383
8,215746_at,-0.14237650289637305
8,215799_at,0.020634888092904386
8,215860_at,0.11151196172659245
8,215863_at,0.038700634390643265
8,215872_at,0.003782052714005853
8,215897_at,0.007660364454299275
8,215900_at,0.1375491618061552
8,215932_at,0.03325984330233697
8,215943_at,-0.1136659986526323
8,215957_at,-0.03170585148823201
8,215969_at,-0.09185684033883958
8,216014_s_at,-0.09535205557219452
8,216020_at,0.06130494140292616
8,216026_s_at,0.018582728985451644
8,216078_at,-0.07607228018725236
8,216092_s_at,-0.04308911972914554
8,216113_at,-0.07210899088093026
8,216140_at,0.07531629708499304
8,216167_at,-0.05417578385372227
8,216193_at,0.0036463656299171253
8,216201_at,-0.043691905687837096
8,216253_s_at,-0.01185089575849152
8,216258_s_at,-0.04011584833651549
8,216281_at,-0.04428753029314647
8,216284_at,0.043963622055338804
8,216313_at,0.09838607076665379
8,216318_at,0.11805447730503765
8,216353_s_at,0.11247694367901266
8,216370_s_at,0.24083519139605075
8,216419_at,0.011744211056864112
8,216425_at,0.058537961019017634
8,216504_s_at,-0.0048155621721613865
8,216569_at,0.0593531401265461
8,216652_s_at,-0.13818272325817152
8,216667_at,0.014048783142178719
8,216685_s_at,0.01113994054522397
8,216740_at,-0.16904106230024418
8,216768_x_at,0.11536272908125661
8,216769_x_at,-0.02221735129645774
8,216786_at,0.11255993084721978
8,216831_s_at,0.13160025125825028
8,216941_s_at,-0.01932646803134506
8,216958_s_at,-0.019032994089437785
8,216962_at,-0.07502721385213149
8,216995_x_at,-0.06506553300511739
8,217002_s_at,0.04648554208807836
8,217041_at,0.049943318274540835
8,217106_x_at,-0.022782784848960718
8,217127_at,0.004519932568028752
8,217160_at,0.18414299592737288
8,217233_at,-0.005690134730282724
8,217240_at,-0.025926940446992813
8,217254_s_at,-0.133037667718456
8,217265_at,0.051556938298231055
8,217326_x_at,-0.06217077086876286
8,217340_at,0.17760568310696773
8,217349_s_at,-0.0007364594473221837
8,217352_at,0.15368799868228677
8,217363_x_at,-0.06388488179968556
8,217380_s_at,-0.028335899564483714
8,217389_s_at,0.00686093104430964
8,217405_x_at,-0.007316837073614317
8,217416_x_at,-0.09271361505188012
8,217424_at,0.05020467601665832
8,217447_at,0.14844322252402303
8,217458_at,0.03303210794448159
8,217498_at,0.016422625899422755
8,217584_at,-0.07023811335704067
8,217588_at,-0.01598786285541688
8,217609_at,-0.2007434921561047
8,217664_at,-0.0035212650860490234
8,217681_at,-0.014212159077077801
8,217695_x_at,-0.057157782722830515
8,217706_at,0.013443212712835224
8,217744_s_at,0.03584112406937521
8,217781_s_at,-0.0032651276050728005
8,217839_at,0.030000281042539066
8,217911_s_at,-0.08171137288888283
8,217949_s_at,0.07727696997564101
8,217952_x_at,0.017210354666853098
8,217987_at,0.0209942040543714
8,217996_at,0.08582858132885798
8,217997_at,0.11261508390617664
8,218034_at,-0.03867431813959861
8,218055_s_at,-0.02992132359998696
8,218120_s_at,-0.005405356873533032
8,218185_s_at,-0.07700978841015076
8,218248_at,0.03766554077311921
8,218337_at,0.03799960717596008
8,218350_s_at,0.02371099428932928
8,218358_at,0.04484945599858445
8,218373_at,-0.016261341714175516
8,218390_s_at,-0.07041074525666806
8,218399_s_at,0.03800554710296461
8,218419_s_at,0.0718981309379016
8,218435_at,-0.036028730114801844
8,218456_at,-0.005640828713477455
8,218505_at,-0.012111737488973866
8,218513_at,0.0018424354851832511
8,218517_at,-0.02344049374277926
8,218528_s_at,0.09933430686393326
8,218555_at,0.05054417064214399
8,218592_s_at,0.0046654036481020775
8,218604_at,-0.00017660263022585857
8,218644_at,-0.0005506137295265001
8,218651_s_at,-0.04496945533723237
8,218664_at,0.07859380065509887
8,218693_at,-0.0902408743347463
8,218730_s_at,-0.052023124208456825
8,218739_at,0.038471517337647074
8,218761_at,-0.008113234023001042
8,218792_s_at,0.05723921630745113
8,218833_at,0.016655024891236877
8,218835_at,0.024762416651488595
8,218852_at,0.006804920530608464
8,218902_at,0.01712428158122884
8,218905_at,-0.10842827160581182
8,218937_at,-0.026961128910342837
8,218956_s_at,-0.021789236336003284
8,218979_at,0.017862677811384894
8,219005_at,0.3102622515117423
8,219051_x_at,-0.13788748604987655
8,219076_s_at,0.10558462185419887
8,219093_at,-0.10259706432497116
8,219095_at,-0.02006264601696088
8,219152_at,0.005459893766265459
8,219185_at,0.13904715021299222
8,219215_s_at,-0.04815016798358684
8,219218_at,-0.008200762296857567
8,219255_x_at,0.03418630676628394
8,219284_at,-0.08835434641036044
8,219305_x_at,-0.02741440214188296
8,219408_at,-0.08048049032984707
8,219433_at,0.016210884384641206
8,219512_at,0.025133275859609346
8,219526_at,-0.04928969937885484
8,219529_at,-0.08103269739113954
8,219543_at,-0.007858347193451128
8,219586_at,-0.0013863540012868224
8,219604_s_at,-0.0879511823080497
8,219655_at,-0.0011288813685763595
8,219700_at,0.03778926775024144
8,219719_at,0.1563178108563456
8,219726_at,0.10514205743634293
8,219730_at,-0.20582576404171415
8,219731_at,0.008912318247557602
8,219773_at,-0.035971393877291986
8,219797_at,0.002409235986474894
8,219800_s_at,-0.12353904626766354
8,219805_at,-0.011666825083878934
8,219841_at,-0.07209269027293305
8,219850_s_at,0.013044777321076343
8,219874_at,0.0071637069764318145
8,219931_s_at,-0.015741813525486544
8,219951_s_at,-0.01070433985381838
8,219967_at,0.023447012997833763
8,220096_at,0.09649211047587403
8,220123_at,-0.04415897787352823
8,220126_at,0.006026010786255876
8,220140_s_at,-0.03675875341941728
8,220238_s_at,0.0895734968603884
8,220281_at,0.09637854901454204
8,220333_at,0.008804046682207807
8,220366_at,0.04384624899892716
8,220396_at,-0.1198245506684797
8,220431_at,0.09377739176947412
8,220470_at,-0.03512730103775978
8,220490_at,-0.003966501370401413
8,220493_at,0.08562914411816641
8,220495_s_at,-0.06263993585854508
8,220497_at,-0.09297496451672993
8,220500_s_at,0.009126096054395221
8,220507_s_at,-0.03291110670473252
8,220638_s_at,-0.08326323999120376
8,220695_at,0.084382235435522
8,220736_at,-0.0006048896806312721
8,220769_s_at,-0.019226523245514326
8,220809_at,-0.09356864509226716
8,220811_at,-0.10592570390635243
8,220812_s_at,0.03974074307264938
8,220820_at,-0.09032996719632172
8,220830_at,-0.06458463815516183
8,220837_at,0.04303147931824395
8,220843_s_at,-0.008239738525253858
8,220848_x_at,0.03163557439592853
8,220907_at,0.08637979456337855
8,220926_s_at,-0.010351743059120688
8,220933_s_at,-0.09298929108779902
8,220935_s_at,0.016256375642657684
8,220981_x_at,-0.036932246709835824
8,221012_s_at,-0.04355600961340271
8,221031_s_at,-0.006774071490539526
8,221039_s_at,-0.004408271252929536
8,221046_s_at,0.01635697374490015
8,221070_s_at,-0.015168433680427817
8,221177_at,0.0481959916506218
8,221202_at,0.08123224862101944
8,221207_s_at,-0.027350670147681416
8,221241_s_at,0.008617322071566444
8,221363_x_at,0.028632512740046245
8,221383_at,0.15044760277113894
8,221389_at,0.014621058718652876
8,221410_x_at,0.07223215225109803
8,221424_s_at,0.08363803074956717
8,221441_at,0.12712632805414129
8,221492_s_at,0.037756873952505175
8,221508_at,0.06951612033223871
8,221566_s_at,-0.10756850804773348
8,221604_s_at,0.04913358021084912
8,221613_s_at,-0.008809172097759329
8,221622_s_at,-0.0005038100399595465
8,221633_at,-0.0037666079873919633
8,221650_s_at,-0.03822542878955174
8,221679_s_at,-0.09002159864880581
8,221736_at,-0.19031366998905272
8,221831_at,-0.07037901172949318
8,221865_at,0.06783565187040583
8,221871_s_at,0.026238876192373996
8,222012_at,-0.1176986148261435
8,222014_x_at,0.09102014660851934
8,222025_s_at,-0.05309392282358157
8,222031_at,0.026049387011094043
8,222032_s_at,0.010381529410146858
8,222076_at,-0.08870304647338155
8,222093_s_at,-0.07161210457214529
8,222098_s_at,-0.03803857971236756
8,222115_x_at,-0.12161725520738978
8,222177_s_at,-0.04259805267024211
8,222228_s_at,-0.18219789621549334
8,222262_s_at,-0.010000923257101689
8,222297_x_at,0.004070381784274451
8,222311_s_at,-0.009416422047879111
8,222325_at,0.03872165524265416
8,222332_at,-0.006349960164338201
8,222338_x_at,0.012980482624625998
8,32625_at,-0.009573715290658544
8,34868_at,0.10271726264682027
8,38290_at,-0.04275833633774219
8,47553_at,0.15228799920996466
8,56821_at,-0.132134782784182
8,59644_at,0.05748327922761743
8,64900_at,-0.007102990266980727
8,89948_at,-0.14788843079624836
8,AFFX-r2-Bs-lys-3_at,-0.10814282653520436
8,AFFX-r2-Bs-phe-3_at,0.06978856870202933
8,AFFX-r2-Bs-thr-M_s_at,0.0629442384293672
8,AFFX-ThrX-M_at,0.036510016678363774
9,1438_at,0.0010790863842954912
9,200011_s_at,-0.20498034831140496
9,200072_s_at,0.012512362811054329
9,200075_s_at,0.040416652892088206
9,200654_at,0.027872154780481394
9,200656_s_at,0.04878894040681246
9,200708_at,-0.0015982158516118822
9,200844_s_at,-0.005561568663045385
9,200845_s_at,-0.08024936358769932
9,200889_s_at,0.0030183717904636387
9,200921_s_at,0.03917037939886957
9,201144_s_at,-0.004009374167074981
9,201177_s_at,0.0497161142479201
9,201346_at,-0.009057547716873587
9,201365_at,-0.007686876256746565
9,201375_s_at,0.0038296751303622477
9,201398_s_at,-0.13242476370419035
9,201539_s_at,-0.007625472096410793
9,201563_at,-0.12614155999938048
9,201581_at,0.04371892396769807
9,201592_at,-0.021977682789477572
9,201613_s_at,-0.0017724027860677857
9,201779_s_at,0.1574810652166959
9,201780_s_at,0.09858905791043074
9,201802_at,0.11396384552211924
9,201832_s_at,-0.04407309266313673
9,201936_s_at,-0.020242685867813262
9,202031_s_at,0.024239430494826915
9,202063_s_at,0.011044160989071952
9,202156_s_at,-0.06251299726481446
9,202279_at,0.05097961952630349
9,202290_at,-0.06999211510774514
9,202359_s_at,-0.03242010055314338
9,202487_s_at,0.0009456128460287906
9,202583_s_at,0.051436821395862954
9,202603_at,-0.0503643020376426
9,202636_at,-0.002450820245402406
9,202652_at,-0.08379871126182378
9,202680_at,0.0016519068817147054
9,202696_at,0.004106408736629655
9,202717_s_at,0.018198185782319843
9,202811_at,-0.031167131475166913
9,202864_s_at,0.12334109101174447
9,202922_at,-0.01693457020056828
9,202944_at,-0.08237859433743368
9,202956_at,-0.20743116864541072
9,202964_s_at,-0.0007836601529976062
9,203001_s_at,-0.13932219319892075
9,203004_s_at,-0.10253650446933701
9,203038_at,0.08218003911244508
9,203062_s_at,0.0036509251196447886
9,203130_s_at,-0.010385320636777676
9,203303_at,-0.05303199850504872
9,203314_at,-0.04014532857073576
9,203375_s_at,0.11373860801094603
9,203398_s_at,0.0035486416247850873
9,203456_at,-0.13852323746271736
9,203519_s_at,-0.03187919274936303
9,203537_at,-0.016087267424954716
9,203570_at,-0.02560141985281956
9,203611_at,-0.163151243035519
9,203613_s_at,0.12406549032597952
9,203660_s_at,0.02145316289893189
9,203692_s_at,0.004229684006978718
9,203698_s_at,-0.0011364455491722682
9,203731_s_at,-0.016474285117206652
9,203736_s_at,-0.03519745853717948
9,203778_at,-0.24587652213162126
9,203780_at,0.1258559566808481
9,203806_s_at,0.039392435063945574
9,203815_at,0.06565953179177086
9,203835_at,-0.02652023393543256
9,203860_at,0.0674543557599181
9,203862_s_at,-0.089759994417416
9,203870_at,0.0023459713228224308
9,203872_at,-0.0666296813199808
9,203879_at,-0.00030771126572919083
9,203910_at,-0.0373516839470069
9,203916_at,-0.2780635811709822
9,203930_s_at,-0.01689791602886825
9,203955_at,0.0189866339044061
9,203977_at,-0.028181646259132814
9,204001_at,0.2647418468078719
9,204012_s_at,-0.3510048933361801
9,204096_s_at,-0.12049595718785144
9,204101_at,-0.005293674520338411
9,204210_s_at,-0.01653263868757204
9,204246_s_at,0.04945074505702248
9,204317_at,0.07859077848812486
9,204351_at,-0.1443596029969013
9,204400_at,0.0035693120388692514
9,204481_at,0.003128487161879804
9,204499_at,-0.03081931156459967
9,204535_s_at,-0.003947158665436247
9,204544_at,0.11364451488437254
9,204553_x_at,-0.1107332867077837
9,204568_at,-0.16656868548096787
9,204578_at,-0.00737928140782521
9,204585_s_at,-0.009121584117466013
9,204589_at,-0.0020692416689392706
9,204687_at,-0.07780584748957396
9,204707_s_at,0.04339674151399959
9,204714_s_at,-0.002616528574348062
9,204726_at,0.006144220875647157
9,204736_s_at,-0.15662853642390837
9,204764_at,0.21588550291078376
9,204775_at,0.05741239654473952
9,204802_at,-0.10741030304053145
9,204825_at,0.0058097230102394275
9,204830_x_at,-0.0176505157999872
9,204851_s_at,0.007676043943930835
9,204914_s_at,0.004887739669009362
9,204945_at,0.04608376289174704
9,204958_at,0.13481079263611134
9,204965_at,-0.01782568900327512
9,205001_s_at,0.016114460456499568
9,205042_at,0.06879147945360561
9,205163_at,-0.2820476920385657
9,205167_s_at,0.03994141539671126
9,205217_at,0.19385227491056606
9,205234_at,-0.0326709429436108
9,205244_s_at,-0.011391918496439484
9,205298_s_at,0.06697236644374382
9,205301_s_at,0.10006399427850593
9,205347_s_at,0.23980250657165364
9,205368_at,0.07007682994425803
9,205379_at,0.010214260017025741
9,205424_at,-0.05115256149030904
9,205430_at,0.0012873157505398243
9,205445_at,-0.04752458438086036
9,205473_at,0.010874564299850238
9,205501_at,-0.1281743549606053
9,205538_at,-0.040888291181150976
9,205585_at,0.0059200188831030134
9,205683_x_at,-0.01976651935359442
9,205695_at,-0.08358082228971975
9,205699_at,-0.008552773096321865
9,205703_at,0.022668744705173823
9,205751_at,-0.09145799390693198
9,205774_at,-0.09060633754815203
9,205783_at,-0.016331766317243486
9,205826_at,-0.06269939284890806
9,205833_s_at,0.047452173114171936
9,205868_s_at,-0.07439308459556498
9,205878_at,-0.005759170177694058
9,205910_s_at,0.023081544675562952
9,205963_s_at,-0.11552939295055979
9,205992_s_at,-0.08556323878584113
9,206065_s_at,0.20222534352974847
9,206075_s_at,-0.21397604815675314
9,206085_s_at,0.007666437557427486
9,206108_s_at,-0.027791912484419937
9,206140_at,0.0447838591522498
9,206142_at,0.12772347480541316
9,206172_at,0.01758909852487545
9,206189_at,0.21867181197617358
9,206190_at,-0.00978711111106561
9,206194_at,-0.0012636969569486938
9,206245_s_at,0.037281559554865826
9,206265_s_at,0.07717987050729215
9,206278_at,0.034622529223934446
9,206279_at,0.009359042512923773
9,206312_at,-0.13054300432103774
9,206315_at,0.04842456447309728
9,206340_at,0.20240492419501707
9,206367_at,-0.09661245023071507
9,206373_at,0.25133524735560253
9,206393_at,0.03964261927388861
9,206415_at,-0.0388576709651238
9,206419_at,-0.03069309016268866
9,206433_s_at,-0.11004232678149746
9,206444_at,-0.00836141837610194
9,206458_s_at,0.009759108690462155
9,206459_s_at,-0.16900891856633446
9,206462_s_at,0.011545061056386672
9,206466_at,-0.0805591082431807
9,206479_at,0.017467553349652158
9,206487_at,0.09071240195838484
9,206506_s_at,-0.012182144966242864
9,206526_at,0.007831325326826831
9,206540_at,-0.0013105259018205539
9,206603_at,0.07392718431060569
9,206623_at,0.08471736794687759
9,206664_at,-0.0150164070635949
9,206694_at,0.00010797403051112948
9,206830_at,-0.10994169989833935
9,206864_s_at,-0.02476225271498256
9,206865_at,-0.004755840030811542
9,206886_x_at,-0.12335865006134863
9,206918_s_at,-0.1001901472586511
9,206922_at,0.006333654865907061
9,206952_at,-0.12226747746713579
9,206957_at,0.04379095324850006
9,206971_at,-0.08077339824950233
9,206977_at,-0.0311905368047733
9,207015_s_at,-0.1359019993278207
9,207039_at,0.05390310061330467
9,207073_at,-0.17207523476186373
9,207134_x_at,-0.08208136777649355
9,207237_at,-0.01716787989192327
9,207240_s_at,-0.013496617761981288
9,207252_at,0.044789947307058715
9,207337_at,0.012253140775825858
9,207379_at,-0.03816620646928623
9,207385_at,0.027714800003772303
9,207387_s_at,0.010103897356560776
9,207430_s_at,-0.008671816176700051
9,207437_at,-0.008529451052154972
9,207443_at,-0.05745840164193469
9,207454_at,0.22784794995296792
9,207456_at,-0.14259429152656483
9,207481_at,-0.12765983675060982
9,207516_at,0.012178278091058793
9,207586_at,0.005488397129814839
9,207611_at,-0.031732470589219616
9,207692_s_at,0.0816832123764667
9,207695_s_at,0.19697058556687347
9,207696_at,0.008733243813063372
9,207707_s_at,0.1875823310415264
9,207741_x_at,-0.021711942408777603
9,207754_at,0.052734038628860856
9,207757_at,-0.021641014889830765
9,207906_at,-0.0019144192424937986
9,207909_x_at,-0.02578131118553411
9,207981_s_at,0.1190453677968403
9,208022_s_at,0.2433736407882211
9,208024_s_at,0.00819377242065333
9,208056_s_at,-0.059574361225709555
9,208057_s_at,0.011509076265011423
9,208107_s_at,0.0002869711407529364
9,208130_s_at,-0.048525003074803744
9,208163_s_at,0.015768716392530618
9,208165_s_at,0.18220956395736093
9,208203_x_at,0.011394247255727857
9,208215_x_at,-0.04332111723284587
9,208275_x_at,-0.0012176391611144165
9,208288_at,-0.017021967045588268
9,208338_at,0.007771913017334204
9,208346_at,-0.01074774492501782
9,208352_x_at,-0.0053757889003996015
9,208363_s_at,-0.17174241715888047
9,208375_at,-0.043324450252388375
9,208475_at,-0.010493366614058044
9,208495_at,-0.0180504766075228
9,208549_x_at,0.18500669576849652
9,208556_at,-0.06900049280772783
9,208564_at,-0.05217510933693508
9,208641_s_at,0.08968900384705106
9,208731_at,-0.18861489306374127
9,208732_at,-0.10760913621921955
9,208734_x_at,-0.03907733395383888
9,208800_at,0.03424799819138475
9,208807_s_at,-0.010462109641860175
9,208818_s_at,0.14168827389634853
9,208827_at,0.030143364251789134
9,208854_s_at,0.16683181408115758
9,208908_s_at,-0.0541319551959452
9,208921_s_at,-0.1051037946779814
9,208926_at,0.003666990837633911
9,208970_s_at,-0.005809775042103961
9,208993_s_at,0.013630397254324956
9,208998_at,-0.01494066305350999
9,209035_at,0.022817317777114002
9,209050_s_at,0.26005807501657763
9,209051_s_at,0.019995000769463943
9,209060_x_at,0.002732621366011511
9,209070_s_at,-0.02417386956163135
9,209122_at,0.008073728530036607
9,209198_s_at,-0.023538416814202084
9,209309_at,0.019427333417082318
9,209327_s_at,-0.014537832258486878
9,209338_at,-0.08251678084755477
9,209386_at,0.019280897305138094
9,209480_at,-0.01737585983130369
9,209498_at,0.0019133424903304782
9,209507_at,0.061602410609518
9,209575_at,0.007004667806945177
9,209597_s_at,-0.03130115888566577
9,209601_at,-0.0070009193388784596
9,209644_x_at,0.1042056391366152
9,209658_at,0.0007626186856968704
9,209678_s_at,0.010636698528033197
9,209686_at,0.09409503479197724
9,209704_at,-0.004900887823881863
9,209739_s_at,-0.0130434923990722
9,209758_s_at,-0.01899699017804228
9,209818_s_at,-0.05248976926609149
9,209832_s_at,0.0025097522758685924
9,209838_at,-0.04691984075714682
9,209972_s_at,0.017120201376340426
9,209989_at,0.042675989137640404
9,210016_at,0.05902666532775975
9,210025_s_at,-0.002068817802077565
9,210084_x_at,-0.18359772611880104
9,210097_s_at,0.04279046623375607
9,210107_at,-0.0004249853927583442
9,210118_s_at,0.06314702245205533
9,210119_at,0.01355142638401379
9,210128_s_at,0.04166655165286656
9,210161_at,-0.0095932653683789
9,210173_at,-0.0035688306494834738
9,210179_at,0.015004793705502062
9,210196_s_at,-0.09173094878479132
9,210218_s_at,0.035080781439049094
9,210298_x_at,-0.0034071158254682155
9,210377_at,0.17954617258475417
9,210392_x_at,-0.1033393884802869
9,210425_x_at,-0.03339147388234969
9,210429_at,0.03832145733503249
9,210454_s_at,-0.12434490863725338
9,210491_at,-0.003477658490498649
9,210521_s_at,-0.000130641275762883
9,210535_at,-0.011610500004915307
9,210550_s_at,-0.06637849892086135
9,210578_at,-0.013037130450921891
9,210637_at,-0.03838642069528469
9,210639_s_at,0.003600093145599933
9,210654_at,-0.018181044306007803
9,210661_at,0.05159883339029349
9,210669_at,-0.052152168234678956
9,210678_s_at,0.17678376201973953
9,210689_at,-0.08996971448828053
9,210709_at,-0.03643414479746701
9,210771_at,0.1023471267606118
9,210832_x_at,-0.039358980328076554
9,210870_s_at,0.027685854818937802
9,210889_s_at,-0.002991975357991816
9,210907_s_at,0.03973056393291216
9,211055_s_at,-0.03478623128219774
9,211086_x_at,-0.07622037614990132
9,211103_at,-0.010169347090210864
9,211165_x_at,0.019439114194885542
9,211219_s_at,0.02341081124569542
9,211261_at,0.005152380037352199
9,211276_at,0.008705719707110295
9,211359_s_at,-0.014703522497926173
9,211399_at,0.0010404704951054989
9,211425_x_at,-0.02487849228680051
9,211466_at,0.011482395685262449
9,211471_s_at,0.018425380097713794
9,211492_s_at,-0.04682214606182894
9,211522_s_at,-0.013378307854097361
9,211523_at,0.024973322341230612
9,211613_s_at,0.014100741500817119
9,211620_x_at,0.2354945590275656
9,211627_x_at,-0.14020772678441942
9,211728_s_at,-0.010502308247280497
9,211798_x_at,0.021235365539205416
9,211825_s_at,-0.086384234999491
9,211837_s_at,-0.026916765136076243
9,211845_at,-0.0746525150456763
9,211869_at,0.013254847428902594
9,211901_s_at,-0.16158204245485908
9,211920_at,-0.019474786564929607
9,211924_s_at,0.017148763198398205
9,212020_s_at,0.007959009522653064
9,212088_at,0.04207677103572006
9,212102_s_at,-0.052267001377194124
9,212135_s_at,-0.02519789428062614
9,212136_at,-0.029227417720549206
9,212148_at,-0.002703245293549083
9,212199_at,-0.02680718780219821
9,212257_s_at,0.1192553923920817
9,212286_at,0.03278552874744787
9,212287_at,0.005834576200289702
9,212294_at,-0.04244791803871208
9,212315_s_at,0.0033467620152130644
9,212317_at,-0.013335014945357312
9,212330_at,0.00823826222161342
9,212366_at,0.0006824371649688976
9,212431_at,-0.40748695378763616
9,212466_at,0.0119359061052472
9,212497_at,-0.023978213969789462
9,212583_at,-0.023964454029004767
9,212584_at,-0.04669247236337185
9,212682_s_at,0.1368917247249714
9,212711_at,0.07828582554727469
9,212757_s_at,-0.06229901984027397
9,212764_at,-0.036922547201583174
9,212799_at,-0.053704022187950326
9,212909_at,-0.005693410722872817
9,213019_at,0.034061368238320316
9,213029_at,0.013164219806472376
9,213091_at,-0.019175884126854142
9,213137_s_at,0.03126171920286084
9,213148_at,0.13036944427697203
9,213173_at,-0.041605747442568286
9,213191_at,-0.010751895355969085
9,213203_at,-0.008573517269052124
9,213233_s_at,0.10498528019576953
9,213300_at,0.03928755446508235
9,213305_s_at,0.014881152025147771
9,213339_at,0.09817579985487765
9,213345_at,-0.012663091354541373
9,213407_at,-0.08770716664917028
9,213448_at,0.038803522466299936
9,213462_at,-0.07925891633795293
9,213724_s_at,-0.010870289565755697
9,213734_at,0.022872516203249853
9,213757_at,0.007947510519771595
9,213769_at,-0.0585963421669425
9,213803_at,0.044597681184986915
9,213808_at,-0.07675390138479712
9,213834_at,-0.062159148540079055
9,213838_at,0.13601209307523338
9,214064_at,0.015333878365129614
9,214076_at,-0.1698955516612268
9,214130_s_at,-0.005033948007111922
9,214169_at,-0.0020852319916743554
9,214230_at,0.03464106513177942
9,214231_s_at,-0.20668833804007594
9,214275_at,0.00809606293133849
9,214279_s_at,0.07802005387176267
9,214344_at,0.026670435945534098
9,214353_at,0.2196565587382202
9,214400_at,-0.0789208641028545
9,214428_x_at,-0.02654939270072089
9,214431_at,0.016536071616202616
9,214444_s_at,-0.02419349450854099
9,214519_s_at,-0.0338485409779144
9,214571_at,0.05033243571283498
9,214577_at,-0.053093854258413675
9,214652_at,0.06844651307997743
9,214723_x_at,0.07964702795068107
9,214735_at,-0.01890262912138374
9,214745_at,0.08080246369900385
9,214746_s_at,-0.03177863571330705
9,214832_at,-0.26413818262222527
9,214908_s_at,-0.01670171881029547
9,214914_at,0.0067918617419077815
9,214960_at,0.12620345213552514
9,215080_s_at,0.05028528629247776
9,215099_s_at,0.002775097666264626
9,215120_s_at,0.07670579538984705
9,215161_at,0.0474661173478912
9,215172_at,-0.13410906406372441
9,215181_at,-0.0026889537657155175
9,215188_at,0.10076714043208793
9,215189_at,0.028993393316759125
9,215212_at,0.025716890085994475
9,215216_at,0.167054193465258
9,215229_at,0.003468134888694966
9,215233_at,0.1231835121994149
9,215239_x_at,0.05386764405995731
9,215302_at,0.04786264639536852
9,215319_at,0.15411942269837062
9,215328_at,0.016439535464453675
9,215339_at,0.14166032283614627
9,215348_at,-0.07047321951751602
9,215442_s_at,0.039564572112230814
9,215461_at,0.005908587262031239
9,215481_s_at,-0.03936922149326996
9,215495_s_at,-0.03179656171582983
9,215574_at,0.0745877113971252
9,215593_at,-0.005707610692873143
9,215621_s_at,-0.03714565895539368
9,215626_at,-0.0012969120110579466
9,215663_at,-0.10106190769578165
9,215674_at,-0.05530879726548221
9,215679_at,0.03738374607945896
9,215695_s_at,0.022035827146217022
9,215712_s_at,-0.0951513847502955
9,215722_s_at,0.05638978206710118
9,215724_at,0.014896299376474461
9,215746_at,-0.0792184050832328
9,215799_at,0.0180014894154771
9,215825_at,-0.15978997465912248
9,215860_at,0.021594802378190666
9,215863_at,0.054032199115524
9,215900_at,0.08904587318298027
9,215943_at,-0.0280261268079056
9,215957_at,-0.05449931002534072
9,215969_at,-0.09844980939801871
9,215981_at,-0.12237745285143882
9,216014_s_at,-0.03331156720349698
9,216020_at,0.017684046040740503
9,216075_at,0.03925370909439362
9,216078_at,-0.05349135621040784
9,216140_at,0.06641992398357133
9,216167_at,-0.1702295798409663
9,216201_at,-0.0033588043926489125
9,216214_at,-0.06717749132539272
9,216239_at,-0.015815408067980152
9,216281_at,-0.12347132840632713
9,216284_at,0.053522929940961986
9,216313_at,0.11727996131613704
9,216328_at,-0.06139102996480459
9,216353_s_at,0.0505869708481865
9,216370_s_at,0.19084466887491064
9,216425_at,0.020867885955323053
9,216489_at,-0.03973419571589543
9,216504_s_at,-0.028701067766406404
9,216567_at,0.10464081098510432
9,216618_at,0.040686351715322124
9,216652_s_at,-0.0722043230846455
9,216664_at,-0.008266096743821299
9,216667_at,0.04112814771722409
9,216703_at,-0.013638609041625435
9,216738_at,-0.0321416454173316
9,216740_at,-0.1711413629242995
9,216752_at,-0.01821771195910018
9,216768_x_at,0.07920342404597072
9,216770_at,-0.030948036213987125
9,216786_at,0.09606427773547165
9,216831_s_at,0.03358730292328182
9,216896_at,-0.01302221201323072
9,216926_s_at,0.07237483316442564
9,216941_s_at,-0.017785671737414084
9,216958_s_at,-0.0035332884114894665
9,216995_x_at,-0.016953149706832517
9,217039_x_at,0.059126022460665506
9,217083_at,0.12074135050583737
9,217094_s_at,-0.029163629228629577
9,217124_at,0.026914036793045246
9,217160_at,0.03747633616563013
9,217175_at,-0.024369284348698162
9,217199_s_at,-0.030486005921631802
9,217254_s_at,-0.14867815564427217
9,217296_at,0.04470480764216674
9,217328_at,-0.05475324333758033
9,217340_at,0.10680627628348367
9,217344_at,0.04375930223321374
9,217352_at,0.2138304935378535
9,217358_at,0.000854212570806985
9,217363_x_at,-0.0036665015104097544
9,217380_s_at,-0.08663790268416603
9,217389_s_at,0.025756562838778748
9,217416_x_at,-0.16828183202328453
9,217417_at,0.004116651802347337
9,217426_at,-0.0011245081836338093
9,217447_at,0.07030028187000131
9,217498_at,0.03694145398659737
9,217584_at,-0.08054864790902119
9,217609_at,-0.028379334239101675
9,217629_at,-0.03311089392499426
9,217640_x_at,0.007986563568867011
9,217667_at,0.09075089349478545
9,217695_x_at,-0.0278043107802963
9,217706_at,0.006115993445767586
9,217744_s_at,0.017346621144640556
9,217793_at,0.029419814172353335
9,217805_at,0.013652978228435577
9,217814_at,0.016405345158906213
9,217839_at,2.2844777411509463e-06
9,217911_s_at,-0.0018910183559083873
9,217918_at,-0.013662689842297914
9,217949_s_at,0.0187761036408028
9,217987_at,0.009445934686899624
9,217996_at,0.13032601915967856
9,218002_s_at,-0.011766624629253186
9,218029_at,-0.00048455362517674586
9,218031_s_at,-0.030524337457315066
9,218044_x_at,-0.015177192218538998
9,218185_s_at,-0.08607270518902235
9,218240_at,0.03825222317390505
9,218266_s_at,0.0048217638506177895
9,218274_s_at,0.0331591776428498
9,218315_s_at,-0.03358616252419069
9,218337_at,0.02688538092909294
9,218347_at,0.10360615351148786
9,218350_s_at,0.0014324731051377493
9,218358_at,0.019078378407612385
9,218375_at,-0.019536330966026798
9,218390_s_at,-0.033987021145561985
9,218399_s_at,0.047642572750929285
9,218435_at,-0.03460901459528693
9,218439_s_at,-0.05916711300848457
9,218489_s_at,-0.0854529389487794
9,218528_s_at,0.0008921413140877438
9,218555_at,0.032233494925871985
9,218604_at,-0.01664366995678318
9,218607_s_at,-0.10424305870908024
9,218651_s_at,-0.04497581758146291
9,218657_at,0.1304806014524102
9,218673_s_at,0.034179462216390066
9,218709_s_at,-0.07665771423164766
9,218725_at,-0.03415580490688225
9,218730_s_at,-0.09427457561865939
9,218739_at,0.08157079363165103
9,218761_at,-0.03642507053215958
9,218863_s_at,-0.06953910514112512
9,218902_at,0.1559071975154788
9,218905_at,-0.1599892405502279
9,218956_s_at,-0.1538912399061584
9,219005_at,0.16777798219291604
9,219046_s_at,-0.03113186668702713
9,219051_x_at,-0.13398004417507703
9,219093_at,-0.04188426862156241
9,219095_at,-0.03143688916842516
9,219126_at,0.005669080093920781
9,219185_at,0.08602704382299006
9,219215_s_at,-0.005690222284341262
9,219230_at,0.09719710156484715
9,219255_x_at,0.07648076475892492
9,219276_x_at,0.02859574971006006
9,219284_at,-0.1676148741317616
9,219305_x_at,-0.18677928110842537
9,219427_at,0.0004417687132873107
9,219443_at,0.05549900276493938
9,219512_at,0.043426363735770426
9,219539_at,-0.08590594610414896
9,219609_at,-0.005211794676501645
9,219683_at,0.02876966790108835
9,219719_at,0.10556083423247087
9,219726_at,0.11754700243044336
9,219730_at,-0.14598146205887513
9,219787_s_at,0.004879573151963306
9,219805_at,-0.016570874937040507
9,219841_at,-0.12264730410475469
9,219850_s_at,0.04776580241980374
9,219866_at,0.016608612839754497
9,219951_s_at,-0.0582616908330237
9,219967_at,0.011483406747583014
9,219987_at,-0.03406592090972288
9,220024_s_at,-0.00261820583642201
9,220077_at,-0.08554160305521565
9,220108_at,-0.1067997440940685
9,220123_at,-0.1732805916072609
9,220126_at,0.06800881717500977
9,220140_s_at,-0.049436733662972424
9,220217_x_at,0.040226980494115716
9,220238_s_at,0.22816305199965528
9,220242_x_at,0.04203525417806669
9,220246_at,-0.024411793879692157
9,220281_at,0.16007257222077398
9,220285_at,-0.01384743739659772
9,220307_at,-0.008117945023753483
9,220396_at,-0.10573734579431839
9,220438_at,-0.010651729112673975
9,220457_at,-0.05582737130955934
9,220470_at,-0.08275924348932734
9,220497_at,-0.09341814702115173
9,220507_s_at,-0.2396796988728149
9,220553_s_at,-0.029258459714530293
9,220570_at,0.048984738626710246
9,220695_at,0.05168158531756953
9,220768_s_at,-0.03555368320350812
9,220769_s_at,-0.35393904309143587
9,220809_at,-0.055722576770181345
9,220811_at,-0.06957052047014603
9,220817_at,0.030089882342253828
9,220820_at,-0.16724082841260537
9,220830_at,-0.10525247540487856
9,220837_at,0.1684168404356523
9,220850_at,0.030466668873394186
9,220884_at,-0.03235841130431296
9,220896_at,0.05883292880533614
9,220907_at,0.5277853786815982
9,220933_s_at,-0.0037532541329361752
9,220935_s_at,0.04302411071027439
9,221022_s_at,-0.04523317038333652
9,221046_s_at,0.0048736388797374665
9,221051_s_at,-0.00975773455990801
9,221068_at,0.007548632440193118
9,221070_s_at,-0.03749805190880692
9,221163_s_at,-0.03777497512229046
9,221190_s_at,0.03480088860074803
9,221201_s_at,0.1181476590551529
9,221202_at,0.008881376692220319
9,221207_s_at,-0.05952261298434561
9,221225_at,0.06790763361467847
9,221259_s_at,-0.010911720833467899
9,221363_x_at,0.17391094191076445
9,221383_at,0.2141987578096212
9,221384_at,-0.07556614753237284
9,221389_at,0.09068677199935583
9,221410_x_at,0.028865132704130957
9,221424_s_at,0.02361473509101538
9,221441_at,0.11782646604714204
9,221492_s_at,0.004958207877531012
9,221524_s_at,0.03377378179294848
9,221613_s_at,-0.0808341931853548
9,221622_s_at,-0.07858053449706723
9,221650_s_at,-0.3024149089857927
9,221736_at,-0.022304443974886123
9,221851_at,0.008087503968399534
9,221973_at,0.008584210919386714
9,221991_at,0.05639606673150525
9,222014_x_at,0.015573717955980131
9,222031_at,0.028690019579136864
9,222076_at,-0.06815155407562992
9,222091_at,-0.05890453133460696
9,222096_x_at,-0.11541095341153737
9,222115_x_at,-0.015131675644044822
9,222153_at,-0.04223233290072571
9,222184_at,-0.1790470255407009
9,222205_x_at,-0.04292238448662564
9,222228_s_at,-0.08393767395217294
9,222287_at,-0.0032044463772934267
9,222312_s_at,-0.022106337266350033
9,222315_at,-0.021618422940624854
9,34868_at,0.06158877465083936
9,38290_at,-0.01705743511514113
9,47553_at,0.15174005481062308
9,64488_at,-0.045904284632795826
9,64900_at,-0.20889551804629164
9,89948_at,-0.18833116010771098
9,AFFX-r2-Bs-lys-3_at,-0.10783976393252917
9,AFFX-r2-Bs-phe-3_at,0.15264851076927843
9,AFFX-r2-Bs-thr-M_s_at,0.10726878951671798
10,201613_s_at,-0.04473240020187124
10,201779_s_at,0.05221136389075728
10,202063_s_at,0.025360334318883265
10,203001_s_at,-0.016505326192582985
10,203038_at,0.0025505167419635445
10,203456_at,-0.1064562061417168
10,203538_at,-0.08540878348757608
10,203613_s_at,0.008377600577156178
10,203692_s_at,0.01809252247865134
10,203860_at,0.014297493586495864
10,203955_at,0.0018631834344757557
10,204009_s_at,-0.0038335362970294455
10,204012_s_at,-0.27391753475883746
10,204400_at,0.03640911639832996
10,204751_x_at,0.006983147709088776
10,204764_at,0.02182813091143971
10,204775_at,0.19065507644371651
10,205163_at,-0.17202126365899972
10,205424_at,-0.012595858796397635
10,205963_s_at,-0.010164805267645533
10,205992_s_at,-0.040581998397873374
10,206065_s_at,0.035762401541169636
10,206075_s_at,-0.026864604379621584
10,206194_at,-0.04923691420985322
10,206373_at,0.19086208297281732
10,206830_at,-0.0214823394608273
10,206952_at,-0.0259277505501787
10,207015_s_at,-0.05426785462764213
10,207481_at,-0.09782252153219446
10,207695_s_at,0.038247035383335154
10,207707_s_at,0.010823890569814469
10,208022_s_at,0.05719031475155008
10,208375_at,-0.05265084439820932
10,208504_x_at,0.04114736944863153
10,208549_x_at,0.007180551653473043
10,208854_s_at,0.11956392602308377
10,208908_s_at,-0.00041559813307056866
10,209035_at,0.03853668399584037
10,209051_s_at,0.04538061272872962
10,209122_at,0.018166037368379892
10,209644_x_at,0.10458654688094358
10,210084_x_at,-0.1585484595708223
10,210196_s_at,-0.05978062080816813
10,210400_at,0.02691243009892667
10,210456_at,-0.04132692032437971
10,211425_x_at,-0.08497892785875631
10,211534_x_at,-0.021685999281214452
10,211620_x_at,0.07366807405080308
10,212221_x_at,-0.05794144137733356
10,212315_s_at,0.047850500406728315
10,212431_at,-0.18719508109759805
10,212682_s_at,0.008041913054190494
10,212799_at,-0.024079761242314174
10,213029_at,0.0356094803236323
10,214231_s_at,-0.1419663056214537
10,214746_s_at,-0.08201440974632652
10,214960_at,0.10525369429417294
10,215172_at,-0.0604173618349594
10,215233_at,0.20789960270311686
10,215943_at,-0.010183269504010575
10,216167_at,-0.0114093641195751
10,216284_at,0.020456016500683096
10,216313_at,0.14270525065034062
10,216685_s_at,0.07896104159276203
10,216740_at,-0.028164594737499563
10,217145_at,-0.005589478343224202
10,217363_x_at,-0.04729890578969008
10,217447_at,0.005482273881212154
10,217996_at,0.08913445568254864
10,218350_s_at,0.016928048768336153
10,218651_s_at,-0.07245199399250564
10,218905_at,-0.1241282323163452
10,219051_x_at,-0.27436052367292024
10,219185_at,0.05957098845323931
10,219284_at,-0.010158663685008631
10,219730_at,-0.12870852156822168
10,219860_at,-0.04087724421643168
10,220295_x_at,0.05350436250173811
10,220396_at,-0.04639042532931628
10,220820_at,-0.07132541080395617
10,221207_s_at,-0.00818739213543814
10,221441_at,0.030752785977508808
10,221452_s_at,0.02021982234467851
10,222312_s_at,-0.020175846271771856
10,34868_at,0.06848506173109278
10,89948_at,-0.044017283020164596
10,AFFX-r2-Bs-lys-3_at,-0.09456818437667011
